eval/return/gp4l2ivh,eval/return/ge9g52nx,eval/return/um3l84rh,eval/return/q35027ir,eval/return/9codo7mc,eval/return/2xdqeiot,eval/return/a2f5wdsv,eval/return/7jpwvc9p,eval/return/tpu3uqm6,eval/return/k25p0bd2,step,wallclock
668.805908203125,36.48222351074219,757.6129760742188,504.6227722167969,621.97998046875,-440.53515625,-197.72808837890625,605.365234375,338.2259216308594,-8.995594024658203,1.0,0.0
44.28783416748047,-2.8922019004821777,-138.9481658935547,-25.19721031188965,-53.05636215209961,-198.25009155273438,-23.185558319091797,-20.120445251464844,-260.24853515625,-76.71257781982422,16666.0,0.0031053166077092843
102.78809356689453,-0.7848129868507385,-66.97265625,52.456146240234375,104.94745635986328,225.58547973632812,205.0493927001953,48.298194885253906,28.50090217590332,678.9790649414062,33332.0,0.0062106332154185685
673.6869506835938,67.99923706054688,54.04536437988281,671.2001342773438,552.97509765625,702.68017578125,352.3472595214844,640.9168701171875,748.650634765625,19.535694122314453,49998.0,0.009315949823127853
254.88038635253906,749.2047119140625,155.41387939453125,36.18783950805664,152.85269165039062,866.7393188476562,299.3007507324219,652.6395874023438,135.99127197265625,787.6636962890625,66664.0,0.012421266430837137
228.4383544921875,845.931884765625,682.9520263671875,27.872554779052734,820.7963256835938,37.13653564453125,717.0347290039062,293.6669616699219,375.35369873046875,805.0189208984375,83330.0,0.015526583038546421
957.9033813476562,435.8558044433594,286.315673828125,1053.73681640625,626.4674682617188,1601.4696044921875,66.5257568359375,65.70303344726562,1211.2884521484375,1167.2113037109375,99996.0,0.018631899646255706
27.20500946044922,1501.4677734375,868.3574829101562,632.4993896484375,239.43748474121094,205.3885955810547,43.05239486694336,1901.9215087890625,821.1632690429688,1093.9947509765625,116662.0,0.02173721625396499
952.1436767578125,3012.6328125,1236.5206298828125,949.691162109375,904.9110717773438,612.0221557617188,1054.4876708984375,393.76116943359375,632.7578735351562,298.9856262207031,133328.0,0.024842532861674274
2141.861083984375,588.5189208984375,2202.062744140625,1213.6314697265625,900.7649536132812,2931.2275390625,87.73261260986328,319.8216247558594,1331.248779296875,324.0892028808594,149994.0,0.027947849469383557
951.0995483398438,4192.150390625,2762.0595703125,1356.574951171875,256.74395751953125,3296.544677734375,2208.5078125,2671.163330078125,252.45481872558594,99.9510726928711,166660.0,0.031053166077092843
906.1948852539062,346.853759765625,2595.240234375,1789.3907470703125,2268.751953125,1238.4207763671875,396.7903747558594,853.4191284179688,815.0632934570312,119.4469223022461,183326.0,0.03415848268480213
1796.1131591796875,3696.013671875,1190.91455078125,808.4472045898438,2129.1123046875,3735.6953125,2243.918212890625,3882.840087890625,818.4107055664062,2659.972900390625,199992.0,0.03726379929251141
629.3609619140625,4491.68212890625,2910.8017578125,1977.5848388671875,1158.7274169921875,4186.3837890625,827.7384643554688,4254.3046875,3413.079345703125,3046.290771484375,216658.0,0.040369115900220694
1463.1368408203125,4837.2431640625,4139.95556640625,1381.8751220703125,1949.8966064453125,4394.86328125,1165.689697265625,3552.575439453125,3623.072509765625,3146.4775390625,233324.0,0.04347443250792998
3309.24951171875,1697.008544921875,2305.512939453125,867.7863159179688,152.44956970214844,4769.88134765625,1162.968505859375,358.19061279296875,2232.22607421875,3562.69921875,249990.0,0.046579749115639266
4088.268798828125,5370.62109375,4184.27490234375,4724.63427734375,3101.263916015625,4767.359375,1835.1202392578125,4791.03125,4260.53564453125,914.7041015625,266656.0,0.04968506572334855
3673.7021484375,4919.9072265625,4546.748046875,4589.21533203125,3659.09375,273.6887512207031,1706.09619140625,4605.8310546875,4378.1943359375,4094.053466796875,283322.0,0.05279038233105783
4466.79345703125,5551.1904296875,1037.3270263671875,4555.72119140625,886.0460815429688,4746.42724609375,2973.47607421875,2280.115966796875,4748.57763671875,4079.0859375,299988.0,0.05589569893876711
4449.19677734375,5420.13427734375,4543.86962890625,3593.078857421875,4409.56689453125,4994.01416015625,956.04736328125,5247.79736328125,4926.2724609375,4109.7744140625,316654.0,0.0590010155464764
2241.815185546875,5453.001953125,4873.32958984375,4678.49267578125,4253.7060546875,4574.7119140625,2152.657470703125,5005.40673828125,5241.3515625,4563.9599609375,333320.0,0.062106332154185685
1055.3975830078125,5552.44091796875,5324.21240234375,5096.994140625,4363.11767578125,4910.49560546875,1879.40576171875,4906.49169921875,-584.57080078125,1538.55078125,349986.0,0.06521164876189497
5282.65380859375,5670.52783203125,34.52693557739258,56.569366455078125,-747.305419921875,107.44917297363281,2955.82275390625,5240.74267578125,5211.55712890625,4462.69580078125,366652.0,0.06831696536960426
5124.76953125,5241.46630859375,4976.9765625,4932.3916015625,899.4783935546875,3723.294921875,3247.54931640625,5304.01953125,5004.09326171875,4746.93212890625,383318.0,0.07142228197731354
5290.6982421875,779.6207885742188,1898.744873046875,5241.66796875,4288.3857421875,350.2393798828125,2225.04736328125,258.9285583496094,96.51505279541016,4985.56494140625,399984.0,0.07452759858502282
5369.41455078125,5540.43798828125,-848.2437133789062,-1696.1134033203125,4863.4921875,5278.5390625,3601.7109375,5100.13134765625,5158.67333984375,5248.12744140625,416650.0,0.0776329151927321
1258.935302734375,5517.19677734375,928.032470703125,5597.57470703125,4762.3232421875,5327.93701171875,38.55356216430664,5311.03955078125,4912.6201171875,4908.67626953125,433316.0,0.08073823180044139
5630.68212890625,6028.4755859375,4708.1376953125,5720.724609375,4834.66796875,5413.048828125,3669.111572265625,5654.50439453125,5095.7236328125,5171.798828125,449982.0,0.08384354840815067
5698.875,5484.73779296875,5060.59423828125,5506.505859375,5081.33740234375,5199.92822265625,3479.55517578125,5658.7890625,5262.556640625,5261.28857421875,466648.0,0.08694886501585997
5577.41650390625,5564.953125,5177.345703125,2483.622314453125,5039.2802734375,5509.2763671875,2487.632568359375,5779.11376953125,5156.62548828125,5393.42626953125,483314.0,0.09005418162356925
5790.642578125,6041.60791015625,4525.61328125,5801.75244140625,4942.66259765625,5527.74951171875,636.1558227539062,5670.06884765625,5273.18896484375,5494.158203125,499980.0,0.09315949823127853
5633.5185546875,6054.47216796875,5391.45361328125,5464.08837890625,5393.0205078125,3439.343994140625,3648.685791015625,5783.80712890625,4992.58984375,5560.93408203125,516646.0,0.09626481483898781
5805.58447265625,5978.392578125,5431.0517578125,5405.2158203125,1382.025146484375,1357.3363037109375,3674.548095703125,5769.36376953125,5225.76123046875,5129.248046875,533312.0,0.0993701314466971
6127.634765625,6022.41748046875,5525.2060546875,5606.23681640625,5246.673828125,5197.029296875,1455.8079833984375,5933.03369140625,5514.5888671875,5377.8955078125,549978.0,0.10247544805440638
6058.3740234375,6058.58203125,5611.75390625,5745.86865234375,3514.913330078125,5781.9794921875,3643.453857421875,5829.76513671875,2537.262939453125,5552.25244140625,566644.0,0.10558076466211566
5844.08447265625,6026.68798828125,5539.14990234375,1082.0618896484375,5078.3125,5619.99560546875,3503.828125,5905.806640625,5428.67236328125,-77.33647155761719,583310.0,0.10868608126982494
5868.48486328125,668.6973266601562,5550.587890625,5942.72705078125,5506.0947265625,5778.45751953125,3843.639404296875,5907.97998046875,5614.7119140625,2554.328857421875,599976.0,0.11179139787753423
5905.43310546875,6187.7841796875,4142.69189453125,6055.96484375,5399.44384765625,5860.56640625,3616.796875,5845.8701171875,3953.02880859375,5421.66845703125,616642.0,0.11489671448524352
5927.38671875,5921.73583984375,5543.345703125,5845.40087890625,5581.0517578125,5735.32763671875,2028.161865234375,6104.03955078125,5398.29052734375,5246.73388671875,633308.0,0.1180020310929528
6199.12890625,6254.03125,4221.5302734375,5978.03857421875,5490.01220703125,5751.13232421875,3712.385009765625,5967.73876953125,5611.8291015625,93.45008087158203,649974.0,0.12110734770066209
5722.9013671875,5887.0068359375,5841.07470703125,5930.28564453125,5383.78369140625,5728.94384765625,3962.18701171875,6014.6787109375,5588.01025390625,5521.7841796875,666640.0,0.12421266430837137
6051.60791015625,6291.0400390625,5483.8505859375,5964.373046875,5586.93310546875,6073.04638671875,3747.258544921875,5797.40478515625,5332.3671875,5600.75732421875,683306.0,0.12731798091608065
6186.68505859375,6035.0869140625,478.01416015625,5780.2177734375,5961.5595703125,6005.6435546875,855.000732421875,5749.736328125,5593.11669921875,5376.19677734375,699972.0,0.13042329752378995
5975.67236328125,6173.62109375,5849.029296875,6003.04345703125,5904.236328125,5895.1826171875,3719.388671875,5974.4521484375,5609.103515625,5795.32177734375,716638.0,0.13352861413149922
5863.6318359375,6291.1650390625,5893.4638671875,6061.1416015625,5790.76513671875,5705.09130859375,3891.314453125,3000.25390625,5357.53515625,5236.640625,733304.0,0.13663393073920851
6058.20947265625,6124.115234375,5721.98046875,5734.083984375,5828.3046875,1156.228515625,3739.453125,5984.01904296875,5498.52783203125,5455.1298828125,749970.0,0.13973924734691778
6170.841796875,6194.89306640625,5846.38818359375,6118.73095703125,5651.34521484375,5922.03466796875,4054.36083984375,5864.751953125,2448.313232421875,4909.4384765625,766636.0,0.14284456395462708
6043.697265625,6409.3466796875,5980.74853515625,6062.62353515625,5656.34228515625,1131.40771484375,3915.417724609375,5964.85400390625,5484.7138671875,5805.283203125,783302.0,0.14594988056233635
6228.50390625,6019.28955078125,5601.97216796875,5920.666015625,5952.18701171875,5855.3408203125,3952.614501953125,5657.9658203125,5.480832099914551,5631.35595703125,799968.0,0.14905519717004564
6000.84375,6195.859375,5555.796875,6017.60693359375,6105.79931640625,6001.23779296875,3638.928466796875,5967.33447265625,11.633537292480469,31.88045310974121,816634.0,0.15216051377775494
2548.63525390625,6240.86328125,5966.82275390625,5730.71337890625,5873.60400390625,5976.76123046875,3942.211669921875,6114.64697265625,5664.9599609375,5978.9638671875,833300.0,0.1552658303854642
3719.87939453125,6364.376953125,5785.7431640625,5909.56640625,6254.83544921875,5998.7744140625,4007.814697265625,6105.80078125,5860.72509765625,5788.63623046875,849966.0,0.1583711469931735
5877.2509765625,6298.2099609375,5912.35009765625,5885.7744140625,6047.50146484375,5422.49365234375,3705.32958984375,6100.03173828125,5902.3974609375,5902.6904296875,866632.0,0.16147646360088277
129.80023193359375,6312.77783203125,5577.14013671875,6167.72607421875,5879.69873046875,5568.81640625,4195.62548828125,5825.4873046875,5855.93310546875,5563.7041015625,883298.0,0.16458178020859207
6172.2578125,6223.37744140625,5615.123046875,5814.77880859375,5550.35205078125,5606.4404296875,1008.7981567382812,6121.056640625,5481.52294921875,-1185.9031982421875,899964.0,0.16768709681630134
6187.85107421875,6261.00830078125,5715.19921875,6155.59326171875,5965.8515625,5734.0966796875,3989.4609375,5801.01513671875,5608.681640625,4457.8876953125,916630.0,0.17079241342401064
6256.39794921875,-853.836181640625,5843.36865234375,4939.14306640625,6071.12109375,6109.78515625,4289.396484375,5961.40478515625,5959.0283203125,5707.3046875,933296.0,0.17389773003171993
-209.11968994140625,-48.739097595214844,5596.78955078125,6218.37353515625,5931.58740234375,5834.93017578125,1037.9931640625,6171.84033203125,5648.1513671875,5652.91552734375,949962.0,0.1770030466394292
6201.52294921875,6389.73681640625,6015.98046875,6176.9951171875,6008.98876953125,6037.31494140625,4047.547119140625,5910.65478515625,88.0947265625,5826.02880859375,966628.0,0.1801083632471385
6481.19580078125,6277.078125,6026.3388671875,5900.69384765625,6243.67138671875,6057.24755859375,4259.2763671875,6174.4765625,5976.96630859375,5674.5400390625,983294.0,0.18321367985484777
6391.2412109375,6357.0078125,5898.3134765625,6034.3720703125,5939.3798828125,5962.52978515625,4144.28125,5867.841796875,5722.59912109375,5019.96240234375,999960.0,0.18631899646255706
6368.08837890625,2097.54052734375,6161.86328125,6415.294921875,2561.564453125,6183.43212890625,4026.591796875,5631.24951171875,5764.37548828125,5839.4345703125,1016626.0,0.18942431307026633
6272.67138671875,6298.00390625,6093.34033203125,6454.37060546875,6020.60107421875,5806.0380859375,4229.828125,6129.8603515625,5357.37841796875,5950.4033203125,1033292.0,0.19252962967797563
6085.98583984375,6135.77197265625,5961.328125,6361.9140625,6245.517578125,5785.77197265625,4054.921630859375,6120.728515625,5701.67138671875,5708.158203125,1049958.0,0.1956349462856849
-179.34762573242188,7.25002384185791,6082.23828125,6319.19287109375,6358.44189453125,6224.8505859375,1210.642333984375,6069.7294921875,-598.3865966796875,5942.353515625,1066624.0,0.1987402628933942
6102.04638671875,6426.8798828125,5915.82666015625,6444.43701171875,6188.40478515625,5896.3310546875,4256.421875,6109.4228515625,-864.5171508789062,5998.744140625,1083290.0,0.2018455795011035
6163.82763671875,6153.41455078125,5970.42626953125,6250.5732421875,6006.32275390625,6183.44091796875,1838.7857666015625,346.96783447265625,3591.079833984375,5732.427734375,1099956.0,0.20495089610881276
6261.43701171875,6177.595703125,6086.32373046875,6447.56591796875,6038.857421875,6136.1533203125,2622.4775390625,6087.65966796875,744.3920288085938,5989.4501953125,1116622.0,0.20805621271652205
6237.69580078125,6544.65966796875,6070.1611328125,6467.12255859375,6318.17236328125,6147.533203125,4215.49560546875,6260.02783203125,5905.236328125,6052.05517578125,1133288.0,0.21116152932423132
6437.47216796875,6527.642578125,6091.845703125,6272.10302734375,6121.94775390625,6286.60546875,4414.57568359375,6341.30712890625,5935.17822265625,5798.001953125,1149954.0,0.21426684593194062
-591.8462524414062,6696.6328125,6264.22607421875,6452.6748046875,6106.91015625,6180.55419921875,3976.262451171875,2563.660400390625,5741.5234375,5846.02392578125,1166620.0,0.2173721625396499
1073.467529296875,6418.63134765625,3472.66796875,6383.2158203125,6285.83251953125,6064.53515625,4473.47314453125,5923.935546875,6093.64013671875,6079.59765625,1183286.0,0.22047747914735918
-430.6318054199219,6626.6455078125,5960.77978515625,6319.22802734375,6186.1650390625,6161.8388671875,4550.3896484375,6006.43115234375,5988.45849609375,5967.974609375,1199952.0,0.22358279575506845
6080.57958984375,6645.7939453125,6062.0517578125,6533.6806640625,6194.95654296875,6254.9951171875,4413.5009765625,5931.7060546875,5844.7490234375,5919.4755859375,1216618.0,0.22668811236277775
6350.21484375,6525.41162109375,6248.18798828125,6537.79296875,5933.95751953125,6133.94287109375,4605.9453125,6156.7578125,-928.8903198242188,5750.38525390625,1233284.0,0.22979342897048705
-2265.16552734375,6313.41064453125,5996.3134765625,6199.92236328125,-688.4022216796875,6235.12890625,4513.2822265625,-771.9572143554688,-946.6410522460938,-372.4486389160156,1249950.0,0.23289874557819631
-366.2413330078125,6717.26953125,6242.8828125,6599.88671875,811.1576538085938,6357.22265625,4593.9755859375,-1292.885009765625,112.00606536865234,-543.5235595703125,1266616.0,0.2360040621859056
5685.23193359375,6593.15234375,6003.4365234375,6545.98486328125,94.1147689819336,-437.4947509765625,4562.8388671875,1678.39794921875,-1495.1461181640625,5833.45751953125,1283282.0,0.23910937879361488
6167.8447265625,6476.78271484375,6341.25244140625,6645.21435546875,794.083740234375,6303.91845703125,4601.77294921875,6066.3603515625,26.867189407348633,-386.24957275390625,1299948.0,0.24221469540132418
6102.0712890625,6409.87255859375,-2501.144775390625,6558.39013671875,6265.72900390625,-2373.8759765625,4478.390625,-500.5518493652344,3376.85302734375,163.36595153808594,1316614.0,0.24532001200903344
6227.67236328125,6791.67333984375,4442.3798828125,6517.7626953125,6168.4658203125,6123.958984375,4708.2958984375,-2180.677978515625,5149.71875,6023.48583984375,1333280.0,0.24842532861674274
6168.982421875,6389.98193359375,6131.76220703125,6343.64599609375,6223.22705078125,5973.89404296875,3843.48046875,227.87225341796875,2476.6552734375,5762.17333984375,1349946.0,0.251530645224452
6090.5458984375,6652.919921875,6234.3212890625,6074.8330078125,6190.5869140625,-1781.732177734375,4643.53759765625,-1049.32470703125,-652.2667236328125,6009.09716796875,1366612.0,0.2546359618321613
6503.4208984375,6067.9423828125,6225.85595703125,6.760414123535156,6403.94873046875,-88.46476745605469,2366.87255859375,5789.77294921875,5442.078125,5887.0986328125,1383278.0,0.2577412784398706
6383.28369140625,6685.26953125,6268.513671875,109.51922607421875,6354.5400390625,5425.06982421875,4675.0439453125,245.59136962890625,5502.67529296875,6098.8544921875,1399944.0,0.2608465950475799
6641.390625,-1881.3614501953125,6345.40966796875,2730.418701171875,6345.31591796875,1686.767578125,4648.65966796875,-181.08384704589844,5067.55517578125,6056.86474609375,1416610.0,0.26395191165528914
6130.2734375,1187.02197265625,6294.08935546875,3654.276123046875,6426.11962890625,-1557.6326904296875,4828.08740234375,10.298419952392578,5651.626953125,5890.70458984375,1433276.0,0.26705722826299844
6684.72509765625,-1620.1810302734375,6216.55126953125,-874.50048828125,6272.35205078125,-62.038597106933594,4759.521484375,-23.881885528564453,5870.67626953125,5856.8974609375,1449942.0,0.27016254487070773
6443.67626953125,6611.02685546875,6110.09228515625,-1092.23583984375,6362.5751953125,5824.37548828125,4876.61572265625,4018.781982421875,5962.22607421875,6040.37646484375,1466608.0,0.27326786147841703
6402.93359375,6512.11376953125,4205.15283203125,1846.9610595703125,30.091346740722656,2968.256591796875,1191.9647216796875,5545.3837890625,5772.2763671875,6089.6396484375,1483274.0,0.2763731780861263
6483.5302734375,6529.14208984375,6424.7275390625,6051.6728515625,109.96012878417969,5382.470703125,-2088.393798828125,2691.84375,5867.14990234375,5944.9541015625,1499940.0,0.27947849469383557
6730.021484375,6630.19482421875,3578.33740234375,6061.458984375,6244.0576171875,5947.85693359375,-496.650634765625,6071.06640625,5990.63720703125,6157.9521484375,1516606.0,0.28258381130154486
6693.77587890625,6511.4599609375,2778.100830078125,6403.74755859375,6418.76806640625,6172.12548828125,-338.2640075683594,6090.96728515625,5097.36767578125,6229.74560546875,1533272.0,0.28568912790925416
6662.7783203125,6733.7314453125,5997.09375,6556.41943359375,6388.09521484375,6019.08544921875,-217.44549560546875,6283.46435546875,6064.7109375,6035.2431640625,1549938.0,0.28879444451696346
6738.94775390625,6614.0,6135.71337890625,6300.27001953125,6404.421875,5862.69775390625,-1296.62890625,6353.9453125,5994.5859375,5994.19091796875,1566604.0,0.2918997611246727
6634.20361328125,6508.46875,-304.6127014160156,6633.50634765625,6373.78125,6145.02490234375,369.5526428222656,6106.55810546875,5910.021484375,6327.8759765625,1583270.0,0.295005077732382
6751.65380859375,6703.19140625,5945.185546875,6474.36328125,6450.2666015625,6092.77490234375,3967.01318359375,6134.93798828125,1174.7169189453125,6294.638671875,1599936.0,0.2981103943400913
6554.6943359375,6630.291015625,3958.9501953125,1390.280517578125,6280.82421875,6412.1279296875,2839.28076171875,6199.6767578125,6099.82666015625,-311.32513427734375,1616602.0,0.3012157109478006
111.38453674316406,6490.38232421875,5765.87890625,6430.8564453125,6485.291015625,6173.4345703125,1777.0364990234375,6297.62841796875,6107.25244140625,6176.53662109375,1633268.0,0.3043210275555099
6578.5478515625,6556.048828125,5604.54345703125,6278.6298828125,6405.17431640625,5865.353515625,2635.23095703125,6332.958984375,884.1736450195312,6334.8193359375,1649934.0,0.3074263441632191
6536.09033203125,-67.11805725097656,-83.1285629272461,6524.66796875,6451.8916015625,6229.576171875,4847.52294921875,6354.25146484375,6028.2138671875,6183.5146484375,1666600.0,0.3105316607709284
6531.18408203125,6794.55126953125,-547.8770751953125,4824.67138671875,6326.86181640625,6167.6611328125,4758.48486328125,6119.06298828125,6011.84814453125,6435.89892578125,1683266.0,0.3136369773786377
6698.4453125,6566.28125,5786.83203125,6487.03955078125,6555.16064453125,6437.36181640625,4728.8505859375,6064.24560546875,6245.087890625,6446.263671875,1699932.0,0.316742293986347
6737.08447265625,6811.59228515625,6226.57275390625,6500.7529296875,6604.14404296875,6261.2216796875,2430.37646484375,6052.85498046875,5802.92919921875,6552.24658203125,1716598.0,0.31984761059405625
6803.15966796875,6714.80615234375,6091.9052734375,4911.17724609375,6612.6845703125,6434.3828125,4482.0654296875,6368.34326171875,6004.09716796875,6323.25,1733264.0,0.32295292720176555
-1764.4615478515625,6742.787109375,-2051.0166015625,6578.14501953125,6517.6904296875,6475.3779296875,4811.82373046875,6052.54931640625,5830.337890625,6395.8349609375,1749930.0,0.32605824380947485
6458.6787109375,6888.3173828125,5284.52587890625,6675.55859375,-1713.9874267578125,6360.58349609375,3011.701171875,6396.640625,5996.046875,-9.247740745544434,1766596.0,0.32916356041718414
6436.978515625,6598.88525390625,5727.1591796875,6623.365234375,6207.3359375,6170.45263671875,4933.52490234375,6387.2373046875,5793.88916015625,-591.6007080078125,1783262.0,0.33226887702489344
6730.6865234375,6563.173828125,225.06028747558594,6394.00390625,6381.38037109375,3152.30419921875,5018.98388671875,74.94942474365234,575.1307983398438,-849.7261352539062,1799928.0,0.3353741936326027
6592.279296875,6655.955078125,5693.9130859375,6725.7548828125,-1523.0740966796875,6488.4365234375,5125.927734375,6398.68359375,6110.81396484375,-0.014782000333070755,1816594.0,0.338479510240312
6636.109375,-1731.39404296875,6108.3095703125,6606.099609375,-1299.73681640625,6403.20458984375,4743.96728515625,6225.52734375,6308.54345703125,-1101.6739501953125,1833260.0,0.3415848268480213
6746.876953125,6555.48388671875,6099.29541015625,6802.267578125,-1353.065673828125,6431.31298828125,4965.56005859375,6324.22607421875,6027.447265625,-1444.6524658203125,1849926.0,0.34469014345573057
6670.07470703125,6583.89794921875,5134.73046875,6486.0869140625,6388.8564453125,6264.044921875,4660.67724609375,6359.75732421875,5967.9248046875,-1107.2547607421875,1866592.0,0.34779546006343987
6620.623046875,6516.5458984375,4937.26708984375,6484.81396484375,2567.262939453125,6572.798828125,483.1700744628906,6255.23046875,5945.322265625,878.76025390625,1883258.0,0.3509007766711491
6605.12060546875,5725.22509765625,1732.5682373046875,6429.2431640625,6275.37890625,6344.82666015625,4868.9365234375,6295.1220703125,6013.56787109375,245.49652099609375,1899924.0,0.3540060932788584
-0.4307810068130493,6771.63818359375,537.6005249023438,6303.6298828125,2499.53173828125,6566.50830078125,4932.8798828125,6359.4111328125,6293.26025390625,5536.1591796875,1916590.0,0.3571114098865677
6385.6181640625,-2962.7734375,5946.9658203125,6161.611328125,6264.47705078125,6644.12060546875,5346.3623046875,6278.890625,6094.177734375,5634.49267578125,1933256.0,0.360216726494277
6770.66845703125,6814.5546875,2909.555908203125,6491.93896484375,6593.49462890625,6440.6650390625,5111.5986328125,6270.28857421875,676.6651611328125,5906.94384765625,1949922.0,0.36332204310198624
6821.30419921875,6562.46875,6177.1416015625,6378.205078125,6259.9599609375,6321.22412109375,5190.22705078125,6400.0361328125,6267.88427734375,5757.01953125,1966588.0,0.36642735970969553
6736.6796875,-1473.246337890625,-1914.1590576171875,6778.5146484375,6305.94384765625,6737.95849609375,5408.837890625,6469.4794921875,6352.86083984375,6034.2333984375,1983254.0,0.36953267631740483
6479.619140625,6470.3974609375,6209.12109375,6603.3271484375,6280.8505859375,6561.57861328125,5362.17578125,6241.87939453125,6227.6259765625,6017.14453125,1999920.0,0.3726379929251141
6740.97802734375,6465.7138671875,915.3722534179688,6575.64111328125,6166.93798828125,-1475.9862060546875,5272.8408203125,6374.61474609375,6390.1513671875,6035.875,2016586.0,0.3757433095328234
6422.22607421875,6499.8779296875,1094.9769287109375,6571.302734375,6309.7724609375,2156.961181640625,5235.73828125,6447.0693359375,6270.39990234375,6082.81884765625,2033252.0,0.37884862614053266
6676.86572265625,6633.11962890625,833.1259765625,6766.1875,2732.947998046875,6539.13525390625,5204.65966796875,6650.48828125,6290.5595703125,6008.3427734375,2049918.0,0.38195394274824196
-1485.45166015625,6415.46240234375,6304.5263671875,6742.90478515625,6626.59033203125,6378.9228515625,5340.47998046875,6561.2470703125,6091.9658203125,6054.0537109375,2066584.0,0.38505925935595126
6029.73388671875,6699.5751953125,6326.0302734375,6685.8291015625,6256.95361328125,6497.43896484375,5325.75732421875,6359.0888671875,6325.6591796875,2823.23193359375,2083250.0,0.38816457596366055
6262.64794921875,6569.859375,6008.3583984375,6585.34765625,6506.912109375,-1339.7435302734375,5483.66162109375,6369.1044921875,6339.728515625,6019.595703125,2099916.0,0.3912698925713698
6059.6025390625,-1438.28466796875,6303.353515625,6502.34326171875,844.116943359375,6673.86962890625,5405.2587890625,6308.8017578125,6281.7412109375,62.770530700683594,2116582.0,0.3943752091790791
2526.680908203125,6501.8466796875,1719.74169921875,6660.0771484375,6593.1015625,6444.45947265625,5489.55419921875,6310.79833984375,6439.818359375,6071.82568359375,2133248.0,0.3974805257867884
6387.51708984375,6903.25634765625,6092.30029296875,6798.41455078125,6562.67578125,6232.43115234375,5673.79931640625,6569.28515625,845.7861328125,6184.443359375,2149914.0,0.4005858423944977
6769.869140625,3499.5458984375,6415.1884765625,6862.4189453125,6474.3076171875,6236.09814453125,5636.3427734375,-1759.4368896484375,6320.8994140625,6234.4599609375,2166580.0,0.403691159002207
6748.98876953125,6504.09326171875,6164.34814453125,6568.150390625,6486.38427734375,6489.33203125,5563.01416015625,-2579.37744140625,6250.0478515625,6099.1787109375,2183246.0,0.4067964756099162
6625.26318359375,6131.01025390625,5403.4541015625,6705.0029296875,6597.0771484375,6655.34521484375,2967.901123046875,6186.91357421875,6304.44921875,4776.86279296875,2199912.0,0.4099017922176255
-1061.9754638671875,6727.6748046875,6296.50537109375,6689.46337890625,6628.837890625,6253.673828125,3223.853271484375,6426.8388671875,6245.4521484375,6076.234375,2216578.0,0.4130071088253348
2946.428955078125,6556.115234375,6057.92529296875,6722.41357421875,6791.658203125,6640.0625,5545.3994140625,-578.2069702148438,6167.49365234375,6498.20263671875,2233244.0,0.4161124254330441
5529.57421875,6630.3837890625,1177.80126953125,6751.76611328125,6623.0458984375,6456.578125,3229.15478515625,-15.698625564575195,6125.7568359375,6302.93115234375,2249910.0,0.41921774204075335
6672.7666015625,6020.99072265625,6292.1357421875,6759.51025390625,6502.85595703125,6343.7490234375,-1773.6463623046875,6210.5400390625,6292.162109375,4591.3642578125,2266576.0,0.42232305864846265
6665.236328125,6156.396484375,6343.267578125,6836.5810546875,6769.69921875,6378.7158203125,5056.01611328125,-12.017622947692871,6359.40625,6012.7666015625,2283242.0,0.42542837525617194
6696.15771484375,6681.34033203125,6136.7109375,6442.4921875,6721.9912109375,6144.5224609375,5549.28955078125,4293.36865234375,6393.2333984375,6295.57470703125,2299908.0,0.42853369186388124
6661.62744140625,6492.99658203125,6301.4814453125,6685.44384765625,6508.794921875,6625.76220703125,5318.76806640625,6460.6982421875,6397.4248046875,6276.7705078125,2316574.0,0.43163900847159054
6682.74609375,6508.396484375,6358.67626953125,6578.35888671875,6389.3369140625,6383.95849609375,5750.89599609375,6591.82275390625,6457.111328125,6310.982421875,2333240.0,0.4347443250792998
6545.7236328125,6529.65966796875,6441.2841796875,6768.94091796875,6557.859375,1053.1021728515625,5373.7431640625,6410.3330078125,6375.287109375,-68.58457946777344,2349906.0,0.4378496416870091
6780.70166015625,6722.10107421875,6225.23681640625,6723.6015625,6687.8720703125,6543.484375,5822.45263671875,1445.5030517578125,6475.10595703125,6224.466796875,2366572.0,0.44095495829471837
6901.99267578125,6529.08935546875,6283.3681640625,6576.55712890625,6740.8349609375,3648.04345703125,5623.9033203125,1173.318359375,6518.67138671875,6255.77587890625,2383238.0,0.44406027490242767
6705.74755859375,6747.40869140625,6539.349609375,42.79526901245117,6694.2890625,6532.55859375,3707.606689453125,6400.66796875,-1790.2099609375,6382.2119140625,2399904.0,0.4471655915101369
6903.787109375,6826.42431640625,2033.4544677734375,-889.745361328125,-659.6976318359375,6598.33349609375,5331.919921875,6473.07861328125,6279.89306640625,6134.2783203125,2416570.0,0.4502709081178462
6382.66796875,6810.984375,-164.70706176757812,6701.77880859375,6654.43896484375,6608.9287109375,5662.41650390625,6252.4892578125,339.62652587890625,6416.13037109375,2433236.0,0.4533762247255555
6889.1298828125,6776.69384765625,6086.8330078125,6638.21728515625,6554.0263671875,6445.24365234375,5617.5107421875,6355.61376953125,6235.26171875,6447.58740234375,2449902.0,0.4564815413332648
6689.13037109375,6704.82421875,6090.8701171875,6737.740234375,6762.1455078125,6297.30419921875,5738.74755859375,6224.81005859375,6212.904296875,6253.744140625,2466568.0,0.4595868579409741
6751.3125,6870.56494140625,6235.6484375,6704.2705078125,6732.15576171875,-2167.275390625,3476.78759765625,6467.220703125,6481.439453125,6233.17041015625,2483234.0,0.46269217454868333
6354.595703125,-1487.9451904296875,528.2791137695312,6715.10107421875,6763.447265625,-1555.370361328125,5728.41552734375,6405.8779296875,6238.28076171875,6278.64892578125,2499900.0,0.46579749115639263
7049.12646484375,-1183.9766845703125,6194.46337890625,5407.17626953125,6814.8212890625,-134.90005493164062,5745.55517578125,6553.4912109375,6371.708984375,6358.55029296875,2516566.0,0.4689028077641019
6691.29833984375,6036.5439453125,6375.7802734375,6708.72900390625,6614.48828125,4098.9794921875,5850.35498046875,6542.42431640625,6133.44677734375,6142.18603515625,2533232.0,0.4720081243718112
6990.986328125,6485.6015625,6392.43017578125,6421.08935546875,6730.18994140625,5854.39013671875,5851.51708984375,6411.255859375,6325.734375,6368.50341796875,2549898.0,0.4751134409795205
6702.29248046875,6453.08740234375,6438.330078125,6808.5283203125,6665.8623046875,-1026.9869384765625,5888.4482421875,6489.833984375,6496.06591796875,5056.29052734375,2566564.0,0.47821875758722976
6724.11328125,6709.07080078125,6139.486328125,6799.03662109375,6646.423828125,5428.25244140625,5931.4833984375,6307.1611328125,6500.35595703125,6405.306640625,2583230.0,0.48132407419493906
6941.59814453125,6581.94580078125,6294.50732421875,6583.611328125,2011.13916015625,5858.17529296875,5940.84228515625,-468.5216064453125,6500.15234375,6126.72998046875,2599896.0,0.48442939080264835
6945.587890625,6714.27587890625,6299.669921875,6606.89599609375,6957.4560546875,6081.31396484375,5892.69287109375,6158.13134765625,6294.0673828125,6394.33251953125,2616562.0,0.48753470741035765
6985.17578125,6549.89404296875,6390.16357421875,6538.2353515625,6862.97216796875,6189.4716796875,5413.3857421875,6348.71826171875,6411.6201171875,6505.45947265625,2633228.0,0.4906400240180669
6784.138671875,6887.79736328125,6450.1630859375,-1763.1087646484375,6693.1455078125,5914.7138671875,31.490720748901367,-1431.9505615234375,6380.26513671875,6305.00146484375,2649894.0,0.4937453406257762
6764.85400390625,6700.32958984375,6326.466796875,3252.934326171875,6663.9423828125,6119.74755859375,-1660.940185546875,-676.6332397460938,6403.85986328125,6234.31982421875,2666560.0,0.4968506572334855
6694.404296875,6840.11767578125,6149.58984375,3401.51953125,-300.81005859375,4828.38671875,-784.495361328125,6052.16455078125,6421.23876953125,6383.02392578125,2683226.0,0.4999559738411948
6872.45849609375,6774.9091796875,6345.48583984375,5975.97900390625,6723.1474609375,6246.64697265625,-243.80027770996094,6094.38330078125,6520.45458984375,6237.359375,2699892.0,0.503061290448904
6940.3837890625,6836.064453125,6309.173828125,6143.3212890625,6759.931640625,6627.9091796875,3895.526123046875,6190.537109375,6443.802734375,6552.54150390625,2716558.0,0.5061666070566133
6421.29296875,6893.21533203125,-1926.7701416015625,6360.72802734375,6789.8876953125,6349.09326171875,5708.9384765625,5975.71875,6460.63525390625,6493.9521484375,2733224.0,0.5092719236643226
6945.48583984375,-13.675243377685547,513.2670288085938,6294.38037109375,6804.95068359375,6432.62548828125,5361.046875,6572.0302734375,-1604.3385009765625,6123.13330078125,2749890.0,0.5123772402720319
6978.21240234375,6628.52783203125,-1889.4447021484375,6454.4921875,6538.98779296875,6497.59228515625,5483.39453125,6407.76416015625,6490.93896484375,6433.3251953125,2766556.0,0.5154825568797412
6773.35498046875,6827.9521484375,-697.9170532226562,-1674.396484375,6786.83740234375,6082.64208984375,5681.5771484375,6155.7578125,366.5814208984375,6134.01513671875,2783222.0,0.5185878734874505
6877.130859375,6641.3466796875,6029.95947265625,-657.0054931640625,6696.2587890625,6317.505859375,5795.6962890625,6402.16552734375,-2428.116455078125,6377.72802734375,2799888.0,0.5216931900951598
6710.46044921875,6776.08349609375,218.015380859375,-1505.138916015625,-1813.9049072265625,1903.2449951171875,-1628.614501953125,6431.5166015625,-1326.02734375,6427.70361328125,2816554.0,0.5247985067028691
6909.71533203125,6768.42919921875,5820.57958984375,-402.6649475097656,6354.3193359375,6166.458984375,3664.673828125,6476.31298828125,6412.39404296875,6478.892578125,2833220.0,0.5279038233105783
6842.15380859375,6739.8232421875,5625.19775390625,6392.9990234375,6703.5556640625,5354.77978515625,-844.877685546875,6417.2177734375,6353.59912109375,6434.490234375,2849886.0,0.5310091399182876
6814.208984375,6797.904296875,5644.869140625,6575.0390625,6680.6533203125,6486.66162109375,5840.67236328125,6297.96826171875,6463.59033203125,-860.7926025390625,2866552.0,0.5341144565259969
6815.216796875,6747.2705078125,6124.85791015625,6571.3935546875,2427.5341796875,5321.5556640625,5731.9619140625,6373.88623046875,6559.84521484375,5086.7041015625,2883218.0,0.5372197731337062
6934.20361328125,6942.65625,-704.5476684570312,6518.4189453125,-962.0914306640625,6346.41064453125,5701.28759765625,6208.93994140625,6340.5712890625,-1144.0963134765625,2899884.0,0.5403250897414155
6968.26611328125,6953.51708984375,-428.1900634765625,6367.71923828125,25.036388397216797,6521.9296875,5646.77587890625,6314.99267578125,6435.39697265625,4495.93115234375,2916550.0,0.5434304063491248
6866.51806640625,6920.4033203125,2183.70703125,6689.05078125,1165.811279296875,-359.23931884765625,537.4646606445312,6073.7607421875,6256.57373046875,-44.372894287109375,2933216.0,0.5465357229568341
7072.673828125,6739.4091796875,5644.52734375,6544.98828125,6503.63232421875,6341.55419921875,241.1266632080078,5940.96875,6587.16796875,-1992.1806640625,2949882.0,0.5496410395645434
6859.703125,6939.85302734375,-433.4583435058594,-24.612491607666016,6560.53955078125,6215.80078125,71.72806549072266,6309.49462890625,6495.6259765625,-80.77128601074219,2966548.0,0.5527463561722527
6925.7109375,6917.6796875,6174.3173828125,6673.435546875,6576.88671875,6653.60791015625,-700.7124633789062,6077.4990234375,6432.01123046875,-794.5848999023438,2983214.0,0.5558516727799618
7003.490234375,6877.62646484375,5978.41259765625,5404.7041015625,6718.314453125,6322.29443359375,1183.6527099609375,1241.4259033203125,6346.125,-1057.302978515625,2999880.0,0.5589569893876711
7146.4365234375,6827.20458984375,4879.91162109375,6771.0283203125,6586.5888671875,6401.28369140625,4823.55615234375,6262.32763671875,6516.01171875,5263.189453125,3016546.0,0.5620623059953804
6909.1728515625,4027.8701171875,-1253.8795166015625,6715.56005859375,6679.65087890625,6451.49560546875,783.8519287109375,6304.5654296875,6445.90625,-654.9089965820312,3033212.0,0.5651676226030897
6828.6396484375,-870.58154296875,5745.88330078125,6594.00537109375,6822.6103515625,3944.263427734375,5772.36474609375,5993.36083984375,6307.083984375,-692.5692138671875,3049878.0,0.568272939210799
-2192.866943359375,6657.12109375,6087.80224609375,6599.203125,6561.5341796875,6578.451171875,5340.58349609375,1638.021484375,-1391.4874267578125,88.6994857788086,3066544.0,0.5713782558185083
7027.44921875,-1456.10693359375,6060.54345703125,6384.96484375,6492.859375,6511.0078125,5501.455078125,5995.21728515625,6144.86181640625,5121.25927734375,3083210.0,0.5744835724262176
6891.63623046875,-1439.421630859375,6248.68017578125,6030.44091796875,6629.373046875,6469.42578125,5676.02685546875,6106.419921875,-9.005134582519531,2168.22802734375,3099876.0,0.5775888890339269
584.0963134765625,953.4210815429688,6122.36083984375,-1595.9632568359375,6587.50439453125,6559.50146484375,5355.2724609375,-1440.935546875,86.56153869628906,-1033.087890625,3116542.0,0.5806942056416362
6752.2275390625,5645.66357421875,6293.0693359375,-1165.949462890625,6708.33642578125,6558.177734375,5578.6220703125,6180.95654296875,1166.7353515625,-1938.903076171875,3133208.0,0.5837995222493454
5519.77978515625,-1044.944091796875,6204.2666015625,-1606.14599609375,5790.3740234375,6587.169921875,5799.2373046875,6169.16845703125,5606.2822265625,-1216.7935791015625,3149874.0,0.5869048388570547
6545.28857421875,6021.984375,6318.5126953125,4367.365234375,6516.09765625,6615.1552734375,5607.3671875,6280.41650390625,6161.79052734375,3924.625,3166540.0,0.590010155464764
7094.38623046875,6673.5556640625,6214.2333984375,6286.69189453125,6674.66064453125,6778.20458984375,5842.021484375,6151.10546875,6166.06396484375,2815.1396484375,3183206.0,0.5931154720724733
6984.72314453125,6587.06005859375,6329.91748046875,6419.712890625,6672.75390625,6588.87744140625,5851.46875,6471.4140625,6143.4619140625,3370.850341796875,3199872.0,0.5962207886801826
7019.556640625,470.7863464355469,6278.5869140625,1084.0758056640625,6842.52294921875,6609.24365234375,5887.74560546875,6160.6494140625,6388.97607421875,-1855.294677734375,3216538.0,0.5993261052878919
6969.24169921875,6485.4912109375,1920.28369140625,6288.15234375,6586.6650390625,6510.74365234375,5916.6376953125,6124.68896484375,6158.0576171875,-1138.2413330078125,3233204.0,0.6024314218956012
-1737.452392578125,6521.2783203125,-1377.6385498046875,6062.9482421875,6621.48583984375,6521.150390625,5902.6826171875,6410.90576171875,6406.22705078125,1019.0252685546875,3249870.0,0.6055367385033105
6882.69482421875,6869.53369140625,-774.029296875,-593.9945678710938,6779.53125,6731.28369140625,4261.2666015625,6188.8544921875,6144.5859375,5688.69970703125,3266536.0,0.6086420551110198
6852.892578125,6685.77734375,6279.23583984375,6172.671875,6736.00537109375,6949.8857421875,5895.49951171875,6254.2333984375,6410.78955078125,5814.6298828125,3283202.0,0.611747371718729
6642.2548828125,6437.18359375,6290.939453125,6324.49169921875,6799.10546875,6632.32080078125,6092.49609375,6387.125,6296.6298828125,5963.28076171875,3299868.0,0.6148526883264382
7166.771484375,6671.3447265625,6422.5625,6243.65087890625,6828.96728515625,6677.55029296875,5756.40283203125,6383.47802734375,6194.82861328125,591.8695678710938,3316534.0,0.6179580049341475
6885.43115234375,6549.0,6528.9013671875,6375.80126953125,6801.31982421875,6350.26318359375,5885.3544921875,6501.00048828125,6449.60986328125,6067.9912109375,3333200.0,0.6210633215418568
6785.5859375,6748.94287109375,6364.65869140625,6203.40478515625,6887.12744140625,6526.322265625,5742.12646484375,6436.732421875,6450.572265625,299.1949462890625,3349866.0,0.6241686381495661
6919.0546875,6663.55859375,6256.5234375,101.49803161621094,6890.98095703125,6718.8837890625,6060.81005859375,6427.83203125,6288.62890625,6176.92138671875,3366532.0,0.6272739547572754
6799.388671875,6758.53515625,6375.7587890625,6564.078125,6767.98779296875,6205.02587890625,5509.6220703125,6273.142578125,6272.83544921875,3710.40673828125,3383198.0,0.6303792713649847
6927.75341796875,6819.765625,6316.94140625,6442.1572265625,7022.30419921875,6484.12109375,6068.81494140625,975.8099365234375,6481.81982421875,5062.14794921875,3399864.0,0.633484587972694
6734.3857421875,6597.64990234375,6427.6513671875,258.7842102050781,6858.91943359375,6742.77001953125,5829.6884765625,6373.61767578125,6468.78076171875,6359.1328125,3416530.0,0.6365899045804033
4948.5703125,6654.22021484375,6257.6123046875,51.04623031616211,6673.2431640625,6596.0185546875,5983.55712890625,6378.50537109375,6111.96923828125,5974.96337890625,3433196.0,0.6396952211881125
6988.818359375,-12.373710632324219,6186.7587890625,6323.4306640625,6776.9775390625,6630.80859375,5817.390625,6701.09716796875,6154.87744140625,6187.21826171875,3449862.0,0.6428005377958218
6879.0,6488.546875,6089.7255859375,6413.35400390625,6934.9873046875,6448.390625,5929.310546875,6680.2958984375,6124.74853515625,6266.37646484375,3466528.0,0.6459058544035311
6910.82421875,650.8888549804688,6207.78369140625,6483.33349609375,6191.19189453125,6810.5673828125,6106.90283203125,4430.60888671875,-1419.64892578125,1318.8359375,3483194.0,0.6490111710112404
6731.32470703125,6427.53564453125,6204.63623046875,6365.20166015625,5529.970703125,6829.10546875,5874.64501953125,6263.94091796875,-563.6658935546875,6038.87353515625,3499860.0,0.6521164876189497
7118.39501953125,-2955.16455078125,6476.0166015625,6293.9296875,6739.865234375,6747.98828125,5807.3955078125,6485.22998046875,5516.0166015625,6236.4208984375,3516526.0,0.655221804226659
6957.88134765625,6631.09228515625,6378.89892578125,6486.99853515625,6658.6123046875,6646.61181640625,6087.3935546875,-1018.4795532226562,6497.9716796875,6216.0126953125,3533192.0,0.6583271208343683
6976.859375,6728.794921875,-245.4015655517578,6542.1552734375,5993.986328125,6736.86083984375,5890.15087890625,6186.3662109375,6525.0537109375,6279.02001953125,3549858.0,0.6614324374420776
7015.72509765625,6540.77734375,-995.1427001953125,6677.25,6782.81591796875,6753.88720703125,5789.615234375,6205.57421875,6433.72705078125,3910.113037109375,3566524.0,0.6645377540497869
6682.60791015625,6736.70849609375,-1010.8330688476562,6603.4775390625,6634.6806640625,6825.3115234375,5844.70263671875,2675.639404296875,4471.08251953125,6167.58251953125,3583190.0,0.6676430706574961
6965.21142578125,-1664.806396484375,925.5643920898438,6597.0498046875,4641.72802734375,6751.71240234375,6092.52880859375,-2353.35791015625,6245.63818359375,5920.92138671875,3599856.0,0.6707483872652054
7121.9931640625,-999.892822265625,5775.86376953125,6534.22998046875,6814.7802734375,6395.18359375,6178.5302734375,6283.31884765625,6592.52490234375,6435.51123046875,3616522.0,0.6738537038729147
6935.701171875,6281.3525390625,6022.12841796875,6709.947265625,6616.95947265625,-25.696502685546875,5662.29638671875,-1705.870361328125,6379.07666015625,6291.49853515625,3633188.0,0.676959020480624
6331.02734375,6429.24267578125,6068.86376953125,6691.5283203125,6762.93310546875,-2736.851318359375,6004.25048828125,2516.441162109375,6359.19580078125,6293.2890625,3649854.0,0.6800643370883332
-535.6876831054688,6546.0302734375,6283.29345703125,6660.86962890625,3095.135986328125,375.77886962890625,5954.4091796875,6277.87255859375,6336.1904296875,6379.26025390625,3666520.0,0.6831696536960425
2516.8447265625,6527.70263671875,5900.34521484375,6743.78173828125,6551.9951171875,1009.9674072265625,2966.981689453125,6319.84375,-1750.1785888671875,6073.98828125,3683186.0,0.6862749703037518
-155.44100952148438,6654.40771484375,6069.9296875,6512.15625,6618.35400390625,-1136.0755615234375,4207.65673828125,6418.2978515625,6272.30419921875,6243.84619140625,3699852.0,0.6893802869114611
4836.5703125,6575.55126953125,6152.11962890625,6513.9541015625,6825.89501953125,4732.11328125,5897.3837890625,6401.57373046875,6382.23681640625,6322.2265625,3716518.0,0.6924856035191704
4371.693359375,6190.5126953125,5915.4541015625,6398.9775390625,6940.23779296875,-2330.9169921875,6012.81787109375,6558.46435546875,6340.8427734375,6257.0185546875,3733184.0,0.6955909201268797
6149.24951171875,6641.63525390625,-1480.9171142578125,6651.70751953125,6972.51513671875,-2149.117919921875,5035.1669921875,6543.05078125,6419.962890625,6119.71630859375,3749850.0,0.6986962367345889
6522.26318359375,35.8100700378418,6047.9736328125,6823.13427734375,6817.1650390625,-964.0054931640625,-1817.1011962890625,6379.3583984375,6231.91796875,6340.681640625,3766516.0,0.7018015533422982
6024.87939453125,6723.77197265625,6108.15478515625,6575.4853515625,6905.44677734375,1837.914306640625,1161.8455810546875,6389.35400390625,6459.7470703125,6217.69921875,3783182.0,0.7049068699500075
6500.59130859375,6618.34765625,6117.24755859375,6702.3818359375,6695.02587890625,2844.568603515625,5556.42041015625,6537.13818359375,6405.90234375,6064.76904296875,3799848.0,0.7080121865577168
5899.7451171875,6806.22119140625,6142.55810546875,6520.208984375,6655.35888671875,5985.82666015625,5824.66650390625,6486.23779296875,6430.859375,6284.8408203125,3816514.0,0.7111175031654261
6429.36181640625,6922.90869140625,-65.54532623291016,6536.08544921875,6798.4560546875,6027.03173828125,5952.0107421875,1042.662109375,6000.3701171875,6323.568359375,3833180.0,0.7142228197731354
6506.88232421875,7055.0302734375,6199.77587890625,6616.1552734375,6756.18603515625,5956.28271484375,6200.31982421875,6639.54150390625,6270.43310546875,5968.90576171875,3849846.0,0.7173281363808447
6830.31396484375,6870.5947265625,-985.6192626953125,6902.25244140625,6603.24462890625,1827.525634765625,4575.51171875,256.0074157714844,-1414.617431640625,6284.6787109375,3866512.0,0.720433452988554
6769.92724609375,6812.94091796875,6237.7841796875,6273.97021484375,6864.748046875,6047.51904296875,6145.6572265625,6313.83740234375,6396.23681640625,6319.96630859375,3883178.0,0.7235387695962633
6587.76806640625,6797.1533203125,6061.76708984375,6476.4765625,6688.44677734375,4199.39697265625,6073.56005859375,6479.75927734375,6577.30517578125,6066.486328125,3899844.0,0.7266440862039725
6723.92041015625,104.6423568725586,-161.60964965820312,6667.0849609375,6947.59130859375,6414.853515625,5980.8662109375,6313.8056640625,6443.9638671875,4612.97509765625,3916510.0,0.7297494028116818
6969.24169921875,6594.66748046875,-1225.7601318359375,6572.15673828125,6925.36376953125,6336.6416015625,6155.70556640625,5556.73779296875,6253.7734375,6128.62646484375,3933176.0,0.7328547194193911
7141.46142578125,6604.09765625,5979.654296875,6710.57861328125,6630.728515625,6055.61328125,6126.52099609375,6384.8935546875,6345.66064453125,6229.8916015625,3949842.0,0.7359600360271004
6997.73828125,6759.26953125,6245.43115234375,6703.35302734375,3829.6572265625,3744.3876953125,6378.08349609375,6544.9365234375,6692.8779296875,6193.15673828125,3966508.0,0.7390653526348097
6988.86083984375,6749.1953125,6149.138671875,6528.4775390625,6892.60888671875,5169.11865234375,6198.115234375,6309.029296875,6161.0595703125,3902.4873046875,3983174.0,0.742170669242519
6840.0087890625,6537.48681640625,6080.240234375,6728.3349609375,6981.49658203125,2060.32470703125,6227.3359375,6535.7978515625,6148.0888671875,6093.41845703125,3999840.0,0.7452759858502283
6858.97509765625,6945.47216796875,6340.400390625,6525.09814453125,6676.52001953125,6450.0166015625,6294.47509765625,6523.97998046875,6432.6279296875,-2859.968505859375,4016506.0,0.7483813024579375
6708.77783203125,6806.06396484375,6337.17431640625,-2876.038818359375,-2595.070556640625,6558.060546875,6200.39208984375,6509.0517578125,6597.84228515625,-17.031635284423828,4033172.0,0.7514866190656468
6912.27587890625,6953.6484375,6456.77734375,5668.6796875,6124.5859375,6642.59375,6232.3095703125,6585.68212890625,6398.6923828125,5832.76318359375,4049838.0,0.754591935673356
-1100.42529296875,6984.4736328125,6279.77587890625,2729.229736328125,6664.15380859375,6452.39697265625,5913.634765625,6437.076171875,6521.65673828125,6161.08984375,4066504.0,0.7576972522810653
6701.748046875,6836.8291015625,6440.0654296875,1642.9267578125,6605.3623046875,6331.86669921875,6158.01123046875,6633.4384765625,6173.0771484375,6032.63232421875,4083170.0,0.7608025688887746
6545.2548828125,6822.89404296875,6353.21533203125,6590.79248046875,6811.1357421875,6722.005859375,6079.5576171875,5986.92822265625,6381.99853515625,6088.3115234375,4099836.0,0.7639078854964839
6907.23486328125,6861.3642578125,6387.693359375,6344.6142578125,6627.1474609375,6514.25244140625,6151.70166015625,6342.93994140625,6506.25537109375,5970.833984375,4116502.0,0.7670132021041932
6709.96142578125,6895.51611328125,6526.39892578125,6566.228515625,6814.34912109375,2909.980712890625,6190.216796875,6340.44677734375,6444.85595703125,6249.68505859375,4133168.0,0.7701185187119025
6723.47412109375,6594.48486328125,6121.04833984375,6604.14990234375,6766.21875,6328.54150390625,6104.8232421875,6581.90869140625,6453.55859375,6148.35205078125,4149834.0,0.7732238353196118
7044.1357421875,6577.654296875,156.86630249023438,6662.1201171875,77.82980346679688,-1599.54833984375,2092.1787109375,6473.8642578125,6581.73828125,6260.51953125,4166500.0,0.7763291519273211
6901.978515625,7113.9580078125,-309.1937561035156,6606.3125,6248.66650390625,6261.54443359375,6029.1015625,6538.43896484375,1595.795654296875,6208.8037109375,4183166.0,0.7794344685350304
7127.27099609375,6884.89453125,-604.9838256835938,6779.5,140.04258728027344,6543.83349609375,2259.088134765625,6603.66455078125,6410.42236328125,6359.236328125,4199832.0,0.7825397851427396
7078.9658203125,6670.478515625,5986.849609375,-1779.790283203125,6735.97314453125,6390.56884765625,-513.2771606445312,6509.1875,6571.615234375,6176.806640625,4216498.0,0.7856451017504489
7092.52490234375,6767.78466796875,-53.513980865478516,6564.55517578125,6620.1455078125,6346.61328125,5919.833984375,6484.6103515625,-155.9829864501953,6241.0986328125,4233164.0,0.7887504183581582
6918.88623046875,7059.2255859375,5653.8203125,6667.50830078125,499.32574462890625,-1649.1466064453125,435.9977111816406,6445.1533203125,6536.08203125,6292.64208984375,4249830.0,0.7918557349658675
6831.62939453125,6919.00927734375,6123.4873046875,6857.28076171875,6796.44140625,6583.55712890625,3555.745361328125,6035.6650390625,6493.23779296875,6276.626953125,4266496.0,0.7949610515735768
7036.39111328125,6945.98681640625,5962.60302734375,6773.759765625,6933.84765625,6518.84765625,5470.3642578125,6292.71240234375,6532.29052734375,-2067.570068359375,4283162.0,0.7980663681812861
2400.426025390625,6815.7587890625,5783.5517578125,6844.556640625,6692.03515625,6793.58837890625,6043.94775390625,6001.62939453125,6654.6650390625,-44.854740142822266,4299828.0,0.8011716847889954
6974.34130859375,-1359.80322265625,-1710.172119140625,6600.119140625,6743.32373046875,6450.04541015625,6110.58642578125,-1144.589599609375,6358.37939453125,-1780.903076171875,4316494.0,0.8042770013967047
7053.29248046875,-1486.697265625,-995.3325805664062,6724.75537109375,6616.01318359375,6324.11328125,5800.06640625,548.5401611328125,6389.2041015625,4446.5810546875,4333160.0,0.807382318004414
6853.14501953125,-45.12156295776367,5572.89794921875,5826.138671875,6918.6220703125,6832.08740234375,5886.67578125,5890.90478515625,6530.30419921875,5417.63525390625,4349826.0,0.8104876346121231
7208.92431640625,-775.1546020507812,5677.0166015625,6436.7490234375,6975.228515625,6702.75537109375,-1460.00634765625,58.53019714355469,2319.862060546875,24.694795608520508,4366492.0,0.8135929512198324
7009.31494140625,213.40357971191406,1586.4993896484375,2028.71484375,6594.20849609375,6715.63427734375,4901.87890625,5384.62158203125,6464.54833984375,5181.48486328125,4383158.0,0.8166982678275417
6930.32568359375,5721.4375,5983.92626953125,611.5010375976562,6854.626953125,6685.11376953125,6102.56884765625,1306.4254150390625,6403.45947265625,3065.615478515625,4399824.0,0.819803584435251
7092.1005859375,6034.55615234375,6132.05126953125,6439.0595703125,6893.07421875,6675.5302734375,5859.83935546875,5862.568359375,6308.94970703125,5532.29638671875,4416490.0,0.8229089010429603
7270.8984375,6219.26904296875,4289.98193359375,6527.10888671875,6684.4306640625,6551.5009765625,6083.99853515625,6284.63037109375,6631.07373046875,5412.66748046875,4433156.0,0.8260142176506696
7069.9228515625,-1979.3563232421875,6127.54052734375,6750.447265625,6764.2353515625,6360.6044921875,5927.32568359375,6430.52685546875,6564.66943359375,5040.29443359375,4449822.0,0.8291195342583789
7053.96044921875,-985.2774658203125,1514.2318115234375,6705.5888671875,2944.961669921875,6393.53369140625,-1551.6737060546875,6156.2890625,5433.24951171875,5920.6259765625,4466488.0,0.8322248508660882
7145.10400390625,5878.32958984375,6293.9814453125,6698.927734375,1317.1129150390625,6559.298828125,4930.73583984375,6230.0595703125,6432.49560546875,5881.88134765625,4483154.0,0.8353301674737975
6810.66162109375,4888.53369140625,5980.376953125,6678.5927734375,6920.0068359375,1911.725341796875,5480.1806640625,3534.822021484375,6317.0791015625,5874.98046875,4499820.0,0.8384354840815067
7239.20751953125,5779.20263671875,5858.912109375,6798.3662109375,6829.99169921875,-1637.1937255859375,-1408.3621826171875,6100.26171875,-1374.0379638671875,6183.07373046875,4516486.0,0.841540800689216
6836.9228515625,5740.56201171875,424.874267578125,6890.7548828125,6983.04638671875,6379.38916015625,4569.07568359375,6315.75244140625,-1226.017333984375,2136.837890625,4533152.0,0.8446461172969253
7355.0146484375,6231.23095703125,-580.6170043945312,6309.95068359375,6851.10693359375,6450.59716796875,5984.6572265625,6276.6767578125,2424.302001953125,6099.923828125,4549818.0,0.8477514339046346
7141.1884765625,6331.64306640625,6020.498046875,6724.93017578125,6864.06494140625,6545.28759765625,6176.236328125,6396.69384765625,-1720.36181640625,5827.12255859375,4566484.0,0.8508567505123439
6885.05810546875,-1805.98828125,434.4678039550781,-596.7792358398438,6728.7001953125,6275.36474609375,5281.20068359375,6504.08984375,5476.58203125,6193.3818359375,4583150.0,0.8539620671200532
7115.15869140625,6460.37744140625,-926.3136596679688,-1718.525146484375,6749.59521484375,94.26293182373047,6235.67431640625,6313.02685546875,1894.490966796875,6035.404296875,4599816.0,0.8570673837277625
7040.62744140625,6529.818359375,5972.76708984375,5876.130859375,6902.63916015625,6275.015625,6183.27587890625,6442.64404296875,6279.736328125,-1081.977294921875,4616482.0,0.8601727003354718
7031.06591796875,6418.6513671875,6320.4326171875,6444.857421875,-2114.05224609375,6666.36181640625,5260.65234375,-140.30906677246094,6231.322265625,6258.67333984375,4633148.0,0.8632780169431811
6861.3203125,4634.1787109375,6020.21240234375,6433.01025390625,-21.771371841430664,6512.19873046875,5973.12109375,-726.0026245117188,6317.4404296875,6206.5048828125,4649814.0,0.8663833335508903
6757.8916015625,1030.1571044921875,6030.76123046875,-2633.641357421875,-1590.88232421875,6666.2265625,6247.73486328125,6410.67578125,6182.77392578125,6097.38623046875,4666480.0,0.8694886501585996
-849.198486328125,-2738.73876953125,5968.20068359375,545.7946166992188,-1453.8529052734375,6511.47802734375,5333.5791015625,6545.6015625,6213.0263671875,6038.361328125,4683146.0,0.8725939667663088
-729.76220703125,-825.3402099609375,6310.33642578125,5532.02880859375,-1009.8316650390625,6468.59033203125,5779.42578125,3034.98095703125,6427.32470703125,6144.716796875,4699812.0,0.8756992833740181
5068.28662109375,6133.4130859375,6322.798828125,5826.107421875,-1188.3155517578125,6401.8828125,6301.74609375,6152.3056640625,6320.24072265625,6068.83349609375,4716478.0,0.8788045999817274
5847.06787109375,-386.1591491699219,6200.37353515625,5972.0595703125,4715.228515625,6636.392578125,6347.76416015625,6339.79248046875,6508.05419921875,6407.63720703125,4733144.0,0.8819099165894367
6191.88525390625,6069.78466796875,6190.1689453125,-619.0278930664062,5906.42919921875,6665.73583984375,6172.1025390625,6290.93310546875,6319.328125,6168.43408203125,4749810.0,0.885015233197146
6856.99365234375,6124.314453125,6072.89794921875,6001.6669921875,6261.58740234375,6599.298828125,6118.06640625,127.19019317626953,6165.04638671875,6130.283203125,4766476.0,0.8881205498048553
6840.2841796875,6519.94287109375,6447.748046875,6404.15185546875,6392.6767578125,6674.6884765625,5922.6669921875,-2089.329833984375,6549.58544921875,6305.93310546875,4783142.0,0.8912258664125646
6876.7041015625,6393.927734375,6196.5048828125,6365.142578125,6310.65673828125,6800.09619140625,6260.08447265625,-2594.80126953125,6426.6064453125,6487.453125,4799808.0,0.8943311830202738
6798.77783203125,6793.9453125,5987.33203125,6509.9599609375,6476.54931640625,6593.5078125,6378.5341796875,-602.7396240234375,6575.37255859375,6168.375,4816474.0,0.8974364996279831
6692.7978515625,6736.060546875,6239.1240234375,6242.04931640625,6339.64013671875,6561.8544921875,6166.9365234375,-849.9398803710938,6684.1474609375,4813.6220703125,4833140.0,0.9005418162356924
-734.1017456054688,6743.4296875,5969.7685546875,6428.91064453125,6665.70947265625,-2135.725830078125,6112.443359375,-1783.4388427734375,6452.22216796875,-1435.96826171875,4849806.0,0.9036471328434017
5987.18115234375,6687.7919921875,5940.1865234375,-629.6795654296875,6655.38525390625,6409.75244140625,6184.08544921875,-1765.763671875,6643.52490234375,2923.085205078125,4866472.0,0.906752449451111
-1525.80615234375,6392.23291015625,335.5562438964844,2236.465087890625,6367.0146484375,6423.33056640625,-561.0420532226562,-1920.2777099609375,6212.18359375,5999.49560546875,4883138.0,0.9098577660588203
6193.82080078125,6660.59228515625,-1313.143310546875,6410.90478515625,4570.71630859375,5336.4541015625,-784.4568481445312,-1107.137451171875,2554.974853515625,-1112.72412109375,4899804.0,0.9129630826665296
6441.56787109375,6610.927734375,-1228.5142822265625,6293.248046875,6589.06640625,5857.3212890625,-1664.17626953125,-685.875,-74.55609130859375,5969.38330078125,4916470.0,0.9160683992742389
6525.064453125,6669.2392578125,-1374.6585693359375,3146.829833984375,6203.9912109375,1620.158203125,4.293540000915527,555.204833984375,5947.0185546875,6017.21337890625,4933136.0,0.9191737158819482
6568.275390625,6703.802734375,5439.78076171875,6318.27734375,6458.068359375,5924.57861328125,-1018.6851196289062,51.66484832763672,6117.7890625,6307.9150390625,4949802.0,0.9222790324896575
6927.66357421875,6509.94580078125,-783.3861694335938,6666.4833984375,6387.46875,-2692.414306640625,80.41194915771484,5586.91845703125,6017.14599609375,5976.05029296875,4966468.0,0.9253843490973667
7006.1298828125,6603.36962890625,5801.16650390625,-308.2532958984375,6616.2724609375,-1808.249755859375,-774.4383544921875,5653.69287109375,3027.236083984375,4859.10400390625,4983134.0,0.928489665705076
6920.28271484375,6853.41748046875,6386.09619140625,6659.046875,6495.72412109375,3734.91064453125,5393.4345703125,5758.9521484375,6247.06103515625,6265.1123046875,4999800.0,0.9315949823127853
