eval/return/2unzgmic,eval/return/oyjbbtoz,eval/return/2v53e6ll,eval/return/ksmq1az3,eval/return/bdg6vbhz,eval/return/uylqajfa,eval/return/mzxdfi4y,eval/return/pui2k4q6,eval/return/euaqhaad,eval/return/crfjo9kl,step,wallclock
261.69378662109375,132.322509765625,66.76133728027344,165.4729461669922,76.56124114990234,76.39790344238281,76.94709777832031,71.61188507080078,121.80447387695312,71.54074096679688,1.0,0.0
476.8337097167969,546.1049194335938,279.0821533203125,363.223876953125,369.35504150390625,309.10626220703125,463.9072570800781,395.8117370605469,485.4389343261719,362.1434020996094,16666.0,0.007299957894506278
387.98480224609375,518.1015014648438,450.56829833984375,259.30047607421875,505.31658935546875,358.4958190917969,465.5656433105469,585.2266845703125,324.6608581542969,535.8861694335938,33332.0,0.014599915789012556
469.9643859863281,425.5201721191406,410.0272216796875,422.35382080078125,693.814453125,337.9429931640625,573.1597900390625,479.8460998535156,511.227294921875,490.68701171875,49998.0,0.021899873683518836
315.70294189453125,535.995361328125,909.823974609375,494.8706359863281,586.4551391601562,521.1312255859375,458.92626953125,449.3717346191406,526.0654907226562,459.865234375,66664.0,0.029199831578025113
339.3721618652344,989.457763671875,578.046875,748.0621337890625,628.3419189453125,652.6036987304688,503.28472900390625,462.56304931640625,514.7734985351562,523.7380981445312,83330.0,0.036499789472531394
855.8877563476562,665.9447631835938,665.3291015625,857.9661254882812,425.7420959472656,491.7490234375,466.1212158203125,883.4801635742188,515.6146850585938,493.5760192871094,99996.0,0.04379974736703767
568.0364379882812,1010.8232421875,795.274169921875,661.0807495117188,1298.78515625,1033.8988037109375,656.3345336914062,527.6179809570312,417.8701171875,773.6954345703125,116662.0,0.05109970526154395
1270.979248046875,606.4735717773438,630.6190185546875,458.9555358886719,577.2821655273438,825.0217895507812,542.5620727539062,590.5945434570312,499.9205322265625,623.85498046875,133328.0,0.058399663156050226
768.6749267578125,463.974365234375,1103.6131591796875,806.1522827148438,923.5368041992188,899.8800659179688,756.64697265625,599.301513671875,586.125244140625,591.2293701171875,149994.0,0.0656996210505565
1359.4344482421875,567.8868408203125,496.275390625,1249.6746826171875,608.0786743164062,701.1900024414062,988.2705078125,427.82098388671875,524.6817016601562,827.9562377929688,166660.0,0.07299957894506279
792.5252075195312,1018.4443969726562,884.3009033203125,1592.9205322265625,702.122314453125,1551.2926025390625,440.7331237792969,832.8436279296875,551.6680297851562,1564.9417724609375,183326.0,0.08029953683956906
438.3468322753906,1294.890625,709.879638671875,2071.615478515625,682.5451049804688,884.5055541992188,1090.5948486328125,1374.2298583984375,728.4718627929688,668.899169921875,199992.0,0.08759949473407534
1085.45068359375,768.252685546875,619.1381225585938,623.3698120117188,996.37646484375,733.565673828125,494.03839111328125,1651.4737548828125,609.5262451171875,1094.8160400390625,216658.0,0.09489945262858161
1763.41064453125,1337.016357421875,710.31591796875,857.246826171875,807.47119140625,739.2949829101562,756.929443359375,1082.11279296875,771.1859130859375,892.5800170898438,233324.0,0.1021994105230879
1707.863037109375,1430.374267578125,674.0048828125,3705.180419921875,709.69921875,932.8329467773438,770.7217407226562,1147.49462890625,1339.126953125,1036.61328125,249990.0,0.10949936841759417
727.2849731445312,1819.6279296875,926.070068359375,4248.37060546875,1663.2757568359375,881.0173950195312,1183.1253662109375,1394.965087890625,633.2521362304688,2191.191650390625,266656.0,0.11679932631210045
1407.988037109375,597.3785400390625,587.902099609375,5462.6171875,1257.7044677734375,720.1094360351562,754.7506103515625,836.1821899414062,1948.63232421875,1584.4619140625,283322.0,0.12409928420660674
1502.8089599609375,2151.65576171875,2030.3846435546875,5376.115234375,4122.90771484375,1657.5958251953125,2043.2608642578125,5273.16015625,942.8025512695312,5046.85107421875,299988.0,0.131399242101113
1885.501953125,2545.4345703125,5052.2861328125,5368.20458984375,1592.0614013671875,2011.6519775390625,1797.012939453125,894.2041015625,546.101318359375,5081.28564453125,316654.0,0.13869919999561928
2727.814697265625,2080.74365234375,5121.36962890625,5163.87841796875,530.27685546875,1372.8345947265625,2342.17626953125,569.6602783203125,1025.0208740234375,5199.8046875,333320.0,0.14599915789012557
2638.726318359375,1432.7445068359375,4046.00341796875,5313.970703125,3431.5703125,2628.3671875,5249.24560546875,499.83160400390625,1345.313720703125,3310.357177734375,349986.0,0.15329911578463185
5230.10546875,4712.33642578125,5172.49267578125,5456.87060546875,2438.40087890625,1319.408447265625,1852.2479248046875,222.92115783691406,2480.81298828125,5037.92236328125,366652.0,0.16059907367913812
5157.640625,3956.310546875,954.1288452148438,5504.34375,2534.720947265625,5136.17333984375,1844.62255859375,465.3721618652344,792.9364013671875,1571.18212890625,383318.0,0.1678990315736444
4932.92919921875,1726.5157470703125,5028.0908203125,5533.59423828125,2537.814453125,1625.4439697265625,3845.477294921875,314.15631103515625,5106.71044921875,5180.1171875,399984.0,0.17519898946815068
784.0985717773438,5649.66064453125,5047.99755859375,5513.7236328125,3145.289306640625,1156.6419677734375,5293.55712890625,559.4577026367188,590.5628662109375,5246.4189453125,416650.0,0.18249894736265695
4969.1064453125,5639.3447265625,5056.58642578125,5561.1689453125,1033.1297607421875,2845.557861328125,1684.5018310546875,456.7890625,5121.44970703125,5216.68310546875,433316.0,0.18979890525716323
4986.1533203125,5596.90625,5093.07373046875,5392.19482421875,5374.1572265625,5265.396484375,5325.47265625,358.8574523925781,1745.0562744140625,5110.93505859375,449982.0,0.19709886315166952
515.0196533203125,5636.7626953125,952.4064331054688,5546.92529296875,4333.234375,2140.489990234375,3761.587890625,160.63233947753906,5131.73876953125,5099.37744140625,466648.0,0.2043988210461758
5188.54248046875,1807.482421875,5081.5908203125,5460.96337890625,3486.6005859375,4211.92919921875,1572.95849609375,124.0423812866211,5189.81298828125,5379.87646484375,483314.0,0.21169877894068206
281.0185852050781,5596.35693359375,5026.91259765625,535.385498046875,4554.6474609375,963.8569946289062,5188.2666015625,132.49197387695312,5207.31591796875,5260.92626953125,499980.0,0.21899873683518833
1459.250732421875,5868.572265625,5041.88232421875,5477.42578125,5412.26708984375,5161.1201171875,5155.87548828125,154.73016357421875,633.1265869140625,5290.47412109375,516646.0,0.22629869472969463
5250.1904296875,5795.69482421875,3032.28466796875,5460.8623046875,2011.8739013671875,5116.671875,5349.22314453125,303.22509765625,5149.30078125,2055.465087890625,533312.0,0.2335986526242009
3952.28076171875,3761.842529296875,4926.63330078125,5441.857421875,5345.10107421875,5200.20556640625,5385.52783203125,236.34121704101562,822.8653564453125,5202.2734375,549978.0,0.24089861051870717
5240.5859375,4419.17626953125,5202.67919921875,5481.6826171875,1797.7734375,5274.66748046875,5398.96875,153.13186645507812,3162.249755859375,5139.5888671875,566644.0,0.24819856841321347
5359.5390625,5742.11767578125,4928.29248046875,5614.673828125,5274.5224609375,5173.35205078125,5396.24609375,240.47666931152344,5080.4677734375,5374.2646484375,583310.0,0.25549852630771974
5259.97802734375,6006.85205078125,4610.2978515625,5579.73876953125,5314.81396484375,5230.97119140625,5463.73046875,143.74591064453125,5217.56787109375,5437.609375,599976.0,0.262798484202226
1166.771728515625,5871.7294921875,5027.4990234375,5661.568359375,3959.14990234375,1438.9315185546875,5511.20751953125,92.4176025390625,5092.765625,5338.82421875,616642.0,0.2700984420967323
3608.62255859375,2456.965087890625,5158.88134765625,1565.429443359375,5275.974609375,4975.21875,523.3499755859375,161.18829345703125,2046.5135498046875,5332.142578125,633308.0,0.27739839999123855
5290.9658203125,5960.97509765625,5157.25,5466.2275390625,5195.96728515625,5075.89892578125,5436.46630859375,336.9766540527344,5244.7998046875,5278.8857421875,649974.0,0.2846983578857448
5373.50390625,5093.91357421875,1032.134521484375,5413.1201171875,2992.048583984375,5077.3857421875,5379.177734375,656.9259643554688,5258.4599609375,5336.61328125,666640.0,0.29199831578025115
5245.07861328125,6246.794921875,5135.31201171875,5392.5986328125,5462.63037109375,3850.070556640625,5431.2275390625,529.56982421875,5233.1943359375,5457.27978515625,683306.0,0.2992982736747574
5441.03857421875,6006.0595703125,5275.70068359375,5589.896484375,5319.30712890625,5151.9541015625,5194.47802734375,348.41748046875,5177.2451171875,5350.53857421875,699972.0,0.3065982315692637
652.1727294921875,5890.37353515625,2448.280029296875,5563.50634765625,5491.62451171875,5255.1396484375,5448.0458984375,231.47232055664062,5137.220703125,5395.8701171875,716638.0,0.31389818946376996
3471.410400390625,6116.21435546875,5270.86865234375,5577.822265625,5293.56005859375,5143.80224609375,5439.46826171875,216.95175170898438,5373.9736328125,5476.814453125,733304.0,0.32119814735827623
5399.798828125,5481.72119140625,2674.353515625,5512.8203125,5046.712890625,5188.7490234375,5303.30615234375,327.6945495605469,5235.619140625,4664.66064453125,749970.0,0.3284981052527825
5414.6083984375,6109.66650390625,5261.6630859375,5548.8876953125,5233.59130859375,5155.38623046875,5457.994140625,347.9839172363281,5235.384765625,5364.50439453125,766636.0,0.3357980631472888
5157.986328125,6087.6748046875,714.567626953125,5539.0302734375,5259.259765625,5152.79345703125,5151.84033203125,422.3641357421875,5292.3271484375,5247.408203125,783302.0,0.3430980210417951
5292.77685546875,6015.14990234375,1703.7593994140625,5634.5126953125,5409.892578125,3958.965087890625,5542.6044921875,214.09678649902344,5271.447265625,5412.37548828125,799968.0,0.35039797893630137
4362.11767578125,5879.32275390625,5156.90576171875,3199.482666015625,5405.44189453125,5224.40283203125,5439.81591796875,204.67054748535156,5346.4072265625,5464.03125,816634.0,0.35769793683080764
5207.41748046875,6149.294921875,5115.24365234375,5489.32470703125,5400.58251953125,5114.95361328125,5429.41943359375,203.22520446777344,5246.0625,5325.888671875,833300.0,0.3649978947253139
5276.27392578125,6044.10302734375,5204.90673828125,5383.0263671875,5359.56787109375,5191.32568359375,5266.59912109375,337.1717834472656,5345.45458984375,5296.45751953125,849966.0,0.3722978526198202
5410.80517578125,5561.29833984375,5229.978515625,5593.82421875,5481.67236328125,5381.57275390625,5493.69775390625,252.08438110351562,5317.24267578125,5394.05078125,866632.0,0.37959781051432645
5353.072265625,6280.8759765625,5191.4892578125,5442.63232421875,5377.765625,5152.18505859375,5475.033203125,487.03009033203125,5019.92333984375,5365.93359375,883298.0,0.3868977684088327
5482.173828125,3341.5126953125,5196.677734375,5498.17822265625,5441.07177734375,3821.6669921875,2990.84716796875,430.51910400390625,5277.78369140625,5440.0595703125,899964.0,0.39419772630333905
5399.0849609375,6176.56005859375,5047.57080078125,5542.16455078125,5133.462890625,5058.27197265625,5390.69091796875,528.319091796875,5203.63427734375,5395.27734375,916630.0,0.4014976841978453
5542.43310546875,6259.6005859375,5277.5126953125,5587.30224609375,5311.16796875,5072.294921875,5506.5283203125,733.3568725585938,5272.8544921875,4704.2978515625,933296.0,0.4087976420923516
2783.5927734375,6280.56005859375,5181.8291015625,5452.6982421875,5168.45703125,5321.96630859375,5265.04150390625,447.1570129394531,5166.474609375,5275.25927734375,949962.0,0.41609759998685786
5476.4755859375,6197.220703125,5306.396484375,5533.70751953125,5296.14453125,5445.04052734375,5437.2451171875,445.9871826171875,5271.69921875,5233.9423828125,966628.0,0.42339755788136413
2779.07568359375,6217.56396484375,5244.03271484375,5402.45947265625,5348.68408203125,5311.67138671875,5286.9931640625,353.86883544921875,5258.56005859375,5308.2216796875,983294.0,0.4306975157758704
5435.4619140625,6449.85400390625,3922.360107421875,5707.8447265625,5381.7294921875,5287.09521484375,5407.5693359375,402.5765686035156,4846.01708984375,5414.69140625,999960.0,0.43799747367037667
5477.5390625,6308.38671875,5388.00537109375,5556.77294921875,793.4065551757812,4902.57958984375,5626.60498046875,333.4872741699219,2968.44482421875,5479.2216796875,1016626.0,0.445297431564883
5477.7451171875,6203.2119140625,5234.412109375,5346.33349609375,5296.26171875,5058.66650390625,5428.82763671875,399.66241455078125,5271.35205078125,5387.3330078125,1033292.0,0.45259738945938927
5466.583984375,6290.34912109375,5174.97802734375,5583.087890625,5243.44775390625,5076.51708984375,5455.37548828125,520.9583740234375,5136.52197265625,4354.63818359375,1049958.0,0.45989734735389554
5201.86279296875,6057.50634765625,5207.56591796875,5313.72021484375,5436.5234375,5338.5732421875,5477.36962890625,542.5552978515625,5185.48828125,5445.95654296875,1066624.0,0.4671973052484018
5468.17626953125,6215.1865234375,5393.970703125,5581.24072265625,5277.36572265625,5255.36767578125,5657.75732421875,410.3423767089844,5250.02490234375,5498.90673828125,1083290.0,0.4744972631429081
5608.57763671875,6270.064453125,5175.017578125,5585.876953125,4760.91162109375,5226.6103515625,447.1597595214844,421.6826477050781,5279.87060546875,2030.1300048828125,1099956.0,0.48179722103741435
5518.4814453125,6243.76806640625,5326.7861328125,5517.404296875,5247.5419921875,5588.7490234375,5646.05126953125,386.6302185058594,5303.28759765625,5487.13623046875,1116622.0,0.4890971789319206
1655.0863037109375,944.1033935546875,5296.8505859375,5370.9111328125,5322.72412109375,5483.0458984375,5551.02392578125,434.49334716796875,5242.37158203125,5385.07275390625,1133288.0,0.49639713682642694
5449.0712890625,6347.43603515625,614.4884033203125,5503.1103515625,4036.186767578125,5367.11376953125,5659.79833984375,307.2402648925781,4591.31689453125,2082.415283203125,1149954.0,0.5036970947209332
5232.82421875,6403.85546875,5105.42333984375,5602.4990234375,5236.7216796875,5222.27685546875,5563.3818359375,282.0606689453125,5155.869140625,5507.75634765625,1166620.0,0.5109970526154395
5355.400390625,6528.61083984375,5312.72509765625,2972.179443359375,5472.23583984375,5260.96728515625,5804.5400390625,418.9718322753906,5309.3583984375,1613.2886962890625,1183286.0,0.5182970105099457
5599.51611328125,6309.603515625,930.5283813476562,5498.0283203125,5379.85302734375,653.5870361328125,5577.552734375,471.0756530761719,5277.208984375,1022.6166381835938,1199952.0,0.525596968404452
3140.0625,6671.5986328125,5420.84130859375,5406.44580078125,5493.32666015625,5222.5849609375,5342.35986328125,597.1647338867188,5244.10546875,3233.871826171875,1216618.0,0.5328969262989584
3621.8759765625,6174.84619140625,5208.76513671875,2620.9384765625,5517.2109375,4054.773681640625,5597.7265625,440.234375,5262.92236328125,4828.84716796875,1233284.0,0.5401968841934646
5279.5537109375,6526.640625,4766.41455078125,2315.203857421875,5473.73046875,5598.30859375,5668.947265625,384.15716552734375,5191.43798828125,5410.041015625,1249950.0,0.5474968420879709
5596.1748046875,6372.25,5178.0576171875,5555.9052734375,5375.40087890625,5298.3662109375,5349.6220703125,438.2152099609375,2662.399169921875,3821.50830078125,1266616.0,0.5547967999824771
5563.0078125,6484.0712890625,5308.8291015625,932.2047119140625,4451.40673828125,672.6738891601562,4599.32958984375,424.783447265625,5320.84814453125,5569.05419921875,1283282.0,0.5620967578769834
970.0507202148438,1501.9754638671875,1956.728759765625,4878.4541015625,5536.26025390625,5291.76953125,5686.4306640625,691.4896850585938,5158.64208984375,5540.55419921875,1299948.0,0.5693967157714896
5318.83203125,6714.3369140625,5340.99755859375,5566.24072265625,5324.8759765625,5129.056640625,5638.57373046875,489.6836853027344,5432.68408203125,5432.90869140625,1316614.0,0.576696673665996
5329.06591796875,6660.14794921875,5316.63623046875,5606.45458984375,5525.91357421875,1855.5408935546875,451.3865661621094,613.9830932617188,5513.873046875,4511.95068359375,1333280.0,0.5839966315605023
5497.337890625,6473.9765625,5312.4091796875,5526.10498046875,791.2228393554688,5301.96875,5699.7958984375,502.8086853027344,729.7072143554688,2581.349853515625,1349946.0,0.5912965894550085
5387.93896484375,6330.71875,5347.7548828125,5482.94970703125,4950.02392578125,5458.80615234375,5554.59375,529.8657836914062,5369.64599609375,5528.849609375,1366612.0,0.5985965473495148
5445.603515625,6454.37646484375,5284.703125,5575.11474609375,3095.26953125,5312.2119140625,1283.187744140625,560.8218383789062,5029.27783203125,5353.9462890625,1383278.0,0.605896505244021
5214.62939453125,6869.12646484375,5426.8466796875,987.1964721679688,5400.68212890625,5374.7724609375,5687.8935546875,516.6739501953125,5282.990234375,5232.58154296875,1399944.0,0.6131964631385274
1628.3536376953125,6372.68994140625,5236.41064453125,5494.7998046875,5374.6533203125,1950.9891357421875,5778.26123046875,429.2042541503906,1155.465087890625,5402.7314453125,1416610.0,0.6204964210330336
5798.642578125,5814.47216796875,5226.97802734375,5439.30908203125,5458.86572265625,5293.0712890625,5760.46728515625,508.9769592285156,5529.04443359375,5527.15869140625,1433276.0,0.6277963789275399
5608.6572265625,6613.99853515625,5374.4287109375,5313.14453125,4476.96630859375,5125.80078125,5480.44970703125,408.2770690917969,5274.09814453125,5323.73291015625,1449942.0,0.6350963368220462
3845.1328125,6567.98388671875,5317.37939453125,5484.39306640625,1703.4874267578125,4376.6650390625,5647.2900390625,369.0052490234375,5389.50634765625,5582.33740234375,1466608.0,0.6423962947165525
5541.39794921875,6605.58447265625,5277.42236328125,5620.36083984375,5200.0927734375,5695.00244140625,5944.1337890625,414.814453125,5390.5205078125,5597.12158203125,1483274.0,0.6496962526110588
5320.7978515625,6682.13525390625,5394.34619140625,5715.572265625,5234.54248046875,5590.912109375,5758.142578125,725.1227416992188,1885.6717529296875,5698.49560546875,1499940.0,0.656996210505565
3658.812255859375,6775.310546875,1209.8795166015625,5643.20703125,5103.1201171875,6104.85791015625,6000.32275390625,526.8231811523438,5429.9326171875,5484.27294921875,1516606.0,0.6642961684000713
447.9000244140625,6481.572265625,5341.65673828125,5667.751953125,5364.72021484375,5232.74853515625,5590.58642578125,506.0103759765625,5529.40869140625,5615.72802734375,1533272.0,0.6715961262945775
5556.86474609375,6665.86474609375,5428.38330078125,5500.37841796875,5437.15625,5848.36865234375,5911.07666015625,430.28375244140625,5312.81640625,5658.81689453125,1549938.0,0.6788960841890839
5463.4521484375,6683.61572265625,1200.4647216796875,5634.49560546875,5278.3896484375,5541.296875,6173.9033203125,538.1629028320312,5372.259765625,5443.25,1566604.0,0.6861960420835902
556.270751953125,6686.41015625,5227.24609375,5407.01025390625,5422.1337890625,5795.78955078125,5580.19873046875,625.6594848632812,5472.384765625,5486.943359375,1583270.0,0.6934959999780964
5848.0263671875,6717.3916015625,5424.6591796875,5680.8203125,4224.98193359375,5854.8994140625,5927.06201171875,474.37542724609375,5465.7919921875,5681.06787109375,1599936.0,0.7007959578726027
5652.2060546875,6690.97265625,5464.224609375,5460.60546875,5517.58984375,5697.6123046875,5719.65087890625,662.10302734375,5328.0205078125,5243.978515625,1616602.0,0.708095915767109
2118.626708984375,6723.2900390625,5341.32373046875,5792.40185546875,5545.84765625,6027.2373046875,5845.08544921875,450.6041259765625,5207.24853515625,5588.22900390625,1633268.0,0.7153958736616153
5607.69189453125,6477.3427734375,5381.2177734375,1364.7442626953125,5278.755859375,6009.00244140625,5957.60400390625,502.8621520996094,5341.212890625,5696.00830078125,1649934.0,0.7226958315561215
5808.2978515625,6815.08935546875,5381.85205078125,5732.58837890625,5375.13037109375,5735.53466796875,5810.13818359375,405.2384033203125,5308.9111328125,5376.2294921875,1666600.0,0.7299957894506278
5656.2978515625,6763.65185546875,5404.4580078125,5798.68212890625,5464.57568359375,4544.7197265625,5981.54541015625,413.6439208984375,1041.438720703125,5568.216796875,1683266.0,0.7372957473451341
5677.0048828125,1639.1015625,5293.48291015625,5802.0458984375,5509.41650390625,5868.97216796875,5949.76416015625,768.131103515625,5312.5009765625,5323.4716796875,1699932.0,0.7445957052396404
5806.6103515625,6575.53369140625,5444.94140625,5649.08935546875,5527.6376953125,5111.96142578125,5868.67822265625,447.187255859375,5608.5791015625,772.6998291015625,1716598.0,0.7518956631341467
5441.0126953125,6686.49951171875,5384.78466796875,5682.837890625,5442.1669921875,5921.943359375,5890.35693359375,465.90020751953125,1684.535888671875,5742.14794921875,1733264.0,0.7591956210286529
5808.50537109375,4081.8798828125,5520.990234375,5694.71533203125,5456.0078125,5977.02978515625,5885.490234375,456.4054870605469,5425.1806640625,5385.56005859375,1749930.0,0.7664955789231592
5746.369140625,6894.9443359375,5151.9892578125,5693.92626953125,5429.0029296875,5670.9326171875,5803.56689453125,445.7754211425781,5365.2275390625,5465.09716796875,1766596.0,0.7737955368176654
4044.313232421875,6737.9140625,5392.01025390625,5753.5224609375,5355.75537109375,5582.58154296875,6106.07470703125,428.1219787597656,5544.92529296875,5408.38623046875,1783262.0,0.7810954947121718
5772.16552734375,1770.839111328125,5384.26220703125,5741.47705078125,5527.16650390625,6102.63525390625,5731.71533203125,547.1541137695312,5349.76025390625,5370.21044921875,1799928.0,0.7883954526066781
5810.61669921875,6696.1376953125,5007.75048828125,5714.36669921875,5540.83056640625,5951.98193359375,6099.0419921875,552.347412109375,5491.5634765625,5877.60498046875,1816594.0,0.7956954105011843
1050.425537109375,6743.470703125,5419.45361328125,5722.4453125,5184.76171875,5888.9267578125,5755.6552734375,433.12750244140625,3696.176513671875,5710.3896484375,1833260.0,0.8029953683956906
5805.40625,6813.54541015625,2123.9013671875,5618.2373046875,5504.2841796875,5784.7939453125,5710.39697265625,518.0681762695312,5596.6552734375,5836.77978515625,1849926.0,0.8102953262901968
5766.396484375,6698.38427734375,5576.25537109375,5590.3173828125,5613.1083984375,6070.4892578125,6081.0849609375,415.0126953125,5444.330078125,5608.5400390625,1866592.0,0.8175952841847032
5611.34033203125,6132.11279296875,5284.3994140625,5566.33251953125,5613.29052734375,578.3180541992188,6209.4619140625,495.7257080078125,5406.7890625,5445.99267578125,1883258.0,0.8248952420792094
5403.72900390625,6787.00390625,1227.0697021484375,5806.6591796875,5499.7353515625,339.2625732421875,5712.89013671875,537.85400390625,5276.42724609375,5469.57568359375,1899924.0,0.8321951999737157
5732.09130859375,7033.8212890625,5481.38037109375,5828.28662109375,5650.79345703125,5809.1630859375,6032.5419921875,511.3162841796875,5294.3193359375,5571.91455078125,1916590.0,0.839495157868222
5537.8798828125,6780.27001953125,5277.34228515625,5578.591796875,5373.9345703125,6155.4599609375,5950.37890625,522.2504272460938,5384.40185546875,5543.98779296875,1933256.0,0.8467951157627283
6031.01953125,2129.4560546875,5380.0576171875,547.7914428710938,763.8621215820312,5882.6142578125,5930.46923828125,637.3338012695312,5457.51025390625,5412.34814453125,1949922.0,0.8540950736572346
5894.08935546875,935.0717163085938,5484.8857421875,5790.59326171875,5286.48974609375,5873.19140625,5839.35546875,558.3953857421875,2791.461181640625,5878.54150390625,1966588.0,0.8613950315517408
5929.55517578125,7072.02685546875,5543.43408203125,5661.736328125,5480.28173828125,5995.25732421875,5997.197265625,525.5640258789062,5583.01708984375,3965.973388671875,1983254.0,0.8686949894462471
5828.10400390625,6439.75146484375,5568.6669921875,5829.21484375,5087.75048828125,5757.2509765625,6016.68359375,465.56402587890625,5452.18408203125,6012.5185546875,1999920.0,0.8759949473407533
5914.87890625,6766.2080078125,5505.58642578125,5814.40576171875,5474.35595703125,5926.46923828125,6065.8818359375,433.4236145019531,5361.10546875,5815.41650390625,2016586.0,0.8832949052352597
5780.84716796875,6991.36767578125,4872.5263671875,5726.392578125,5415.7158203125,5718.9208984375,6074.29736328125,548.8643188476562,1424.18310546875,6060.01416015625,2033252.0,0.890594863129766
5845.19873046875,7021.3388671875,1297.3585205078125,5811.9638671875,5665.7255859375,5875.30078125,6220.6669921875,569.858154296875,5457.34716796875,6076.40087890625,2049918.0,0.8978948210242722
5957.5068359375,6500.6943359375,5398.71728515625,5842.041015625,5521.89208984375,5875.05078125,6142.869140625,425.0846252441406,5624.94384765625,5808.27001953125,2066584.0,0.9051947789187785
6045.5185546875,5547.755859375,5555.28369140625,5736.77783203125,5515.02099609375,6268.93212890625,5750.8876953125,433.8460998535156,5697.48046875,5490.748046875,2083250.0,0.9124947368132847
5809.6044921875,6459.5458984375,5496.90771484375,5780.2041015625,5626.37451171875,5918.849609375,5752.9482421875,979.39599609375,5633.337890625,5886.8359375,2099916.0,0.9197946947077911
5870.8720703125,6692.4130859375,5593.55859375,5757.58447265625,5493.51123046875,5815.99072265625,5980.45751953125,732.347412109375,5479.2734375,5852.10498046875,2116582.0,0.9270946526022973
5978.02685546875,6824.20556640625,5519.68994140625,5851.125,5696.5673828125,5902.47216796875,5931.40478515625,389.9970703125,5529.07275390625,6132.49462890625,2133248.0,0.9343946104968036
5984.36767578125,7006.869140625,5509.34326171875,5735.076171875,5580.4521484375,6034.2197265625,6127.9697265625,584.7212524414062,5497.14306640625,5832.9267578125,2149914.0,0.9416945683913099
6015.693359375,6944.0146484375,5540.833984375,5750.3701171875,5285.271484375,6116.6962890625,5935.3134765625,610.2371215820312,5615.3984375,5734.0439453125,2166580.0,0.9489945262858162
5963.88134765625,6922.2109375,5476.98046875,5685.77490234375,5488.50341796875,6431.93017578125,5920.8623046875,697.9496459960938,5666.9228515625,5801.017578125,2183246.0,0.9562944841803225
6100.3447265625,6575.9521484375,5563.8603515625,5705.45166015625,5242.310546875,1436.049560546875,2363.89794921875,553.5753173828125,5591.1416015625,5799.8408203125,2199912.0,0.9635944420748287
6001.90478515625,7060.99267578125,5593.2880859375,5688.095703125,5355.37158203125,6316.123046875,6029.69921875,486.0884704589844,5712.72705078125,6076.49755859375,2216578.0,0.970894399969335
6057.12548828125,6981.89111328125,5539.84130859375,5725.740234375,5660.30615234375,6412.7158203125,6060.3583984375,905.3174438476562,5761.6416015625,5871.1982421875,2233244.0,0.9781943578638412
6253.5703125,6844.09814453125,5583.62353515625,5742.32958984375,5624.81787109375,6210.60595703125,5616.76611328125,736.5747680664062,5658.62060546875,6012.033203125,2249910.0,0.9854943157583476
6072.31640625,6841.3046875,5574.7412109375,5388.27392578125,5677.5517578125,6209.033203125,5922.298828125,464.69134521484375,5756.125,6088.2158203125,2266576.0,0.9927942736528539
6140.80029296875,6775.44677734375,5585.60205078125,3135.35986328125,5695.708984375,6413.69775390625,5808.017578125,456.6170959472656,5838.439453125,5931.416015625,2283242.0,1.0000942315473602
5894.0361328125,6845.94921875,5569.69287109375,5668.1982421875,5553.8857421875,6078.32470703125,6046.28271484375,923.5985717773438,5677.8603515625,5695.05419921875,2299908.0,1.0073941894418663
5927.38818359375,6302.00439453125,5521.4287109375,5737.6962890625,5562.82861328125,6120.376953125,6145.01806640625,451.44879150390625,5612.66162109375,6056.146484375,2316574.0,1.0146941473363726
6089.3271484375,7041.01171875,5434.16455078125,5679.96142578125,5657.68603515625,5945.89013671875,6090.130859375,411.4731750488281,5423.70654296875,5464.52685546875,2333240.0,1.021994105230879
5869.0986328125,6572.388671875,5722.43798828125,5756.22607421875,5757.72021484375,534.5606689453125,5925.50341796875,478.6380920410156,5750.22705078125,5949.78076171875,2349906.0,1.0292940631253853
6113.2998046875,7045.54248046875,5379.31103515625,5194.53271484375,5657.51953125,6029.767578125,6122.41796875,886.21142578125,5806.4775390625,4997.5947265625,2366572.0,1.0365940210198914
6129.77001953125,6948.23876953125,5578.416015625,5807.07958984375,5710.17431640625,5854.59326171875,6294.34765625,583.5845947265625,5486.02978515625,5836.0595703125,2383238.0,1.0438939789143977
6024.04541015625,7046.771484375,5758.0927734375,4865.7265625,5670.0400390625,6075.21923828125,6223.74755859375,704.955078125,5661.19140625,5861.18310546875,2399904.0,1.051193936808904
582.7172241210938,6972.78271484375,5597.43017578125,5813.18310546875,5698.77880859375,6099.740234375,5616.85107421875,709.6718139648438,5756.5498046875,5112.14453125,2416570.0,1.0584938947034104
5940.8076171875,7073.16162109375,5414.0859375,5849.6474609375,5730.607421875,6307.75439453125,5676.54443359375,421.18377685546875,5798.51220703125,5743.07080078125,2433236.0,1.0657938525979167
6041.39501953125,2737.435791015625,5551.1162109375,5706.89404296875,5708.37841796875,6106.8623046875,5865.8955078125,433.6962585449219,5718.3046875,5846.02880859375,2449902.0,1.0730938104924228
3288.953125,6794.728515625,5657.541015625,2155.992431640625,5643.541015625,6048.861328125,617.474853515625,441.4325256347656,5679.984375,5764.15234375,2466568.0,1.0803937683869291
6341.4384765625,1169.9906005859375,5490.36767578125,5604.12890625,5702.14501953125,6162.185546875,6155.62451171875,456.3936767578125,5640.12548828125,5934.95947265625,2483234.0,1.0876937262814355
6147.19873046875,6904.49365234375,5649.591796875,5571.56640625,2114.660888671875,6026.38427734375,5737.392578125,819.5257568359375,5819.42431640625,5927.25146484375,2499900.0,1.0949936841759418
6120.9384765625,6868.1201171875,5667.87890625,5687.1083984375,3615.316162109375,6116.732421875,6071.09423828125,405.14678955078125,5709.66650390625,6058.7841796875,2516566.0,1.102293642070448
6034.056640625,6788.59912109375,5426.93408203125,5852.546875,3268.9638671875,5993.3505859375,6242.486328125,443.3256530761719,5761.4892578125,6071.29541015625,2533232.0,1.1095935999649542
6192.87744140625,6631.88037109375,5546.68994140625,5871.80322265625,5478.8837890625,697.7821655273438,6276.4345703125,508.63336181640625,5652.9130859375,6136.91259765625,2549898.0,1.1168935578594605
6120.18359375,5460.8203125,1167.365966796875,5438.39453125,971.296875,6114.11474609375,6122.10400390625,472.89276123046875,5656.4189453125,5936.85498046875,2566564.0,1.1241935157539669
5882.58056640625,2315.590087890625,5590.35546875,5729.88134765625,5607.83203125,6457.0703125,6228.60107421875,500.6080627441406,5771.42138671875,6309.90283203125,2583230.0,1.1314934736484732
6085.3427734375,6898.6611328125,5506.5322265625,5777.1025390625,5528.525390625,4591.505859375,333.4941101074219,489.3558044433594,5808.88427734375,6103.8896484375,2599896.0,1.1387934315429793
6253.1669921875,6519.12841796875,5736.9189453125,5696.83935546875,5711.07421875,1143.03173828125,6168.986328125,429.6135559082031,5779.49169921875,6174.4462890625,2616562.0,1.1460933894374856
6120.72314453125,7127.52587890625,3989.9912109375,5740.9873046875,5350.01318359375,472.7472229003906,6251.11865234375,752.3651123046875,5858.69775390625,5849.8359375,2633228.0,1.153393347331992
6059.56640625,6931.0732421875,5811.3115234375,5685.27099609375,5471.96923828125,6522.091796875,6301.6240234375,461.0674133300781,5574.2119140625,6218.28857421875,2649894.0,1.1606933052264983
5501.712890625,6796.2587890625,5540.00830078125,5698.404296875,4056.614990234375,6106.78466796875,6252.3212890625,531.7429809570312,5671.89599609375,6311.53076171875,2666560.0,1.1679932631210046
6157.0439453125,6650.1416015625,5468.88134765625,5572.1806640625,5703.60986328125,6433.78125,6386.94970703125,393.0076599121094,5728.806640625,6021.1337890625,2683226.0,1.1752932210155107
5999.162109375,6568.2275390625,5647.2763671875,426.3016662597656,5245.72802734375,6435.37890625,6416.5390625,431.38525390625,5487.96630859375,6367.03515625,2699892.0,1.182593178910017
5694.42822265625,6167.64697265625,5552.64892578125,5809.39111328125,5342.5400390625,6413.9365234375,6466.9130859375,475.6441345214844,5724.76220703125,4608.69140625,2716558.0,1.1898931368045234
6151.4990234375,6482.275390625,5550.451171875,4981.087890625,5513.49365234375,6422.0712890625,6384.84033203125,513.7694091796875,5585.189453125,5028.63037109375,2733224.0,1.1971930946990297
5755.3154296875,6738.52001953125,5501.103515625,5435.8291015625,5375.84033203125,6090.21337890625,6368.93701171875,445.35870361328125,5547.849609375,5522.75634765625,2749890.0,1.204493052593536
5943.0908203125,6499.9912109375,5601.75830078125,5563.1142578125,5580.7236328125,6216.75927734375,6384.87646484375,695.4737548828125,5739.26416015625,6282.62109375,2766556.0,1.211793010488042
5979.90576171875,6845.4365234375,5513.85498046875,5690.90087890625,5388.57568359375,6299.8037109375,6367.6103515625,509.94366455078125,2134.330322265625,6085.111328125,2783222.0,1.2190929683825484
6238.85791015625,6779.4189453125,5772.21923828125,5664.025390625,5649.66064453125,5419.34423828125,5916.02294921875,510.375244140625,5661.283203125,605.9537963867188,2799888.0,1.2263929262770548
6196.50537109375,6740.6083984375,2771.3046875,5841.01318359375,5582.32763671875,6238.70947265625,6254.10693359375,565.09423828125,5675.16064453125,6068.49853515625,2816554.0,1.233692884171561
6281.27587890625,7168.8876953125,5638.20361328125,5732.2080078125,5599.34326171875,6305.8974609375,6292.13671875,481.5650329589844,5860.712890625,6255.13720703125,2833220.0,1.2409928420660672
6196.28173828125,6949.53076171875,5922.07763671875,5938.39599609375,5501.111328125,6222.0146484375,6234.35107421875,457.7325744628906,5719.04833984375,5748.60302734375,2849886.0,1.2482927999605735
5634.279296875,6774.943359375,5849.29345703125,5827.4560546875,5680.03662109375,5916.224609375,6310.30078125,847.5651245117188,5682.26953125,5858.0625,2866552.0,1.2555927578550798
6197.68212890625,6740.74365234375,5399.67431640625,5885.2529296875,5654.22509765625,5994.48974609375,6279.75,371.26788330078125,5396.482421875,6102.7431640625,2883218.0,1.2628927157495862
6263.294921875,6908.76513671875,5488.50927734375,5873.46435546875,5404.13916015625,6024.3623046875,6311.19287109375,442.13873291015625,5640.1181640625,6150.27197265625,2899884.0,1.2701926736440925
6218.01416015625,6693.8095703125,5716.77685546875,5940.7451171875,5498.5791015625,6384.013671875,6196.07666015625,483.7615966796875,5863.04052734375,6233.80224609375,2916550.0,1.2774926315385986
6101.88671875,7083.1982421875,5703.14892578125,4484.89111328125,5382.2685546875,6012.73095703125,6218.40869140625,601.26611328125,5564.2783203125,6375.4775390625,2933216.0,1.284792589433105
6327.5498046875,6847.94873046875,5183.62109375,5804.78076171875,5552.24267578125,6128.27783203125,6185.4443359375,510.6400451660156,5790.2978515625,6221.92724609375,2949882.0,1.2920925473276113
5402.890625,6835.88916015625,5669.4990234375,546.1719970703125,5431.04931640625,6407.4296875,6223.75341796875,695.4349365234375,5738.126953125,6271.75830078125,2966548.0,1.2993925052221176
6341.1416015625,6592.5087890625,5586.37841796875,1940.475341796875,5665.919921875,6202.8427734375,6233.36083984375,425.9689025878906,5726.951171875,5764.0654296875,2983214.0,1.306692463116624
5877.0986328125,6992.46630859375,5761.21728515625,5729.17431640625,5445.0419921875,6336.44091796875,5623.58740234375,543.5955810546875,5637.3662109375,3842.10009765625,2999880.0,1.31399242101113
6221.92041015625,6916.88232421875,5663.26318359375,5768.46875,5747.8896484375,1199.130615234375,6446.9697265625,485.7169494628906,5761.6865234375,6131.34619140625,3016546.0,1.3212923789056363
6276.521484375,3526.08447265625,5648.17822265625,5719.6044921875,5548.61279296875,6198.056640625,6390.69384765625,529.7232055664062,5754.17919921875,6344.40234375,3033212.0,1.3285923368001427
6272.66796875,7229.7158203125,5815.7724609375,5818.06787109375,5628.81298828125,6079.50732421875,6236.40576171875,427.82257080078125,651.7330932617188,5995.35595703125,3049878.0,1.335892294694649
6384.85986328125,7033.474609375,5662.54931640625,5701.998046875,5726.681640625,6162.11083984375,6233.8681640625,437.6372985839844,5714.12158203125,6124.48828125,3066544.0,1.343192252589155
6229.0419921875,7044.8916015625,5641.568359375,5854.78564453125,5373.36962890625,6144.78076171875,6513.71728515625,540.4179077148438,5745.1669921875,711.7713623046875,3083210.0,1.3504922104836614
6242.98193359375,6995.73388671875,714.2698974609375,5566.83740234375,5448.0693359375,6179.59765625,6404.90771484375,683.5059814453125,5751.48193359375,6254.21435546875,3099876.0,1.3577921683781677
5903.93994140625,6978.73876953125,5691.84228515625,5648.28125,5591.35498046875,6518.8212890625,6558.3916015625,729.0646362304688,5725.95556640625,5994.802734375,3116542.0,1.365092126272674
6404.04443359375,845.3544311523438,1904.7633056640625,5786.40380859375,5657.10107421875,6435.77587890625,6422.11376953125,438.1259460449219,5834.74951171875,6128.5556640625,3133208.0,1.3723920841671804
6277.76416015625,7086.29736328125,5652.87158203125,5991.9033203125,5663.69189453125,6174.4482421875,6428.248046875,415.45452880859375,1614.546142578125,6534.83984375,3149874.0,1.3796920420616865
6351.80517578125,6778.61572265625,5728.19140625,5776.140625,5729.60107421875,6280.48779296875,6239.03759765625,532.4683837890625,5855.49951171875,6317.9697265625,3166540.0,1.3869919999561928
6210.2880859375,7067.68017578125,5639.19140625,5800.34521484375,5277.45361328125,6414.7890625,6518.47314453125,649.6590576171875,5730.4599609375,6429.31396484375,3183206.0,1.3942919578506991
6514.111328125,7171.748046875,5674.23095703125,5623.39599609375,5363.31298828125,6286.10791015625,6382.5986328125,601.382080078125,5828.2041015625,6151.27587890625,3199872.0,1.4015919157452055
6213.36572265625,6889.67724609375,5491.89697265625,5806.1064453125,674.5645751953125,6494.1298828125,6271.78173828125,727.6295776367188,5686.8369140625,6174.80859375,3216538.0,1.4088918736397118
6050.830078125,6712.658203125,5540.50390625,5886.49169921875,5383.9794921875,6468.65966796875,6141.845703125,562.9407958984375,5890.56005859375,6242.2080078125,3233204.0,1.416191831534218
6218.21875,6695.96240234375,5520.60009765625,5724.2724609375,5796.1376953125,6459.513671875,5587.158203125,432.93499755859375,5779.94287109375,6108.04736328125,3249870.0,1.4234917894287242
6197.4677734375,7272.39111328125,5673.841796875,5689.85205078125,5695.3642578125,6359.11962890625,6402.94091796875,407.5174560546875,5877.85888671875,6383.82421875,3266536.0,1.4307917473232306
6333.04736328125,6625.13916015625,5514.77197265625,5717.28515625,5272.89208984375,6429.03955078125,6274.11767578125,510.8694763183594,5841.435546875,6191.61669921875,3283202.0,1.4380917052177369
6239.552734375,795.9542846679688,5544.44580078125,5623.1455078125,5785.05078125,6420.6962890625,6406.4580078125,450.378662109375,5789.57421875,6375.79638671875,3299868.0,1.445391663112243
6387.25537109375,1524.108642578125,5675.783203125,5866.33740234375,5312.87890625,6229.4140625,542.4098510742188,534.4177856445312,5839.21728515625,6331.7216796875,3316534.0,1.4526916210067493
6148.85693359375,6760.8427734375,996.8992309570312,5663.0517578125,5484.47265625,6365.9267578125,6422.43359375,629.924072265625,2569.708740234375,6303.03173828125,3333200.0,1.4599915789012556
6041.8955078125,7188.06494140625,5625.8564453125,5846.82763671875,5800.5830078125,6278.40185546875,6472.54150390625,450.17694091796875,5806.521484375,6342.41650390625,3349866.0,1.467291536795762
6182.095703125,7359.58056640625,5766.55810546875,5863.0537109375,5235.49560546875,6071.66748046875,6430.04345703125,536.2730102539062,5774.021484375,6331.5556640625,3366532.0,1.4745914946902683
6371.7646484375,1500.20703125,5783.8134765625,5606.453125,5369.48779296875,6346.26318359375,6495.630859375,425.0091552734375,5939.2890625,6436.08642578125,3383198.0,1.4818914525847744
6482.50439453125,7073.2646484375,5621.236328125,5912.20166015625,5647.42041015625,6251.89453125,6567.77392578125,486.9365234375,5858.59326171875,714.6416625976562,3399864.0,1.4891914104792807
6326.45849609375,6791.05126953125,5788.07568359375,5977.9228515625,5407.92822265625,1935.3726806640625,6465.87841796875,586.6646728515625,5658.9921875,6412.2265625,3416530.0,1.496491368373787
6384.85986328125,7264.345703125,5667.56982421875,5897.31982421875,5543.63916015625,867.6873168945312,6315.1650390625,695.1975708007812,5790.4716796875,594.48193359375,3433196.0,1.5037913262682934
6557.087890625,7139.01416015625,5861.1298828125,5827.67919921875,5743.63720703125,5271.83740234375,6427.2900390625,412.9885559082031,5615.18115234375,6432.5244140625,3449862.0,1.5110912841627997
6377.19970703125,6690.8779296875,5838.39453125,1056.9967041015625,5589.3916015625,6230.89453125,6458.97119140625,535.4614868164062,5770.07666015625,6450.67578125,3466528.0,1.5183912420573058
6470.708984375,972.1438598632812,5878.73388671875,5799.52001953125,5595.51953125,6254.92724609375,6558.34228515625,447.70587158203125,5799.15869140625,6318.447265625,3483194.0,1.5256911999518121
6573.51025390625,562.9853515625,5895.8623046875,5738.29638671875,5711.15283203125,6330.3447265625,6486.86767578125,670.7720336914062,5879.7099609375,6375.77783203125,3499860.0,1.5329911578463185
6417.0537109375,7366.4736328125,5792.37646484375,5788.1904296875,5480.71728515625,6483.32958984375,6528.8232421875,601.6859130859375,5939.56591796875,756.7835693359375,3516526.0,1.5402911157408248
6575.4072265625,7081.35107421875,5651.52587890625,5860.54736328125,5595.7783203125,6329.49169921875,6456.2900390625,466.3966979980469,5888.99951171875,727.4691162109375,3533192.0,1.5475910736353309
6546.29296875,7117.9189453125,5822.94775390625,5767.759765625,5811.36865234375,6410.763671875,6354.50732421875,515.3678588867188,5883.51904296875,6351.955078125,3549858.0,1.5548910315298372
6506.75048828125,6844.5986328125,5822.8623046875,5679.298828125,5629.7548828125,6459.296875,6583.90234375,530.2578735351562,5780.57080078125,6044.59765625,3566524.0,1.5621909894243435
6181.81982421875,6736.72412109375,5662.35107421875,5941.35009765625,5718.15869140625,6175.20556640625,6462.8046875,660.2491455078125,5797.18896484375,6253.46826171875,3583190.0,1.5694909473188499
6449.74658203125,6580.79150390625,5974.3818359375,5791.19189453125,3736.268798828125,6467.45654296875,6651.68115234375,434.8255920410156,5784.40185546875,6440.205078125,3599856.0,1.5767909052133562
6342.5224609375,6642.45751953125,1927.7274169921875,5917.0712890625,5328.1181640625,6684.123046875,554.2394409179688,412.9766845703125,5866.42724609375,6304.6484375,3616522.0,1.5840908631078623
6304.869140625,7240.654296875,5618.72802734375,5811.60400390625,5459.0908203125,6328.359375,6161.2978515625,495.9494934082031,5944.109375,6299.50439453125,3633188.0,1.5913908210023686
6515.7734375,7262.740234375,5608.24560546875,5916.357421875,5753.0859375,6443.17724609375,6603.4501953125,628.9799194335938,5634.7783203125,6212.5263671875,3649854.0,1.598690778896875
6412.86767578125,7353.6162109375,3583.6767578125,5802.7841796875,5696.94189453125,6310.849609375,6598.4951171875,549.6976318359375,5781.8251953125,6417.81103515625,3666520.0,1.6059907367913813
6415.953125,650.314697265625,5673.35400390625,6104.28564453125,5650.93505859375,5894.72607421875,6518.57666015625,729.650146484375,5988.27490234375,6445.99462890625,3683186.0,1.6132906946858876
6342.244140625,7007.0712890625,6005.533203125,6011.28125,5594.9091796875,6364.9560546875,6135.7880859375,442.5509338378906,5934.10888671875,6403.67236328125,3699852.0,1.6205906525803937
6228.37890625,7378.22802734375,5661.96630859375,5778.06201171875,999.63525390625,6613.25732421875,6548.2470703125,421.545654296875,5886.341796875,6105.55517578125,3716518.0,1.6278906104749
6467.81396484375,7330.47998046875,5621.84033203125,5916.56787109375,5656.6142578125,6166.79345703125,6132.61572265625,529.458984375,5802.00048828125,6206.296875,3733184.0,1.6351905683694063
6491.32275390625,7129.837890625,5684.87548828125,5851.94580078125,5714.72021484375,6611.7802734375,6694.90771484375,402.1427917480469,5864.623046875,6200.8388671875,3749850.0,1.6424905262639127
6158.02392578125,2369.587890625,6090.005859375,5848.58837890625,5645.13330078125,6234.99267578125,6139.4970703125,679.30908203125,5919.4755859375,6338.0380859375,3766516.0,1.6497904841584188
6198.720703125,7145.5400390625,5774.62109375,5838.29541015625,5516.95751953125,4569.02880859375,626.22021484375,489.5730285644531,5938.01220703125,6333.06494140625,3783182.0,1.657090442052925
6241.060546875,7174.3515625,5731.35400390625,5847.9931640625,5696.82275390625,6675.48486328125,407.66705322265625,514.3984985351562,6050.98193359375,3841.02783203125,3799848.0,1.6643903999474314
6119.91064453125,7235.2763671875,6085.04931640625,5965.93798828125,5284.99267578125,699.89501953125,6158.34130859375,478.7774353027344,5895.43408203125,6104.64599609375,3816514.0,1.6716903578419378
6353.39599609375,7097.48583984375,1670.620849609375,5771.8935546875,5257.62548828125,6743.142578125,6006.392578125,644.2627563476562,6022.8642578125,6176.71875,3833180.0,1.678990315736444
6208.85107421875,7001.6162109375,4006.73486328125,5899.2421875,5812.97607421875,6369.521484375,6409.404296875,473.71978759765625,5942.74560546875,6401.4326171875,3849846.0,1.6862902736309502
6491.93798828125,6935.810546875,6043.302734375,5973.36572265625,5483.69970703125,6696.0400390625,5868.41015625,505.4359130859375,5944.60302734375,6424.30615234375,3866512.0,1.6935902315254565
5848.97802734375,7128.9130859375,5813.91015625,5899.1904296875,5236.5126953125,6780.7392578125,648.0216674804688,495.3149108886719,5796.84375,6198.41357421875,3883178.0,1.7008901894199628
6597.4072265625,6946.54541015625,6096.572265625,5903.83251953125,5608.8857421875,6251.44970703125,6427.93994140625,717.7510986328125,5816.97607421875,6447.361328125,3899844.0,1.7081901473144692
6438.61376953125,6609.189453125,6068.83203125,5737.3447265625,5258.3779296875,6628.9580078125,6561.8212890625,530.8426513671875,5853.9287109375,3145.8505859375,3916510.0,1.7154901052089755
6443.513671875,7177.24755859375,6029.2275390625,5904.966796875,5849.7138671875,306.1562805175781,6270.75146484375,434.66558837890625,5886.8544921875,6088.1953125,3933176.0,1.7227900631034816
5896.03173828125,7094.24365234375,6092.23291015625,5810.234375,5579.23681640625,6475.93701171875,6510.79931640625,638.534912109375,5991.21044921875,6546.10498046875,3949842.0,1.730090020997988
6263.28271484375,7149.78125,5688.97021484375,5709.36962890625,5388.79248046875,6380.63623046875,6442.42626953125,556.7918090820312,6073.240234375,6556.736328125,3966508.0,1.7373899788924942
5809.13427734375,7004.15869140625,5904.34814453125,5967.30078125,5322.06103515625,6484.2275390625,6496.8310546875,737.347412109375,486.8913879394531,6478.544921875,3983174.0,1.7446899367870006
6357.2236328125,7216.623046875,5682.935546875,5991.17724609375,5895.9501953125,6712.14404296875,6689.4697265625,529.6605834960938,843.8629150390625,6208.75634765625,3999840.0,1.7519898946815067
6487.99560546875,7139.1103515625,6075.57666015625,5786.7080078125,5737.99169921875,6784.935546875,6720.6181640625,607.0678100585938,5910.13916015625,6173.6845703125,4016506.0,1.759289852576013
6359.173828125,7009.4404296875,5699.2177734375,5830.98583984375,5698.62548828125,6290.63916015625,6539.345703125,476.4522705078125,5878.884765625,6414.97119140625,4033172.0,1.7665898104705193
6307.9423828125,7300.83935546875,5653.79345703125,5934.86474609375,5639.56982421875,6390.3349609375,6680.474609375,928.2763671875,5979.9423828125,1970.953369140625,4049838.0,1.7738897683650257
6478.04150390625,7113.92919921875,5651.33154296875,5977.10302734375,5803.3115234375,6501.0068359375,6720.61474609375,500.6651611328125,6155.841796875,6320.90283203125,4066504.0,1.781189726259532
3163.984130859375,7145.8310546875,5985.896484375,5992.87841796875,5751.35986328125,6828.4443359375,6744.9208984375,511.260009765625,6125.9169921875,2310.549072265625,4083170.0,1.788489684154038
6458.4130859375,7178.541015625,5948.3935546875,5989.55615234375,5829.23388671875,6676.80615234375,6560.54248046875,448.90087890625,6138.39794921875,6253.353515625,4099836.0,1.7957896420485444
6590.9189453125,7375.4736328125,5740.77978515625,6196.64599609375,5749.6904296875,7003.8828125,6743.578125,438.3724365234375,6014.29541015625,1466.546142578125,4116502.0,1.8030895999430507
6463.52685546875,7110.8037109375,6061.59228515625,5832.5986328125,5919.61767578125,6614.7568359375,6794.93115234375,474.91143798828125,6077.99169921875,6442.48095703125,4133168.0,1.810389557837557
5999.75830078125,7055.86572265625,5777.18701171875,5947.40087890625,5679.69091796875,6651.02001953125,6592.42626953125,423.07611083984375,5918.97119140625,6250.63623046875,4149834.0,1.8176895157320634
6278.1376953125,7066.46923828125,5866.86669921875,464.34619140625,5799.1845703125,6619.70166015625,6613.0107421875,442.2460632324219,5799.65478515625,6246.1708984375,4166500.0,1.8249894736265695
5913.93701171875,6955.84765625,6069.8642578125,5820.62353515625,2091.457275390625,6359.95361328125,6471.923828125,478.31170654296875,6019.56640625,6069.26318359375,4183166.0,1.8322894315210758
6535.39306640625,7080.68994140625,5797.54248046875,5853.30712890625,5378.61474609375,6175.845703125,2855.29296875,514.3450317382812,5870.849609375,6587.59326171875,4199832.0,1.8395893894155821
6529.126953125,7011.03076171875,5657.4287109375,5876.43359375,5812.5390625,6517.25732421875,6333.28271484375,472.33160400390625,5937.93212890625,6650.09228515625,4216498.0,1.8468893473100885
6285.6611328125,7214.869140625,6235.4013671875,5846.65625,5420.76708984375,6559.7880859375,6448.8623046875,841.3356323242188,6095.74462890625,4774.693359375,4233164.0,1.8541893052045946
6477.796875,7269.2236328125,6039.828125,2515.030517578125,5891.81640625,6231.58251953125,3970.7060546875,384.67559814453125,5962.041015625,6617.86767578125,4249830.0,1.861489263099101
6295.09033203125,6865.4443359375,5977.9404296875,5999.0390625,5892.23974609375,6244.0087890625,6656.908203125,606.1583862304688,6025.5107421875,6519.45458984375,4266496.0,1.8687892209936072
6457.42578125,6834.85595703125,5855.00537109375,1958.724365234375,5751.921875,6707.98828125,6501.22265625,478.200927734375,5970.47412109375,6500.9541015625,4283162.0,1.8760891788881136
6549.12255859375,7057.45263671875,5476.875,6051.2724609375,5694.9306640625,6235.884765625,6674.80859375,476.2941589355469,5900.34619140625,6556.626953125,4299828.0,1.8833891367826199
6588.00146484375,6914.8544921875,5655.43408203125,5965.9697265625,5858.58251953125,6687.40576171875,6533.2421875,607.329345703125,6025.716796875,6251.89599609375,4316494.0,1.890689094677126
6481.73193359375,7279.5166015625,5758.12646484375,5938.03759765625,5851.162109375,6706.74951171875,678.1956787109375,460.1729736328125,1459.683349609375,6377.47265625,4333160.0,1.8979890525716323
6621.16650390625,7115.47216796875,5928.63818359375,5852.017578125,5688.20068359375,6500.0419921875,6670.02880859375,503.36895751953125,6296.90576171875,6396.326171875,4349826.0,1.9052890104661386
6555.99755859375,7246.11376953125,5794.04736328125,5988.97607421875,5599.14111328125,6365.80712890625,6436.54833984375,496.9659729003906,5989.35791015625,6409.3935546875,4366492.0,1.912588968360645
6680.880859375,7319.44482421875,460.36846923828125,5890.890625,5567.7451171875,6944.03173828125,6594.8544921875,495.1440734863281,6098.13525390625,6288.33837890625,4383158.0,1.919888926255151
6519.62255859375,7035.90185546875,5736.052734375,5918.39697265625,5500.19970703125,6674.29833984375,6239.626953125,892.41552734375,6075.7958984375,6493.23681640625,4399824.0,1.9271888841496574
6088.75439453125,7339.5146484375,5774.60205078125,5956.890625,5537.97607421875,7003.59130859375,6316.62646484375,400.61968994140625,6082.17578125,6622.3134765625,4416490.0,1.9344888420441637
5806.70166015625,7257.3154296875,5746.28369140625,5836.2001953125,5850.33935546875,6647.49951171875,6236.26708984375,483.16986083984375,6035.0205078125,5885.892578125,4433156.0,1.94178879993867
6638.890625,6944.1005859375,5769.38720703125,5802.0458984375,5237.62255859375,6788.36572265625,6628.95263671875,504.7671203613281,6156.25830078125,6465.08984375,4449822.0,1.9490887578331764
6362.001953125,7105.80712890625,6032.58837890625,5611.24267578125,5367.05615234375,6933.78662109375,6653.822265625,445.3877868652344,3457.29736328125,6544.404296875,4466488.0,1.9563887157276825
6494.3056640625,7124.6826171875,5874.10009765625,5904.74951171875,5241.3330078125,6643.8984375,6189.64697265625,762.4531860351562,5980.95556640625,6512.484375,4483154.0,1.9636886736221888
6698.095703125,7184.82080078125,5879.49462890625,5999.0439453125,5454.16162109375,6844.90234375,6655.732421875,466.30206298828125,6100.96337890625,6366.1748046875,4499820.0,1.9709886315166951
6513.44482421875,7375.19091796875,5686.30615234375,5735.4736328125,5713.5341796875,6459.828125,6599.9072265625,489.49981689453125,5959.1240234375,6457.021484375,4516486.0,1.9782885894112014
6677.08642578125,7110.50146484375,6147.9111328125,5608.29541015625,5275.22802734375,6467.4306640625,6820.43896484375,663.1396484375,4488.16748046875,6605.86767578125,4533152.0,1.9855885473057078
6482.24169921875,7225.05322265625,6262.63134765625,5868.04150390625,5495.12060546875,6572.66064453125,5867.25048828125,479.03948974609375,5997.1611328125,6610.16552734375,4549818.0,1.9928885052002139
6559.841796875,6720.3291015625,982.7669067382812,5740.4345703125,5372.47021484375,675.037841796875,6766.07568359375,562.34619140625,6012.052734375,6593.58544921875,4566484.0,2.0001884630947204
6528.84716796875,6924.68359375,6222.2548828125,5819.83837890625,5470.05224609375,447.37139892578125,6563.53515625,551.8679809570312,6106.03759765625,6520.87109375,4583150.0,2.0074884209892265
6627.99658203125,7268.83935546875,331.24090576171875,5928.2451171875,5207.8486328125,6603.37158203125,6520.2861328125,624.8179321289062,6148.53125,6450.03173828125,4599816.0,2.0147883788837326
6652.88623046875,7132.6494140625,5617.4306640625,5704.69580078125,5610.21728515625,6278.5703125,6629.82373046875,571.8411865234375,5193.0654296875,6693.958984375,4616482.0,2.022088336778239
6468.3935546875,6970.2333984375,6127.35205078125,5786.8974609375,5686.16357421875,6485.76611328125,6857.68701171875,519.4160766601562,5986.31298828125,6503.296875,4633148.0,2.0293882946727453
6410.04150390625,2262.6015625,6165.96337890625,5876.31298828125,5323.13037109375,6206.6640625,6362.64794921875,520.625732421875,6037.12109375,6601.30078125,4649814.0,2.036688252567252
6139.15673828125,7159.06396484375,6041.818359375,5300.52685546875,5423.0673828125,6423.44287109375,6401.26708984375,540.1659545898438,6063.412109375,6320.00927734375,4666480.0,2.043988210461758
6273.20703125,7188.85302734375,5860.349609375,6019.09814453125,5631.39404296875,489.50543212890625,6652.458984375,411.1695556640625,6089.71826171875,6452.3359375,4683146.0,2.051288168356264
6585.662109375,7042.7998046875,6212.0078125,6079.5673828125,5476.58935546875,6739.93603515625,6493.70751953125,506.2936706542969,6053.8701171875,6365.01318359375,4699812.0,2.0585881262507706
6755.96044921875,6980.4775390625,5505.69140625,5924.26123046875,5656.42822265625,6530.45947265625,6820.48486328125,463.12640380859375,6046.36181640625,3164.8916015625,4716478.0,2.0658880841452767
6582.9365234375,7300.66650390625,5485.966796875,5808.94482421875,5636.302734375,6544.205078125,6352.60205078125,538.3965454101562,6083.88916015625,6439.3037109375,4733144.0,2.073188042039783
6613.9033203125,7528.43017578125,6053.22412109375,5793.51513671875,5377.17138671875,6364.802734375,6752.71630859375,455.4574279785156,6025.05224609375,6398.505859375,4749810.0,2.0804879999342893
6504.28466796875,7040.40625,4130.583984375,5905.076171875,5693.9140625,633.0590209960938,5385.89794921875,484.89862060546875,5965.8828125,6656.44775390625,4766476.0,2.0877879578287954
6610.8271484375,497.21075439453125,6050.6611328125,6040.955078125,5563.78515625,6667.23876953125,6472.06884765625,468.6268005371094,5806.7802734375,6061.8271484375,4783142.0,2.095087915723302
6860.078125,7213.76513671875,5531.1259765625,6096.53662109375,5914.6572265625,6473.21923828125,6641.16748046875,457.48516845703125,5999.13720703125,5608.61572265625,4799808.0,2.102387873617808
924.89453125,7203.7958984375,6038.1943359375,5904.95947265625,5551.9833984375,6949.53369140625,6249.10498046875,475.7685852050781,5836.10498046875,2405.9453125,4816474.0,2.109687831512314
6734.50390625,7300.01123046875,5802.16845703125,6011.630859375,5743.626953125,6668.11767578125,6536.734375,528.1038818359375,5938.2568359375,6341.6484375,4833140.0,2.1169877894068208
6225.07568359375,7295.99755859375,5964.29150390625,3635.53662109375,5755.67578125,6790.87451171875,6381.10498046875,492.5596618652344,5858.46337890625,6614.35693359375,4849806.0,2.124287747301327
6837.22265625,6647.501953125,5889.73876953125,5820.67578125,5786.60986328125,6706.18359375,6259.54248046875,812.8667602539062,6280.5048828125,6531.376953125,4866472.0,2.1315877051958334
6683.04052734375,7289.70068359375,5763.55810546875,5869.80029296875,5732.447265625,6734.4853515625,1049.759765625,668.8056030273438,5965.658203125,6485.11474609375,4883138.0,2.1388876630903395
6037.4169921875,6900.623046875,5870.83447265625,6014.50146484375,5807.45166015625,6627.81201171875,6541.53271484375,659.6444091796875,6097.2392578125,6640.5830078125,4899804.0,2.1461876209848456
6616.78173828125,6810.89599609375,5874.43994140625,5941.81982421875,5601.77001953125,6582.80322265625,5754.98046875,630.8672485351562,6067.4033203125,6358.69873046875,4916470.0,2.153487578879352
6683.17578125,7175.494140625,5910.35546875,5855.8671875,5429.607421875,6587.59912109375,385.6566467285156,492.4656677246094,6107.02294921875,6394.17822265625,4933136.0,2.1607875367738583
6648.580078125,7240.5517578125,5919.52587890625,6035.4423828125,816.4354858398438,6679.19873046875,585.7904052734375,423.05322265625,6079.89111328125,6527.45361328125,4949802.0,2.168087494668365
6723.62548828125,6959.78759765625,5884.8857421875,5947.83740234375,5642.1083984375,668.8839111328125,6663.2939453125,506.60162353515625,6014.56884765625,6564.2294921875,4966468.0,2.175387452562871
6405.63134765625,6803.32666015625,5925.45166015625,5926.3740234375,5846.681640625,6656.716796875,6804.572265625,624.3777465820312,5887.8447265625,6636.07275390625,4983134.0,2.182687410457377
6417.2412109375,7244.93017578125,5850.89453125,5921.5205078125,5677.818359375,490.0570373535156,6544.80029296875,465.1109313964844,5909.341796875,6540.98486328125,4999800.0,2.1899873683518836
