eval/return/kg4hz40h,eval/return/jqc6fsts,eval/return/5rrdxbrm,eval/return/4iu365gm,eval/return/38noq2ck,eval/return/945metce,eval/return/ufj2xxmf,eval/return/snq73tnv,eval/return/scsto9k5,eval/return/oais0lzl,step,wallclock
-2.788170099258423,-32.439964294433594,-4.810935020446777,-2.3406150341033936,-10.367463111877441,-2.58034610748291,-8.909712791442871,0.9644759893417358,-17.151126861572266,9.415687561035156,1.0,0.0
68.7563247680664,334.5282897949219,73.86697387695312,266.9255676269531,256.737548828125,60.76583480834961,329.0373840332031,313.3081359863281,55.43619918823242,176.7389373779297,16666.0,0.0030225423675996287
308.3106689453125,290.493408203125,-26.013351440429688,306.1422119140625,226.57640075683594,210.18641662597656,429.6558532714844,64.39099884033203,381.2492370605469,488.26025390625,33332.0,0.006045084735199257
335.0047607421875,468.3199768066406,463.0613708496094,125.80851745605469,501.311279296875,717.7411499023438,246.77479553222656,308.03887939453125,350.4663391113281,325.2465515136719,49998.0,0.009067627102798886
271.3551940917969,677.7569580078125,26.762340545654297,507.9057922363281,2043.9461669921875,1385.9378662109375,380.5696716308594,407.8756408691406,508.9732971191406,575.1898193359375,66664.0,0.012090169470398515
593.3551025390625,587.8665161132812,518.4502563476562,879.3463134765625,868.528076171875,877.7160034179688,17.139677047729492,393.0463562011719,207.8811798095703,138.87924194335938,83330.0,0.015112711837998144
867.8561401367188,779.972900390625,1048.634765625,726.816162109375,796.1805419921875,960.1407470703125,593.2361450195312,261.3058166503906,420.3671875,444.9358825683594,99996.0,0.01813525420559777
2268.444091796875,145.69032287597656,798.6525268554688,750.3330688476562,1068.710693359375,734.1918334960938,502.3348693847656,516.6673583984375,665.4536743164062,957.3539428710938,116662.0,0.021157796573197402
383.15423583984375,1052.2799072265625,852.423828125,2103.355224609375,2039.790283203125,717.6619262695312,1229.8206787109375,493.6290283203125,906.5015869140625,519.7382202148438,133328.0,0.02418033894079703
1566.8197021484375,1245.05810546875,657.3304443359375,2999.385498046875,770.5667114257812,1176.3131103515625,1274.05859375,646.93408203125,892.7738647460938,812.4453125,149994.0,0.027202881308396657
1983.9287109375,2730.482421875,1523.85009765625,2683.03369140625,923.8494262695312,2800.6025390625,1253.1978759765625,632.8049926757812,899.4733276367188,854.22802734375,166660.0,0.030225423675996288
3541.73291015625,110.78819274902344,124.2278823852539,3147.85546875,2767.4736328125,1086.5906982421875,710.59033203125,904.9249267578125,1945.557861328125,377.833984375,183326.0,0.033247966043595915
3416.724609375,3142.689453125,163.26905822753906,3473.972412109375,2434.197509765625,3115.971435546875,1799.319580078125,64.63687133789062,931.9734497070312,913.8212280273438,199992.0,0.03627050841119554
3233.5322265625,2848.815185546875,2370.116455078125,3681.588134765625,349.7213439941406,1721.0750732421875,3329.0859375,209.2575225830078,3496.5400390625,872.9006958007812,216658.0,0.03929305077879517
3875.867919921875,3260.24658203125,2456.880126953125,793.8344116210938,1470.0037841796875,3652.653076171875,2950.616455078125,909.6577758789062,3476.875,425.8005676269531,233324.0,0.042315593146394805
3877.53564453125,3551.08740234375,1502.7606201171875,3124.84716796875,1832.6824951171875,1668.6705322265625,3385.78173828125,3697.725341796875,3614.486328125,1012.4910278320312,249990.0,0.04533813551399443
4582.9365234375,3494.814208984375,3144.69384765625,304.6695556640625,1807.6793212890625,3545.2265625,270.4802551269531,3858.789306640625,3866.1572265625,150.7738494873047,266656.0,0.04836067788159406
40.57692337036133,126.1097640991211,3606.440185546875,2100.21728515625,2795.28466796875,3813.893798828125,3767.417236328125,615.5783081054688,3818.47900390625,719.63916015625,283322.0,0.05138322024919369
1079.8885498046875,130.77822875976562,3584.36669921875,4207.3994140625,2951.259765625,390.5022888183594,3625.473388671875,4198.466796875,3688.942626953125,838.6600952148438,299988.0,0.054405762616793314
4272.74951171875,3567.203857421875,3745.075439453125,3958.14697265625,3968.797119140625,361.732666015625,2941.698974609375,199.15428161621094,3584.558349609375,807.4581909179688,316654.0,0.05742830498439295
4378.31787109375,3536.541259765625,3654.88525390625,4263.76611328125,4016.011962890625,1495.605712890625,3186.814697265625,4146.3564453125,3815.53564453125,889.3540649414062,333320.0,0.060450847351992576
4293.4765625,3599.669189453125,2491.438232421875,4211.37451171875,3886.109619140625,348.5107727050781,3844.73876953125,4308.86962890625,3953.120849609375,344.2569580078125,349986.0,0.0634733897195922
3971.001953125,3712.256103515625,1199.4552001953125,3701.219482421875,3127.52099609375,3939.544189453125,3931.053466796875,4195.74072265625,3780.980224609375,671.1406860351562,366652.0,0.06649593208719183
-2.808518886566162,3755.607666015625,3696.646728515625,4691.30712890625,4214.40087890625,4079.278564453125,3991.5625,4479.1513671875,4008.74560546875,960.6351928710938,383318.0,0.06951847445479147
997.1814575195312,3705.515625,3805.435791015625,4596.7841796875,4221.82470703125,4021.604736328125,4013.305908203125,4630.55712890625,3999.786865234375,833.499755859375,399984.0,0.07254101682239109
4477.087890625,3765.38330078125,3747.048583984375,4796.62060546875,103.7540283203125,4284.09765625,4152.41748046875,2374.432373046875,3144.451416015625,1271.1956787109375,416650.0,0.07556355918999072
4256.98388671875,3808.81005859375,3742.007080078125,4600.50244140625,4389.669921875,4088.544677734375,4155.69482421875,4526.025390625,142.62010192871094,1198.6514892578125,433316.0,0.07858610155759034
4682.35498046875,3855.81591796875,419.6668701171875,4440.31005859375,2374.132080078125,4053.606689453125,3834.0078125,4691.41845703125,4023.8037109375,943.2268676757812,449982.0,0.08160864392518997
4693.3251953125,3973.447509765625,1244.357421875,3553.190673828125,108.97509765625,3997.48828125,4165.31591796875,4748.43701171875,4058.9423828125,855.607666015625,466648.0,0.08463118629278961
4441.8046875,3614.1875,3796.70166015625,4006.00634765625,2733.798828125,4098.4619140625,3947.509521484375,4800.4375,4118.7197265625,3253.92236328125,483314.0,0.08765372866038923
4769.34521484375,3723.225830078125,3863.343994140625,4143.28369140625,3236.3583984375,349.98956298828125,3758.147216796875,4573.61474609375,4087.96240234375,3521.5556640625,499980.0,0.09067627102798886
4417.53125,3784.73779296875,3872.2666015625,4187.82275390625,4456.4462890625,4032.013671875,4211.43505859375,4679.62060546875,4041.8232421875,3456.827880859375,516646.0,0.09369881339558848
4558.21435546875,3683.36962890625,3905.89892578125,4668.73828125,4596.06201171875,4380.75341796875,4343.2880859375,4938.67822265625,4064.5869140625,3344.378173828125,533312.0,0.09672135576318812
4476.78369140625,3786.78369140625,3785.653076171875,4861.96923828125,4303.72900390625,4208.3935546875,4147.4296875,5138.744140625,4183.31689453125,1459.4930419921875,549978.0,0.09974389813078775
4668.76416015625,3674.117431640625,3679.285888671875,4736.00634765625,4237.73486328125,4497.8642578125,4154.54443359375,157.41677856445312,4084.777099609375,3738.29345703125,566644.0,0.10276644049838737
4511.1015625,3819.78076171875,650.466796875,4888.6279296875,4540.796875,4334.8251953125,4115.99462890625,4967.73828125,4126.76416015625,3167.98681640625,583310.0,0.10578898286598701
4557.7001953125,3661.38671875,3639.643798828125,4799.4833984375,4607.71923828125,4424.37939453125,4162.14990234375,4821.7333984375,4221.47314453125,3555.68310546875,599976.0,0.10881152523358663
4750.6025390625,3864.203125,3752.863525390625,4070.74658203125,4766.263671875,4251.400390625,4022.728271484375,4816.5419921875,4256.89306640625,2321.054931640625,616642.0,0.11183406760118626
4307.15380859375,3737.664306640625,380.171142578125,4982.07080078125,4774.62451171875,4311.05419921875,4282.36962890625,4966.81396484375,4266.10302734375,4065.47314453125,633308.0,0.1148566099687859
4456.982421875,3710.76025390625,2065.193359375,3231.138916015625,4570.6630859375,4445.2587890625,4140.716796875,5253.61865234375,4125.48583984375,3936.01416015625,649974.0,0.11787915233638552
4559.64794921875,3929.346923828125,3790.85302734375,4882.5380859375,4770.90869140625,4476.1083984375,4302.06982421875,4756.09375,4153.3642578125,3948.146728515625,666640.0,0.12090169470398515
4776.14453125,3740.21533203125,3798.441162109375,4284.6943359375,4791.25732421875,4312.36767578125,4206.61572265625,4935.595703125,4184.552734375,3969.512939453125,683306.0,0.12392423707158477
4647.205078125,3867.14111328125,4041.199951171875,4899.46435546875,4950.16943359375,4191.2099609375,4361.95947265625,5189.24072265625,4190.80859375,3902.96044921875,699972.0,0.1269467794391844
4606.46435546875,3806.74365234375,3826.403076171875,187.3822784423828,4685.63134765625,4427.9111328125,4262.3720703125,5200.2744140625,4299.779296875,2301.36083984375,716638.0,0.12996932180678403
4658.22119140625,3664.3251953125,3925.19921875,5000.3623046875,4814.71826171875,4292.19580078125,3728.693603515625,4595.8671875,4113.28857421875,4094.066650390625,733304.0,0.13299186417438366
4705.47021484375,3871.104248046875,3836.69482421875,4996.8662109375,4697.626953125,4443.8095703125,4323.82470703125,5385.25,4259.61572265625,4050.93408203125,749970.0,0.1360144065419833
4775.4501953125,3790.236328125,3936.5595703125,4617.97607421875,4852.10986328125,4296.17919921875,4344.80322265625,4915.1123046875,4268.8505859375,4289.36328125,766636.0,0.13903694890958293
5036.9521484375,3760.664794921875,3932.52783203125,5064.68603515625,4857.57763671875,4288.93310546875,4409.92626953125,4825.77880859375,4294.60888671875,4262.0244140625,783302.0,0.14205949127718254
4794.40625,3859.63818359375,3847.39501953125,5005.3505859375,4730.83740234375,4492.443359375,4301.11962890625,5112.48974609375,4234.49169921875,4242.45361328125,799968.0,0.14508203364478217
4788.71484375,3837.461669921875,3855.73095703125,5099.6689453125,4960.73681640625,4498.658203125,4547.66552734375,5183.375,4336.607421875,4125.470703125,816634.0,0.1481045760123818
4918.2373046875,3857.1171875,3986.95703125,5061.2548828125,4883.28076171875,4450.26953125,4256.158203125,4924.470703125,4324.45263671875,4254.109375,833300.0,0.15112711837998144
4953.2431640625,3895.63427734375,3904.15625,2466.475341796875,4782.73193359375,4400.44384765625,4402.10205078125,5280.0390625,4264.8935546875,4107.9580078125,849966.0,0.15414966074758107
272.4366149902344,3893.8759765625,4061.7119140625,5067.67431640625,4781.79833984375,4522.07275390625,4439.37646484375,5264.642578125,4230.05126953125,4023.225830078125,866632.0,0.15717220311518068
4921.96875,4066.35205078125,3718.070068359375,5050.390625,4819.529296875,4435.84619140625,4315.40673828125,5115.2529296875,4243.25634765625,4332.49462890625,883298.0,0.16019474548278032
4876.76416015625,3866.459228515625,3623.590087890625,5128.080078125,4983.853515625,4332.20068359375,4199.5185546875,5323.33154296875,4181.73681640625,4536.8701171875,899964.0,0.16321728785037995
5070.03759765625,3777.1845703125,4142.1064453125,5037.490234375,4808.603515625,4385.8154296875,4428.630859375,5115.58837890625,4297.28955078125,4232.59326171875,916630.0,0.16623983021797958
4976.568359375,3833.435546875,4049.555908203125,5190.1162109375,4931.82421875,4615.98388671875,4425.400390625,5237.6513671875,4309.20751953125,4272.5341796875,933296.0,0.16926237258557922
4855.896484375,4014.520751953125,4220.55322265625,5080.91015625,4916.193359375,4530.91845703125,4386.03125,5017.80810546875,4243.28466796875,4507.83837890625,949962.0,0.17228491495317882
4998.44580078125,3927.60986328125,3973.494140625,4980.6513671875,4912.93505859375,4529.3515625,4168.53759765625,5097.37158203125,4335.6806640625,4370.10400390625,966628.0,0.17530745732077846
4675.2060546875,3901.252685546875,3972.36083984375,5113.890625,5064.45166015625,4530.73876953125,4364.27587890625,5225.4013671875,4215.494140625,4312.759765625,983294.0,0.1783299996883781
5117.30859375,3835.237548828125,3972.118896484375,5037.59423828125,4909.3720703125,4395.84814453125,4384.4111328125,5206.4130859375,4335.1328125,4171.31103515625,999960.0,0.18135254205597773
4951.3955078125,3983.2548828125,4140.5107421875,4919.75146484375,4961.5458984375,4416.6396484375,4527.7392578125,5245.43017578125,4313.45361328125,4333.298828125,1016626.0,0.18437508442357736
4808.93701171875,3880.462890625,3951.8369140625,5044.5546875,4942.01123046875,4572.7412109375,4342.630859375,5034.64404296875,4228.30615234375,4512.95849609375,1033292.0,0.18739762679117697
4977.80810546875,3961.5322265625,4069.8642578125,5106.4091796875,4927.291015625,4501.07958984375,4450.89208984375,5252.47021484375,4282.6591796875,4589.8251953125,1049958.0,0.1904201691587766
4826.2109375,4029.562255859375,4088.67431640625,5119.59326171875,5143.93896484375,4443.814453125,4456.23193359375,5060.10595703125,3275.127197265625,4583.505859375,1066624.0,0.19344271152637624
4957.0283203125,3935.82373046875,4057.516357421875,5057.2138671875,5073.30126953125,4544.91796875,4478.93505859375,4936.3037109375,22.31622886657715,4544.51318359375,1083290.0,0.19646525389397587
5103.1826171875,4056.264404296875,4009.30322265625,5043.53173828125,5125.47021484375,4553.07177734375,4628.11572265625,5239.197265625,4349.513671875,4398.4638671875,1099956.0,0.1994877962615755
4954.04296875,3915.93798828125,4230.97900390625,4938.466796875,5047.30419921875,4486.740234375,4535.46728515625,5103.89599609375,4265.24365234375,4421.42578125,1116622.0,0.2025103386291751
5036.90966796875,3832.25390625,4169.30078125,5121.95361328125,4864.62890625,4609.76513671875,4581.89697265625,5144.87255859375,4373.84814453125,4504.69970703125,1133288.0,0.20553288099677475
4954.2646484375,2004.9227294921875,4079.907470703125,4947.9169921875,5068.6494140625,4080.283447265625,4490.82568359375,5172.92822265625,4401.75390625,4565.04736328125,1149954.0,0.20855542336437438
4873.56396484375,2046.5787353515625,4071.0732421875,5167.99462890625,4961.48974609375,4599.32470703125,4746.1669921875,5174.6845703125,4306.9189453125,4535.68603515625,1166620.0,0.21157796573197402
5041.78369140625,4012.2109375,392.78387451171875,5130.07666015625,5043.93310546875,4557.75,4796.57275390625,5026.47509765625,4421.19189453125,4600.111328125,1183286.0,0.21460050809957365
5136.07763671875,3933.008544921875,4136.5810546875,5183.96923828125,5034.59326171875,4709.53857421875,4612.28173828125,510.5499267578125,3395.21484375,4571.02001953125,1199952.0,0.21762305046717326
5203.33935546875,3980.698486328125,4090.462890625,5201.15185546875,4979.662109375,4690.24755859375,4631.91259765625,5249.80322265625,4383.546875,4654.72021484375,1216618.0,0.2206455928347729
5066.35986328125,3945.515869140625,678.713134765625,5139.2294921875,5024.3759765625,4787.81298828125,4697.9208984375,5286.455078125,4503.5185546875,4638.56787109375,1233284.0,0.22366813520237253
5326.69970703125,3944.253662109375,4116.29248046875,4824.994140625,4944.28759765625,4775.88330078125,4781.763671875,5090.60693359375,4303.01416015625,-0.46381399035453796,1249950.0,0.22669067756997216
5315.34375,3467.058837890625,4275.095703125,5200.52490234375,4782.33740234375,4757.3876953125,4504.4794921875,5226.5390625,1948.8458251953125,4687.4130859375,1266616.0,0.2297132199375718
5119.30029296875,2306.80712890625,4198.69921875,4434.62451171875,4964.00146484375,4795.82568359375,4674.33837890625,5263.70068359375,4294.65234375,4598.474609375,1283282.0,0.2327357623051714
5100.52294921875,3881.1884765625,777.9779663085938,5148.021484375,4926.548828125,4780.4619140625,4658.20166015625,5237.869140625,4459.8203125,4628.91650390625,1299948.0,0.23575830467277104
5183.23876953125,1453.6885986328125,4238.70068359375,5134.115234375,5191.82470703125,4784.6689453125,4809.0263671875,5260.3955078125,4497.5693359375,4593.37646484375,1316614.0,0.23878084704037067
5274.77880859375,3973.984130859375,4218.53955078125,5065.54638671875,5044.4609375,4726.92236328125,4856.26220703125,5190.34912109375,4440.10107421875,4706.1533203125,1333280.0,0.2418033894079703
5254.12255859375,3978.634521484375,4230.42236328125,5171.6220703125,5212.0,4857.63671875,4921.06884765625,5186.904296875,4444.40185546875,4782.07666015625,1349946.0,0.24482593177556994
5359.97314453125,3815.248046875,4114.48193359375,5224.40869140625,5003.6728515625,4856.869140625,4626.61572265625,4178.22509765625,4379.09228515625,4656.81884765625,1366612.0,0.24784847414316954
5247.3330078125,4074.65185546875,4236.6005859375,5270.1142578125,5324.26220703125,4740.369140625,4582.79736328125,18.20108985900879,4462.98681640625,4780.09716796875,1383278.0,0.2508710165107692
5061.04052734375,4069.78271484375,743.4735717773438,5144.15478515625,5130.18701171875,4911.79541015625,4747.7666015625,5162.998046875,4523.54833984375,4665.71337890625,1399944.0,0.2538935588783688
5033.97314453125,3997.298095703125,4399.81396484375,5087.68212890625,5162.98828125,5017.3603515625,4901.04931640625,5008.0712890625,4481.3994140625,4650.529296875,1416610.0,0.2569161012459684
5182.85009765625,1497.3846435546875,4227.27490234375,5213.28271484375,5288.6103515625,4747.0029296875,4859.46435546875,5362.0546875,4531.63720703125,4649.03125,1433276.0,0.25993864361356805
5018.37255859375,3462.869384765625,4294.80712890625,5240.8505859375,5153.59423828125,4832.142578125,4813.0126953125,5095.076171875,4545.908203125,4768.15576171875,1449942.0,0.2629611859811677
4729.87255859375,3869.864501953125,4165.28466796875,5288.74365234375,5246.4873046875,5012.6474609375,5035.4130859375,5081.02880859375,4515.33642578125,4840.3232421875,1466608.0,0.2659837283487673
5168.40087890625,3845.29248046875,4456.998046875,5253.23681640625,4383.8642578125,5032.771484375,5026.97216796875,5198.189453125,4519.07861328125,4772.82666015625,1483274.0,0.26900627071636696
4892.4130859375,4015.96630859375,4310.2705078125,5267.95654296875,5181.83935546875,4909.2509765625,4923.6552734375,5291.41748046875,4289.38671875,4819.197265625,1499940.0,0.2720288130839666
5027.513671875,3976.798828125,4176.92626953125,5272.04296875,5135.083984375,4883.8427734375,4978.04931640625,5319.7607421875,4504.24951171875,4694.28515625,1516606.0,0.2750513554515662
5226.50390625,3932.89501953125,4246.4921875,5011.74951171875,5167.376953125,5047.51025390625,4898.37060546875,5239.6533203125,4516.0302734375,4775.1025390625,1533272.0,0.27807389781916586
1171.865478515625,3854.585693359375,4193.6240234375,4691.4765625,5366.8232421875,5002.45849609375,5073.40087890625,5253.9609375,4539.18212890625,4797.66455078125,1549938.0,0.2810964401867655
4710.15869140625,2343.664794921875,4370.365234375,4947.9345703125,5225.9755859375,-15.065967559814453,5009.03369140625,5356.087890625,4510.744140625,4817.08203125,1566604.0,0.2841189825543651
5306.126953125,4003.363037109375,4332.24609375,5253.6064453125,5437.880859375,4605.82373046875,5027.2744140625,5506.62744140625,4576.708984375,4876.53271484375,1583270.0,0.2871415249219647
5344.27001953125,3993.431396484375,4422.046875,5220.40185546875,5296.39208984375,4641.0546875,5045.46240234375,5258.9248046875,4603.4970703125,4838.93408203125,1599936.0,0.29016406728956434
5284.03662109375,3184.96728515625,4376.01123046875,893.8466796875,4475.18017578125,4846.8798828125,5069.71240234375,5315.69091796875,4567.8369140625,455.4977111816406,1616602.0,0.293186609657164
5298.349609375,4078.02783203125,4072.599853515625,4862.9130859375,5183.42236328125,4995.61474609375,5130.68359375,5643.11962890625,4489.15771484375,30.311878204345703,1633268.0,0.2962091520247636
4516.13671875,4093.153564453125,4446.13671875,5055.75,5115.48193359375,5064.3525390625,4922.759765625,5726.8701171875,4550.9609375,2247.308837890625,1649934.0,0.29923169439236325
5186.35693359375,4189.236328125,4336.10546875,5249.39599609375,5239.78759765625,5157.0869140625,5063.8271484375,5691.8818359375,4662.3798828125,4648.93896484375,1666600.0,0.3022542367599629
5652.119140625,4135.017578125,4290.3984375,5191.98681640625,5124.46484375,4758.15380859375,5157.56591796875,5307.9013671875,4627.73876953125,4793.73291015625,1683266.0,0.3052767791275625
5198.77734375,4246.7744140625,4425.38818359375,5226.41943359375,5249.8623046875,5294.33984375,5002.7080078125,786.3119506835938,4565.28662109375,4767.93115234375,1699932.0,0.30829932149516215
5511.384765625,3397.67041015625,4402.12353515625,5059.16357421875,5332.6865234375,5176.58349609375,5200.734375,5439.2724609375,90.32666015625,4811.140625,1716598.0,0.3113218638627618
5495.5830078125,4194.876953125,4457.99755859375,5247.61669921875,3557.06591796875,4592.6142578125,5098.2001953125,5565.2509765625,4634.6201171875,4772.22900390625,1733264.0,0.31434440623036136
5380.6904296875,4047.4931640625,4427.87060546875,5266.54248046875,5212.44091796875,5307.4560546875,5137.8525390625,5730.35693359375,4580.60302734375,5029.66259765625,1749930.0,0.317366948597961
5327.12744140625,4072.716796875,4354.45458984375,5246.9814453125,3485.382568359375,5178.15673828125,4988.404296875,5501.865234375,4639.34765625,4927.5947265625,1766596.0,0.32038949096556063
5522.001953125,4093.780029296875,4379.41357421875,4927.1484375,5353.2880859375,5150.77783203125,5201.86328125,5811.26806640625,4635.943359375,4740.01708984375,1783262.0,0.32341203333316026
5339.083984375,4063.22314453125,4383.7958984375,5247.91162109375,255.65264892578125,5157.5869140625,5086.8203125,5658.7353515625,4623.69140625,4840.2646484375,1799928.0,0.3264345757007599
5259.49072265625,4129.91357421875,4474.17529296875,5154.74951171875,5270.98681640625,5204.94189453125,5195.60595703125,5461.0361328125,4648.6904296875,4846.71435546875,1816594.0,0.32945711806835953
5145.130859375,4121.15283203125,4544.59228515625,5144.7451171875,5081.3974609375,5209.59326171875,5296.20361328125,5650.78564453125,4664.14990234375,4791.92138671875,1833260.0,0.33247966043595917
5093.0185546875,4159.1865234375,4474.1611328125,5164.115234375,5268.80615234375,40.97715377807617,5195.4658203125,5517.5498046875,4607.126953125,4791.443359375,1849926.0,0.3355022028035588
5328.0537109375,4063.22802734375,4466.39404296875,5320.53076171875,5376.2265625,800.3607788085938,5254.26953125,5634.35595703125,4691.7900390625,4899.12109375,1866592.0,0.33852474517115844
5444.9013671875,3071.24462890625,4503.84912109375,-30.645343780517578,5371.15576171875,5112.943359375,5200.9384765625,5344.9482421875,4734.5966796875,5034.35400390625,1883258.0,0.34154728753875807
5482.2109375,4130.060546875,4324.3447265625,5298.57568359375,5229.0546875,5095.99560546875,4911.45361328125,5861.3603515625,4719.05712890625,4884.548828125,1899924.0,0.34456982990635765
5191.865234375,4117.19873046875,4107.13916015625,4932.7236328125,5360.755859375,5153.70458984375,5201.275390625,5417.42529296875,4692.34375,4832.56787109375,1916590.0,0.3475923722739573
5564.85400390625,4107.13916015625,4506.56005859375,5212.46826171875,5364.46875,5249.81103515625,5292.02783203125,5517.8154296875,4721.2119140625,4959.123046875,1933256.0,0.3506149146415569
5406.26416015625,4138.5771484375,4464.0625,5334.0458984375,5304.9833984375,667.3765869140625,5012.18701171875,5418.0712890625,4643.4287109375,4863.13330078125,1949922.0,0.35363745700915655
5720.728515625,3923.344970703125,4498.6484375,5296.59033203125,5160.4794921875,73.37836456298828,5305.724609375,1201.848876953125,4732.00439453125,4952.2099609375,1966588.0,0.3566599993767562
5483.01513671875,4065.063720703125,4475.13330078125,5377.87646484375,5269.41552734375,954.0695190429688,5394.388671875,5360.0908203125,4718.99072265625,4836.94775390625,1983254.0,0.3596825417443558
5514.77490234375,4242.4130859375,3799.032470703125,5315.283203125,5096.58544921875,5328.60595703125,5357.95166015625,5528.9443359375,4672.83642578125,4987.86962890625,1999920.0,0.36270508411195546
5499.12353515625,3637.84521484375,4521.06396484375,5223.216796875,5196.3154296875,5108.20751953125,127.12451934814453,5569.36962890625,639.8875732421875,31.161561965942383,2016586.0,0.3657276264795551
5497.06689453125,4154.95556640625,4413.47607421875,5173.11474609375,5184.32373046875,5225.232421875,5334.43701171875,5635.74951171875,4662.65185546875,4882.119140625,2033252.0,0.3687501688471547
5669.5849609375,4118.197265625,4473.0263671875,5337.23876953125,5283.81884765625,5263.080078125,5396.10693359375,5751.92236328125,4744.95361328125,4808.6474609375,2049918.0,0.37177271121475436
5719.52001953125,4200.1845703125,4396.486328125,5268.2685546875,5291.76171875,889.4619140625,5397.27294921875,5761.16845703125,4741.380859375,4747.6923828125,2066584.0,0.37479525358235394
5226.23828125,3450.525146484375,4422.55419921875,5247.77197265625,5319.3134765625,4965.15869140625,5378.73876953125,4964.6513671875,4763.62890625,4721.58984375,2083250.0,0.37781779594995357
5483.64013671875,2173.8349609375,4479.8203125,5152.8427734375,5369.775390625,5082.38330078125,5418.58203125,4950.6259765625,4704.62939453125,4973.8076171875,2099916.0,0.3808403383175532
5503.81396484375,4358.330078125,4502.92333984375,5302.0390625,5357.44775390625,5422.02197265625,5452.39599609375,5616.65283203125,4492.19775390625,4902.92578125,2116582.0,0.38386288068515284
5740.16162109375,4206.9423828125,4468.18359375,5349.77978515625,5302.98876953125,5226.92626953125,5327.22509765625,5468.826171875,4542.69287109375,4906.68896484375,2133248.0,0.3868854230527525
5713.052734375,2603.820556640625,2507.236572265625,5214.80615234375,5362.6796875,5290.8115234375,5285.021484375,5708.71728515625,3969.52197265625,5017.00146484375,2149914.0,0.3899079654203521
5654.91943359375,4200.61572265625,4510.50732421875,5143.33984375,5209.5498046875,915.6148071289062,5469.62255859375,5723.5615234375,4582.2490234375,3060.5380859375,2166580.0,0.39293050778795174
5615.8662109375,4386.00537109375,4446.220703125,5326.6552734375,4980.8759765625,344.85302734375,5501.671875,5493.0791015625,4689.578125,4745.18505859375,2183246.0,0.3959530501555514
5530.06201171875,4353.05419921875,4481.07763671875,5379.935546875,5271.421875,4900.16259765625,5344.55419921875,5618.6787109375,4572.53076171875,4939.1025390625,2199912.0,0.398975592523151
5636.0478515625,4172.82568359375,4565.263671875,5313.2705078125,5194.13330078125,4991.9248046875,5429.78759765625,5681.38671875,4718.77294921875,5073.38134765625,2216578.0,0.4019981348907506
5568.9287109375,4235.9326171875,4553.4814453125,5363.7958984375,5307.4296875,5338.513671875,5428.74951171875,5596.1630859375,4658.830078125,5014.142578125,2233244.0,0.4050206772583502
1005.9468994140625,4380.08056640625,4471.1923828125,5308.81689453125,5217.1689453125,5060.4580078125,5375.27490234375,5356.00537109375,4733.8779296875,4978.361328125,2249910.0,0.40804321962594986
5870.09912109375,4345.65966796875,4551.92041015625,5215.50537109375,5181.17236328125,5222.3984375,5490.41845703125,5676.322265625,506.6747131347656,4841.111328125,2266576.0,0.4110657619935495
5768.93701171875,4109.09033203125,4543.89501953125,5196.9150390625,5173.83251953125,5295.078125,5375.029296875,5640.35205078125,4614.6220703125,5058.50634765625,2283242.0,0.41408830436114913
5810.49853515625,4372.5263671875,4569.8447265625,5314.02783203125,5138.4345703125,5186.72314453125,5474.83447265625,5671.220703125,4711.65869140625,5005.2626953125,2299908.0,0.41711084672874876
5813.15966796875,4334.4462890625,4508.419921875,3974.57861328125,5186.55078125,5208.88720703125,5369.91796875,5607.43798828125,4778.98779296875,5081.025390625,2316574.0,0.4201333890963484
5814.51025390625,4398.25927734375,4482.6806640625,5263.50732421875,5172.58154296875,5237.0185546875,5433.39697265625,2174.419921875,4779.82666015625,4735.2314453125,2333240.0,0.42315593146394803
5694.21142578125,4237.8056640625,4593.95751953125,5354.64794921875,5130.4951171875,5374.35693359375,5418.986328125,5732.28564453125,4739.693359375,4957.5107421875,2349906.0,0.42617847383154767
5841.130859375,4398.63671875,4533.74462890625,5231.13330078125,5118.4423828125,5349.51025390625,5495.58447265625,5729.67919921875,4845.88623046875,4986.26806640625,2366572.0,0.4292010161991473
5827.9150390625,4428.0263671875,4583.18310546875,5424.986328125,5366.490234375,5279.2548828125,5588.3046875,5552.0927734375,4741.70361328125,4851.6357421875,2383238.0,0.4322235585667469
5948.39892578125,4551.455078125,4505.74755859375,5365.58349609375,5249.71533203125,5274.6142578125,5586.765625,5919.14892578125,4836.46044921875,5074.96240234375,2399904.0,0.4352461009343465
5675.44189453125,4239.44677734375,4626.45703125,4812.53271484375,5202.8720703125,5272.4345703125,5334.17919921875,5297.55322265625,4638.88232421875,4889.8798828125,2416570.0,0.43826864330194615
5891.31494140625,4314.5166015625,4532.5498046875,5388.53369140625,5296.38232421875,5365.14306640625,136.61532592773438,5823.56591796875,4763.162109375,5019.107421875,2433236.0,0.4412911856695458
2082.49853515625,4514.90625,4484.89111328125,5281.94140625,381.3780517578125,5214.11669921875,5358.34326171875,5543.2880859375,4861.08740234375,4923.27197265625,2449902.0,0.4443137280371454
5896.55517578125,4280.13134765625,4564.25048828125,5222.01025390625,4945.98486328125,5330.93603515625,5449.73779296875,5535.85400390625,4811.49755859375,4746.96435546875,2466568.0,0.44733627040474505
5917.861328125,4266.83740234375,4487.04541015625,5348.79638671875,5140.66455078125,5394.78125,5544.12060546875,5670.9794921875,4835.59814453125,5047.8388671875,2483234.0,0.4503588127723447
5829.4697265625,4218.767578125,4478.11279296875,5297.35400390625,5252.13671875,5445.35498046875,5518.81201171875,5817.51220703125,4753.96875,4955.40087890625,2499900.0,0.4533813551399443
5889.2353515625,4270.95361328125,4537.2490234375,5337.65966796875,5238.07861328125,5411.9755859375,5585.91357421875,5905.74951171875,4843.2275390625,5125.013671875,2516566.0,0.45640389750754395
5923.19580078125,4440.080078125,4603.7197265625,5177.2099609375,5375.41357421875,5351.75146484375,5447.90185546875,5795.31201171875,4840.0126953125,5026.859375,2533232.0,0.4594264398751436
5638.94921875,4171.65625,4511.14990234375,5257.94580078125,5204.4833984375,5310.49072265625,5519.17724609375,5503.24853515625,4843.1884765625,5070.35498046875,2549898.0,0.46244898224274317
5627.05322265625,4344.38623046875,4533.54296875,5336.47265625,5392.59326171875,5360.91015625,5591.73583984375,5907.22265625,4780.3447265625,4929.79541015625,2566564.0,0.4654715246103428
5504.9873046875,4386.5263671875,4630.64990234375,5292.86376953125,5070.83251953125,5402.0234375,5610.7177734375,5828.0,4665.537109375,5065.1591796875,2583230.0,0.46849406697794244
5879.90087890625,4268.0947265625,4637.56787109375,5301.53759765625,5215.4599609375,5485.951171875,5611.994140625,5734.775390625,4800.98046875,4914.7490234375,2599896.0,0.47151660934554207
5516.044921875,4300.6962890625,4569.79150390625,5356.73095703125,5066.8369140625,5406.69384765625,5631.24365234375,6032.0537109375,4844.6259765625,674.9044189453125,2616562.0,0.4745391517131417
5723.96875,4328.78369140625,4498.5341796875,5364.7255859375,5289.2626953125,5341.1748046875,5708.00634765625,5775.38671875,4842.2939453125,4925.43017578125,2633228.0,0.47756169408074134
5085.4453125,2967.2412109375,4531.4501953125,5422.54931640625,5289.3671875,5280.08447265625,5612.2109375,5765.9833984375,4909.509765625,5009.0322265625,2649894.0,0.480584236448341
5926.96630859375,4130.8798828125,4536.59814453125,5387.84912109375,5301.9580078125,5399.40673828125,5702.337890625,5753.025390625,4884.4853515625,5028.75390625,2666560.0,0.4836067788159406
5724.56787109375,4311.78125,4565.43310546875,5314.9765625,5146.3359375,5292.15966796875,5505.203125,5587.65234375,4820.42138671875,5086.7841796875,2683226.0,0.48662932118354024
5965.44873046875,4251.78271484375,4632.26171875,5352.1015625,5118.39501953125,5328.78955078125,5663.77197265625,5965.49951171875,4876.47314453125,3107.78515625,2699892.0,0.4896518635511399
5684.06787109375,4329.7783203125,4592.69287109375,5423.7587890625,5242.03662109375,5305.86669921875,5748.60791015625,5878.67333984375,4841.80078125,1109.0479736328125,2716558.0,0.49267440591873946
5925.35791015625,4504.36083984375,4582.4892578125,5366.83447265625,215.62332153320312,5232.193359375,5714.09716796875,5716.56982421875,4878.267578125,4936.14892578125,2733224.0,0.4956969482863391
6038.09375,4397.61376953125,4516.77685546875,5428.169921875,5243.31396484375,5224.5078125,5648.16943359375,5813.4091796875,4809.06103515625,5059.03564453125,2749890.0,0.4987194906539387
-17.594167709350586,4581.14501953125,4513.44775390625,5159.9912109375,5330.962890625,5249.40576171875,5668.1845703125,5872.560546875,4775.65576171875,5079.7734375,2766556.0,0.5017420330215384
5897.30126953125,4324.41796875,4564.8203125,5386.5908203125,5314.73095703125,5237.93212890625,5660.3955078125,5743.1162109375,4852.8876953125,5144.70654296875,2783222.0,0.504764575389138
5808.599609375,4453.45556640625,4668.16357421875,5360.02978515625,5196.56103515625,5342.11474609375,5681.1640625,5890.705078125,4680.24072265625,5000.998046875,2799888.0,0.5077871177567376
5669.2158203125,4441.47021484375,4618.09716796875,5428.32421875,5301.9208984375,5334.95556640625,5595.7080078125,5792.86474609375,4925.615234375,5105.9990234375,2816554.0,0.5108096601243373
5671.03369140625,4363.5537109375,4614.26318359375,21.821611404418945,5242.72265625,5346.09130859375,219.7176055908203,5831.58203125,4852.3642578125,5097.50537109375,2833220.0,0.5138322024919368
5947.68310546875,3514.63623046875,1936.2374267578125,5351.06298828125,5149.97998046875,5310.91357421875,5555.54736328125,5754.474609375,4865.3974609375,5048.90625,2849886.0,0.5168547448595365
5894.177734375,4330.27490234375,4609.595703125,5318.72265625,5339.77099609375,5464.85888671875,5575.998046875,5959.88427734375,4828.98388671875,4952.74853515625,2866552.0,0.5198772872271361
5857.39990234375,4343.50390625,4512.62646484375,4546.8984375,5307.18505859375,5333.0869140625,5615.63525390625,5730.435546875,4950.466796875,5061.19091796875,2883218.0,0.5228998295947358
5605.25048828125,4332.92236328125,4569.53076171875,5381.8974609375,5294.37841796875,5413.1552734375,5666.93212890625,5481.3359375,4931.8916015625,5017.64306640625,2899884.0,0.5259223719623354
5771.3515625,4527.49853515625,4606.94482421875,5407.85400390625,5430.62548828125,5315.458984375,5397.267578125,5710.732421875,4850.115234375,5057.6240234375,2916550.0,0.5289449143299351
6048.470703125,3116.444091796875,4567.0166015625,5305.95556640625,5366.421875,182.38999938964844,5630.94140625,5914.0107421875,4946.10107421875,4338.68994140625,2933216.0,0.5319674566975346
5792.65478515625,4328.39990234375,4485.9736328125,5307.5751953125,5245.99853515625,5350.75341796875,62.81413650512695,5651.3505859375,4870.83154296875,1.293537974357605,2949882.0,0.5349899990651343
5882.591796875,4419.380859375,4576.0927734375,5401.517578125,5283.73388671875,5418.77490234375,897.0110473632812,5815.89111328125,4964.6005859375,5130.2939453125,2966548.0,0.5380125414327339
5951.5810546875,4432.8642578125,4593.16845703125,5351.08935546875,5285.416015625,5284.02490234375,5428.59375,6039.36328125,4920.5927734375,5153.52294921875,2983214.0,0.5410350838003335
5819.794921875,4474.30810546875,4546.94970703125,5312.27294921875,5270.4833984375,5356.0654296875,5590.27734375,5896.76416015625,4840.8408203125,5229.11328125,2999880.0,0.5440576261679332
5704.1376953125,804.8776245117188,4674.21533203125,5176.6640625,5519.595703125,5393.89306640625,4428.36376953125,5906.96435546875,4815.88720703125,4925.28369140625,3016546.0,0.5470801685355328
5726.2314453125,3962.64111328125,4480.9365234375,5356.2294921875,5421.13818359375,5393.54638671875,5722.18359375,6022.9453125,4712.14453125,5079.3857421875,3033212.0,0.5501027109031325
5830.31884765625,4425.93603515625,4378.19921875,5392.55908203125,5334.84716796875,5429.8212890625,5702.02392578125,5854.01611328125,5007.583984375,5135.1318359375,3049878.0,0.553125253270732
180.60963439941406,4498.45849609375,4635.3740234375,5396.2958984375,5342.12158203125,5368.5361328125,5582.0322265625,6121.36767578125,4846.30712890625,5163.62060546875,3066544.0,0.5561477956383317
6029.50341796875,4453.98974609375,4620.2802734375,5103.43359375,5252.30859375,5410.865234375,5635.87548828125,5933.76220703125,2993.153076171875,5153.81787109375,3083210.0,0.5591703380059313
5894.7822265625,4449.20166015625,4631.35302734375,5349.052734375,5364.51416015625,968.791259765625,5587.15478515625,5859.0849609375,4918.96826171875,5129.7763671875,3099876.0,0.562192880373531
5862.9833984375,4458.73046875,4616.59375,5339.2353515625,5323.873046875,935.8488159179688,5513.08349609375,5882.576171875,4844.0908203125,5175.60400390625,3116542.0,0.5652154227411306
5924.033203125,4575.9375,4637.34912109375,5359.8271484375,5019.46240234375,5550.72412109375,5610.2646484375,5868.5732421875,4953.466796875,5120.03857421875,3133208.0,0.5682379651087301
6017.3447265625,4506.14697265625,4633.49462890625,5335.18701171875,5309.544921875,5337.001953125,5450.00244140625,5837.47021484375,4925.37255859375,5147.3828125,3149874.0,0.5712605074763298
5865.22119140625,4641.00341796875,4618.02392578125,5369.99755859375,5266.59375,5344.1533203125,5537.69677734375,131.63780212402344,4986.40478515625,11.734753608703613,3166540.0,0.5742830498439294
5904.16552734375,4315.70361328125,4016.81884765625,5426.22314453125,5365.16845703125,5403.1689453125,5666.8505859375,5540.462890625,4881.43017578125,5161.703125,3183206.0,0.5773055922115291
5837.83984375,4427.2177734375,4653.5126953125,5373.8359375,5434.72900390625,5296.68505859375,5678.31982421875,5993.62939453125,4886.01171875,5207.46044921875,3199872.0,0.5803281345791287
5990.7548828125,4442.69775390625,4652.76708984375,5328.0107421875,5276.11865234375,5444.63671875,5671.44189453125,5905.740234375,4947.98876953125,4709.8076171875,3216538.0,0.5833506769467284
6097.04248046875,4305.3193359375,4738.61669921875,5269.4658203125,5363.75439453125,5245.51806640625,5639.64599609375,1591.18212890625,4912.87451171875,5106.22314453125,3233204.0,0.586373219314328
5995.33740234375,-0.5455390214920044,4581.36181640625,5402.7880859375,5440.12353515625,5416.1640625,5709.79736328125,5810.1611328125,4938.41796875,5184.89599609375,3249870.0,0.5893957616819276
5910.64990234375,4658.61669921875,4568.5703125,5377.72705078125,5488.3447265625,5423.48583984375,5729.13427734375,5970.97021484375,4910.57666015625,5122.36083984375,3266536.0,0.5924183040495272
5981.873046875,4372.16015625,4642.626953125,5328.2978515625,5266.85546875,5450.22705078125,5680.68505859375,6167.701171875,4903.7431640625,5186.75634765625,3283202.0,0.5954408464171268
5978.80859375,4360.5048828125,2558.052490234375,5358.33642578125,5442.3544921875,5430.2138671875,5697.86572265625,5912.2666015625,4945.99365234375,5110.25634765625,3299868.0,0.5984633887847265
5946.82470703125,4557.060546875,4633.8046875,5381.68359375,5301.826171875,5365.142578125,5711.138671875,5654.4130859375,4649.08642578125,4967.52587890625,3316534.0,0.6014859311523261
5888.181640625,4404.97705078125,4538.06787109375,5344.06982421875,5189.6435546875,5412.3232421875,5738.55419921875,5948.5009765625,4832.01123046875,839.4103393554688,3333200.0,0.6045084735199258
1038.3985595703125,4663.56005859375,4576.19580078125,5370.0166015625,5034.5302734375,5464.78369140625,5714.16845703125,5912.39990234375,4627.35107421875,4936.51904296875,3349866.0,0.6075310158875253
5995.46533203125,4596.10107421875,4622.86474609375,5391.33349609375,5388.02490234375,5357.9892578125,5635.1328125,5878.77294921875,4720.4423828125,5033.427734375,3366532.0,0.610553558255125
6036.86083984375,4547.357421875,4556.41455078125,5317.89990234375,5393.740234375,5472.228515625,5725.56005859375,6062.4501953125,4885.80908203125,5194.47607421875,3383198.0,0.6135761006227246
5841.1328125,4327.77294921875,4645.56201171875,5429.25146484375,5366.380859375,374.6417236328125,5633.7490234375,6117.80078125,4888.876953125,5223.69189453125,3399864.0,0.6165986429903243
5809.0625,4403.24365234375,4646.396484375,5355.23193359375,5204.853515625,5084.01611328125,-2.745728015899658,5742.93994140625,4909.12939453125,5179.66748046875,3416530.0,0.6196211853579239
5281.1552734375,4544.4453125,4628.61669921875,5416.19140625,5392.3056640625,5403.806640625,5521.84716796875,5994.94189453125,4821.3916015625,5180.15478515625,3433196.0,0.6226437277255236
5163.1123046875,4540.796875,4675.59375,5391.1806640625,5315.75390625,5386.96630859375,5588.75732421875,6114.59375,4914.12890625,5209.16015625,3449862.0,0.6256662700931231
6039.591796875,4498.8505859375,4623.5361328125,5407.8203125,5392.9140625,5390.32861328125,5646.69677734375,5990.89404296875,4917.2587890625,5172.21484375,3466528.0,0.6286888124607227
5688.982421875,4528.54052734375,9.922113418579102,5410.9267578125,5400.134765625,5245.23876953125,5722.119140625,5854.19189453125,4943.93310546875,5273.37353515625,3483194.0,0.6317113548283224
6070.6337890625,4601.875,4653.8515625,5382.357421875,5387.8974609375,5440.85009765625,5687.93701171875,5905.1083984375,4853.79296875,5059.74267578125,3499860.0,0.634733897195922
5827.88525390625,4747.16552734375,4656.1982421875,5438.56103515625,5392.5263671875,5350.92333984375,5591.71240234375,5780.8681640625,4964.611328125,-0.8135849833488464,3516526.0,0.6377564395635217
-48.10164260864258,4570.24658203125,4666.86669921875,5470.29248046875,5450.5966796875,5479.64501953125,5381.8857421875,6136.31591796875,4961.220703125,31.074413299560547,3533192.0,0.6407789819311213
5703.34375,4624.17333984375,4707.07470703125,5420.203125,5577.78076171875,5326.57275390625,568.0106201171875,5947.701171875,4951.63720703125,298.04425048828125,3549858.0,0.643801524298721
5865.89794921875,4575.36767578125,4676.53857421875,5435.52978515625,5438.34912109375,5483.78515625,5617.24609375,5956.9287109375,4949.89111328125,4815.60107421875,3566524.0,0.6468240666663205
5984.28662109375,4748.12158203125,4717.4970703125,5384.111328125,5456.4853515625,5353.87353515625,5713.1044921875,1968.2667236328125,4883.173828125,5072.82470703125,3583190.0,0.6498466090339202
6036.29443359375,4692.357421875,4669.943359375,5263.318359375,5372.2236328125,5166.07666015625,5628.939453125,6012.75,4980.275390625,5166.35009765625,3599856.0,0.6528691514015198
6084.45703125,4591.24169921875,4682.01220703125,5393.8017578125,5412.41845703125,5453.27294921875,5732.51904296875,6013.65625,5028.4091796875,5195.95263671875,3616522.0,0.6558916937691194
6016.3701171875,4555.775390625,4663.59423828125,5390.826171875,5407.62451171875,5568.8349609375,5672.52978515625,5982.34375,4949.92236328125,5228.83984375,3633188.0,0.6589142361367191
5758.17822265625,4521.10888671875,4631.79345703125,5347.35888671875,5346.8515625,5429.0146484375,5680.419921875,5847.57568359375,4960.89404296875,4713.88623046875,3649854.0,0.6619367785043186
5868.59375,4698.630859375,4684.46435546875,5399.51708984375,5327.3857421875,5428.15185546875,5753.646484375,6043.2197265625,5052.4609375,4993.4765625,3666520.0,0.6649593208719183
5807.5439453125,4670.77783203125,4681.64404296875,5400.87353515625,5408.89404296875,5479.71142578125,5084.0234375,6071.201171875,5036.53857421875,5174.08154296875,3683186.0,0.6679818632395179
5889.2568359375,4623.185546875,4592.75048828125,5437.166015625,5377.06494140625,5519.02783203125,5683.568359375,6139.234375,4986.8984375,5176.54296875,3699852.0,0.6710044056071176
6017.30078125,4656.93798828125,4693.99560546875,5367.85205078125,5498.16552734375,5437.9482421875,5758.1376953125,6047.537109375,1627.0015869140625,5210.84326171875,3716518.0,0.6740269479747172
5894.60498046875,4741.126953125,4693.61572265625,5492.43603515625,5170.46484375,5550.78564453125,5599.5361328125,5915.0966796875,4959.01318359375,1032.838134765625,3733184.0,0.6770494903423169
6074.7900390625,4580.0625,4729.85009765625,5427.85791015625,5338.7587890625,5502.02587890625,5637.40283203125,5897.36279296875,5003.4619140625,5216.40625,3749850.0,0.6800720327099165
5721.8291015625,4644.61474609375,4728.908203125,5057.7177734375,5378.34716796875,5376.158203125,5789.59912109375,5825.5693359375,4965.77294921875,5232.29736328125,3766516.0,0.6830945750775161
5969.166015625,4670.0712890625,4599.7294921875,5358.544921875,99.44550323486328,5441.404296875,5738.5244140625,5980.603515625,5047.48583984375,5215.12890625,3783182.0,0.6861171174451157
5965.623046875,4721.859375,4707.15185546875,5311.99267578125,5592.57958984375,5509.7900390625,1679.5262451171875,5961.9521484375,4934.57275390625,5188.21142578125,3799848.0,0.6891396598127153
6056.39208984375,4725.35888671875,4491.85400390625,5436.0390625,5374.453125,5488.01904296875,5627.27880859375,5913.51416015625,4965.7802734375,5201.5322265625,3816514.0,0.692162202180315
5787.01025390625,4811.47216796875,4703.79150390625,5431.7373046875,683.9569091796875,698.9188232421875,5598.89453125,5955.62158203125,4946.07470703125,4844.31787109375,3833180.0,0.6951847445479146
5712.35009765625,4668.435546875,4612.44482421875,5437.21240234375,5043.18359375,5309.25439453125,5663.29638671875,6141.41552734375,4983.2900390625,5213.78125,3849846.0,0.6982072869155143
5801.58349609375,4703.43115234375,4660.90771484375,5455.65771484375,3825.7880859375,5425.11669921875,5314.85791015625,6093.21484375,4986.375,5170.12744140625,3866512.0,0.7012298292831138
6120.0244140625,4680.4677734375,4675.18212890625,5502.6005859375,5486.6884765625,5565.3935546875,5637.19873046875,6004.33935546875,4964.96435546875,5163.3798828125,3883178.0,0.7042523716507135
5813.4560546875,4652.00634765625,4750.55908203125,5373.5634765625,5425.1240234375,5482.08056640625,5620.46533203125,6196.8740234375,5060.619140625,5210.2841796875,3899844.0,0.7072749140183131
5902.61669921875,4844.90576171875,4695.00830078125,997.3683471679688,5466.25927734375,5558.875,5653.20361328125,6063.896484375,4928.78076171875,5245.197265625,3916510.0,0.7102974563859128
6097.9970703125,4764.251953125,4730.34423828125,5484.4638671875,5389.16650390625,5347.3525390625,5770.57958984375,6012.32861328125,5049.10986328125,5161.4794921875,3933176.0,0.7133199987535124
5953.6650390625,4712.20654296875,4681.3251953125,5399.9658203125,5388.3876953125,963.3942260742188,5536.734375,5903.55859375,5052.06494140625,140.58119201660156,3949842.0,0.716342541121112
5813.802734375,4757.96533203125,4795.2998046875,5488.7255859375,5618.94384765625,4241.07861328125,5747.8681640625,5988.2724609375,5087.50927734375,5093.07275390625,3966508.0,0.7193650834887116
5882.611328125,4715.95703125,4606.6298828125,5385.33203125,3522.98095703125,5597.71630859375,5726.84375,6116.7607421875,4978.63037109375,5176.2177734375,3983174.0,0.7223876258563112
5858.228515625,4703.40625,4710.99658203125,5518.2109375,5462.97705078125,5542.66650390625,4133.279296875,6230.51220703125,4986.2578125,5243.97705078125,3999840.0,0.7254101682239109
6021.45556640625,4588.884765625,4635.375,5361.2021484375,5456.57861328125,5483.236328125,5678.62744140625,6077.07958984375,4980.77685546875,5198.14208984375,4016506.0,0.7284327105915105
5973.13232421875,4694.77001953125,4630.4111328125,5484.62451171875,5453.8974609375,5475.4208984375,5808.0947265625,5266.68310546875,5007.81982421875,5105.60888671875,4033172.0,0.7314552529591102
5706.95849609375,4734.75341796875,4799.95849609375,5526.32666015625,5516.44580078125,5557.09619140625,5685.427734375,6081.84814453125,4995.39208984375,4678.2412109375,4049838.0,0.7344777953267098
6033.87548828125,4669.5,4682.107421875,5523.4345703125,5172.0908203125,5541.08203125,5712.03564453125,5926.529296875,5097.69189453125,993.6561279296875,4066504.0,0.7375003376943094
6026.30615234375,4728.51904296875,4716.23095703125,5204.32958984375,5479.3994140625,5531.5166015625,5644.46728515625,6123.39599609375,4927.47119140625,40.444480895996094,4083170.0,0.740522880061909
6029.42236328125,4792.95751953125,4628.76708984375,5315.47119140625,5499.62744140625,5623.810546875,5546.75390625,5909.43017578125,5001.650390625,5129.2890625,4099836.0,0.7435454224295087
5583.9833984375,4779.12060546875,4738.51318359375,819.7327880859375,5424.3857421875,5601.4560546875,5775.61962890625,6085.97021484375,5102.7197265625,5049.20166015625,4116502.0,0.7465679647971083
6070.9794921875,4758.29443359375,4708.01416015625,5520.46142578125,5234.724609375,5475.39013671875,404.6812744140625,6071.93994140625,5119.7890625,-0.6215230226516724,4133168.0,0.7495905071647079
6070.623046875,4777.5322265625,489.30389404296875,5390.08837890625,5447.34228515625,5479.50439453125,5353.0771484375,6194.2451171875,5082.21630859375,5184.6318359375,4149834.0,0.7526130495323076
323.720458984375,4851.75390625,4633.5791015625,5424.42919921875,5528.1015625,5538.7978515625,5605.923828125,5925.47021484375,5086.65625,5178.63623046875,4166500.0,0.7556355918999071
6047.4541015625,4832.5439453125,3775.471435546875,5524.099609375,3505.076904296875,5725.541015625,5620.70361328125,6027.27294921875,5128.63623046875,5093.146484375,4183166.0,0.7586581342675068
5632.3056640625,599.5176391601562,4743.75341796875,5449.08056640625,2869.575927734375,5597.1328125,5781.970703125,6122.7470703125,5091.1748046875,5303.681640625,4199832.0,0.7616806766351064
5807.5712890625,4781.38134765625,4684.1826171875,5597.46728515625,5602.11962890625,5614.9228515625,5816.0341796875,6166.65234375,4997.35205078125,5345.8876953125,4216498.0,0.7647032190027061
6094.94970703125,4810.15625,4731.24169921875,5499.84375,3506.3349609375,5578.5654296875,5770.1884765625,6069.77783203125,5076.68603515625,5293.14404296875,4233164.0,0.7677257613703057
6113.52001953125,4780.9296875,4591.0029296875,5479.0126953125,5540.32421875,5573.27099609375,5785.27587890625,6164.0009765625,5051.994140625,5276.20654296875,4249830.0,0.7707483037379054
6085.52294921875,4806.671875,4644.3291015625,5506.35791015625,5623.814453125,5645.07373046875,5772.51123046875,6101.2080078125,4978.77978515625,5045.8798828125,4266496.0,0.773770846105505
6039.0263671875,4885.30029296875,4729.2333984375,5559.30224609375,5649.51806640625,5673.5458984375,5828.34619140625,264.0533752441406,5030.82275390625,4956.30712890625,4283162.0,0.7767933884731045
5548.13720703125,4875.98779296875,4583.9140625,5456.36572265625,250.0919647216797,5650.85546875,253.54222106933594,6053.84326171875,5125.00341796875,5137.3359375,4299828.0,0.7798159308407042
5849.4853515625,4742.88720703125,4569.216796875,5646.76806640625,5564.6845703125,5705.9775390625,5741.4501953125,4135.4306640625,5052.20361328125,5354.5009765625,4316494.0,0.7828384732083038
5766.72998046875,4769.31689453125,4748.30859375,5456.947265625,4557.74658203125,5631.86865234375,5793.09228515625,6119.81103515625,5070.6484375,5323.9951171875,4333160.0,0.7858610155759035
6049.0732421875,4897.31396484375,4763.14111328125,5523.078125,5469.369140625,5666.26953125,5789.10205078125,6151.90966796875,5067.89111328125,5330.0634765625,4349826.0,0.7888835579435031
6074.28076171875,4772.267578125,4752.30029296875,5583.716796875,5519.2822265625,5736.7177734375,5792.47998046875,6147.3232421875,3615.328369140625,4912.8701171875,4366492.0,0.7919061003111028
5920.611328125,4940.15625,4750.55908203125,5573.66015625,5530.81396484375,5625.59033203125,5716.64990234375,5811.45068359375,5060.40283203125,5157.9091796875,4383158.0,0.7949286426787023
5373.92431640625,4882.9306640625,4847.01171875,5601.54833984375,5619.421875,5755.9990234375,5672.31494140625,131.6668243408203,5154.50537109375,5378.60107421875,4399824.0,0.797951185046302
6082.69287109375,4780.7275390625,4728.10986328125,5577.4375,5325.634765625,5639.0810546875,5833.03564453125,57.333168029785156,5021.2529296875,5233.33056640625,4416490.0,0.8009737274139016
5875.33984375,4903.8896484375,4758.44384765625,5542.65869140625,5564.322265625,5649.3056640625,5807.2255859375,5997.20263671875,5048.66943359375,5226.84326171875,4433156.0,0.8039962697815012
5851.82666015625,4823.25146484375,4809.26220703125,5602.302734375,5621.4345703125,5666.8466796875,85.8371353149414,5624.576171875,5012.7021484375,5234.4619140625,4449822.0,0.8070188121491009
6070.82421875,1316.34521484375,4784.73291015625,5694.560546875,5586.646484375,5700.904296875,5659.03857421875,6264.9716796875,5046.94580078125,5335.36376953125,4466488.0,0.8100413545167005
6008.72705078125,4749.37939453125,4737.17333984375,5633.56396484375,5425.4951171875,5559.74365234375,5830.36767578125,6284.48828125,5062.50830078125,5389.4111328125,4483154.0,0.8130638968843001
6064.5517578125,4804.1015625,4681.89013671875,5637.03125,5581.92578125,5539.9775390625,5836.60546875,6211.97802734375,5099.75732421875,5359.84130859375,4499820.0,0.8160864392518997
6109.4189453125,4837.37255859375,4702.5556640625,5620.42529296875,5379.2060546875,5692.61865234375,5714.869140625,5996.2822265625,5078.48779296875,5339.0703125,4516486.0,0.8191089816194994
5931.9130859375,4815.96923828125,4725.74267578125,5634.78955078125,2926.540283203125,5678.91748046875,5548.7138671875,5870.52294921875,5088.23095703125,5334.77099609375,4533152.0,0.822131523987099
34.003456115722656,4860.12890625,4740.3310546875,5545.234375,5406.41552734375,5563.57763671875,5562.72607421875,6128.001953125,5100.57421875,1058.125732421875,4549818.0,0.8251540663546987
4003.8271484375,4857.14306640625,4687.91015625,5544.716796875,5476.49072265625,5692.02490234375,33.65662384033203,5992.94921875,5088.61279296875,5354.08544921875,4566484.0,0.8281766087222983
4569.83056640625,4884.7822265625,4806.083984375,381.82257080078125,5630.3046875,5621.71875,4265.7265625,6070.83544921875,4903.00146484375,5249.49072265625,4583150.0,0.831199151089898
3826.916259765625,4840.98974609375,4656.333984375,5652.52734375,5420.52783203125,895.4406127929688,5719.0634765625,6061.59765625,5098.8310546875,5370.0908203125,4599816.0,0.8342216934574975
4903.9794921875,4915.98974609375,4691.5888671875,5713.4306640625,5450.6513671875,5504.0048828125,5675.55859375,6223.08203125,5155.80078125,5295.43017578125,4616482.0,0.8372442358250971
4283.57861328125,4840.73486328125,4789.25830078125,5694.61181640625,5599.42626953125,5214.94091796875,5666.9541015625,6232.79052734375,5033.66064453125,5362.498046875,4633148.0,0.8402667781926968
5352.05517578125,4857.8525390625,4779.61669921875,5619.015625,5607.94384765625,5585.22705078125,5596.27880859375,6015.044921875,5070.21142578125,5306.82861328125,4649814.0,0.8432893205602964
5225.5908203125,4861.30517578125,4811.36474609375,5651.412109375,5580.68798828125,3797.7822265625,5748.60791015625,6146.02392578125,5147.8369140625,5337.5712890625,4666480.0,0.8463118629278961
5634.79638671875,4871.7314453125,4692.853515625,5822.822265625,5706.0087890625,5702.77587890625,5658.17919921875,6078.259765625,5078.5654296875,5331.37548828125,4683146.0,0.8493344052954956
5599.19775390625,4806.3525390625,4762.10791015625,5646.1845703125,5385.1689453125,5674.0498046875,5823.693359375,5958.291015625,5142.90185546875,5449.17333984375,4699812.0,0.8523569476630953
5607.2294921875,4858.46826171875,277.77191162109375,5749.81884765625,5575.18359375,5757.97021484375,5676.17724609375,1415.75732421875,5027.25927734375,4915.93310546875,4716478.0,0.8553794900306949
5709.35595703125,4860.96142578125,4786.31103515625,5667.31201171875,492.3756103515625,5840.7431640625,5748.78173828125,6114.12548828125,5062.64599609375,5266.4111328125,4733144.0,0.8584020323982946
5589.0595703125,4818.17724609375,4870.62451171875,5710.330078125,5587.08154296875,909.5856323242188,5216.8974609375,1922.05859375,5019.9443359375,5316.90625,4749810.0,0.8614245747658942
5877.564453125,4871.02978515625,4861.990234375,5730.33544921875,5549.162109375,878.7631225585938,5742.68408203125,3265.383056640625,4996.099609375,5275.2509765625,4766476.0,0.8644471171334938
4979.31689453125,4822.1630859375,4858.85595703125,5744.68798828125,5505.92431640625,5749.92236328125,5716.4248046875,5928.25830078125,5143.5595703125,5320.6650390625,4783142.0,0.8674696595010934
5742.2509765625,4886.3232421875,4862.51171875,5572.564453125,5556.77880859375,5850.1455078125,5836.80126953125,6265.34375,5091.3681640625,5342.38525390625,4799808.0,0.870492201868693
5570.97119140625,4587.4873046875,4881.4267578125,5798.81591796875,5594.2412109375,5782.646484375,5365.72216796875,6321.37451171875,5071.4677734375,5356.119140625,4816474.0,0.8735147442362927
5537.72705078125,4673.419921875,4768.5732421875,5689.28271484375,5680.83203125,5579.05859375,5756.2294921875,6309.8623046875,5100.5185546875,5430.70849609375,4833140.0,0.8765372866038923
5883.8125,4652.30419921875,4881.0927734375,5373.44482421875,5592.35498046875,5875.97412109375,5752.60009765625,213.07717895507812,5188.1630859375,374.9088439941406,4849806.0,0.879559828971492
5861.98046875,4868.79345703125,4761.4990234375,5742.26806640625,5486.42626953125,5799.5322265625,5789.314453125,6214.2890625,5101.97021484375,5465.40625,4866472.0,0.8825823713390916
5762.146484375,4787.9951171875,4802.69482421875,5785.8935546875,-6.137075901031494,210.03770446777344,5604.591796875,6292.90771484375,5087.8076171875,5428.94580078125,4883138.0,0.8856049137066913
6042.96875,4886.65185546875,4707.986328125,5824.7412109375,5721.03173828125,5719.5654296875,5792.2978515625,6074.28076171875,5068.3583984375,5399.24951171875,4899804.0,0.8886274560742908
5984.16357421875,4872.86865234375,4674.2919921875,5395.05615234375,5713.2529296875,5861.0791015625,5775.154296875,6327.68408203125,5117.25146484375,5396.02294921875,4916470.0,0.8916499984418905
5983.123046875,4743.4306640625,4841.68896484375,5706.55078125,5607.96044921875,5809.923828125,5573.365234375,6295.1181640625,5176.59033203125,5386.04638671875,4933136.0,0.8946725408094901
6023.96044921875,4804.86279296875,4787.98779296875,5831.9228515625,5573.5830078125,5360.01416015625,5764.513671875,6300.31640625,5094.88232421875,5402.5244140625,4949802.0,0.8976950831770897
6072.73046875,152.09666442871094,4804.96630859375,5835.509765625,5682.06494140625,5776.40625,5849.3876953125,6303.0283203125,5166.3603515625,1008.534423828125,4966468.0,0.9007176255446894
5904.1064453125,4869.16015625,4904.26904296875,5872.93505859375,5679.51513671875,5790.88134765625,5876.8369140625,6366.87060546875,5162.0546875,5457.2236328125,4983134.0,0.903740167912289
5959.49169921875,4881.14453125,4827.65478515625,5816.16748046875,5773.92626953125,5853.07080078125,5667.462890625,5304.98095703125,5158.00439453125,5404.375,4999800.0,0.9067627102798886
