eval/return/2aaoa98u,eval/return/acjz38un,eval/return/qer0j081,eval/return/5xwo7yxr,eval/return/vzm3wv5u,eval/return/fd0tcb3v,eval/return/39jd8o4t,eval/return/k3tyfl30,eval/return/jec1qe1o,eval/return/tamtn5vt,step,wallclock
18.97235107421875,43.01654815673828,15.018499374389648,16.784412384033203,17.52495574951172,5.069109916687012,8.674532890319824,6.664059162139893,8.263566970825195,48.663665771484375,1.0,0.0
296.0192565917969,320.153564453125,289.04693603515625,294.7624206542969,42.701576232910156,223.11541748046875,334.648193359375,119.8919906616211,280.9264221191406,286.5388488769531,16666.0,0.003319273916659532
489.2564392089844,25.41278648376465,971.5648803710938,808.9312133789062,349.9151916503906,308.83905029296875,381.3202819824219,49.982357025146484,301.3003234863281,352.4385681152344,33332.0,0.006638547833319064
10.374554634094238,485.18817138671875,572.6731567382812,1233.8753662109375,598.570068359375,462.32513427734375,496.1257019042969,596.27392578125,450.1285095214844,392.6304626464844,49998.0,0.009957821749978595
842.267822265625,826.0419311523438,1628.8358154296875,1110.9173583984375,949.2603759765625,932.9926147460938,85.14386749267578,579.0054321289062,373.88946533203125,391.1784973144531,66664.0,0.013277095666638128
941.6669311523438,917.8850708007812,757.5323486328125,1000.022216796875,1289.7685546875,643.75634765625,887.0026245117188,649.6055908203125,848.5487060546875,488.1526794433594,83330.0,0.01659636958329766
834.073974609375,918.4445190429688,1015.2844848632812,1166.652587890625,1663.4888916015625,1717.420654296875,1017.83447265625,988.9866333007812,1303.514404296875,408.25726318359375,99996.0,0.01991564349995719
1184.8145751953125,1246.6641845703125,3142.935302734375,1270.057861328125,3291.089599609375,812.5020141601562,2068.005126953125,819.3165283203125,978.3912353515625,760.4415893554688,116662.0,0.023234917416616725
2674.49951171875,1850.2982177734375,1664.9134521484375,1223.9566650390625,2453.5615234375,1355.5274658203125,1128.85546875,758.1546630859375,759.0648193359375,549.3054809570312,133328.0,0.026554191333276255
1214.0093994140625,965.8260498046875,294.8772277832031,2505.662841796875,1333.8511962890625,1314.0235595703125,1156.2550048828125,763.5144653320312,918.5455322265625,1366.5830078125,149994.0,0.029873465249935786
1175.8533935546875,1481.897216796875,3122.4794921875,1034.71484375,3336.165283203125,3126.674560546875,675.2334594726562,555.8875732421875,1403.38671875,1099.3369140625,166660.0,0.03319273916659532
3196.281982421875,3106.018310546875,913.8026123046875,1194.390625,1449.9830322265625,3402.4755859375,2623.44384765625,1999.149169921875,3174.022216796875,986.5911254882812,183326.0,0.03651201308325485
2359.301025390625,3179.15185546875,3114.1865234375,1220.74267578125,1286.8751220703125,3427.952880859375,1930.5511474609375,787.2381591796875,3166.4541015625,2951.193603515625,199992.0,0.03983128699991438
1234.894775390625,2189.15478515625,1661.1368408203125,3029.665283203125,3297.863037109375,3076.44775390625,3128.6201171875,3008.675048828125,968.5983276367188,946.6098022460938,216658.0,0.04315056091657391
2538.577392578125,1236.9361572265625,1195.754150390625,1083.422607421875,1573.6658935546875,3309.280517578125,3215.837158203125,3238.218994140625,3354.087646484375,987.42724609375,233324.0,0.04646983483323345
3343.244384765625,3209.70654296875,2138.1875,1112.97705078125,344.951904296875,3419.0107421875,1941.6898193359375,1343.795654296875,2079.235595703125,3256.4326171875,249990.0,0.04978910874989298
3416.923828125,2121.723388671875,3205.785400390625,3150.32373046875,3443.501708984375,1256.144775390625,1210.046142578125,3160.642333984375,3289.91064453125,3310.165283203125,266656.0,0.05310838266655251
813.957275390625,3232.250244140625,3146.802001953125,1091.9324951171875,1557.7008056640625,3493.1171875,2169.502685546875,2656.093505859375,3343.53369140625,1353.720458984375,283322.0,0.05642765658321204
1450.9591064453125,183.37608337402344,3251.796142578125,2813.917724609375,1770.117919921875,3431.012451171875,1640.7625732421875,1788.52734375,3330.00537109375,1942.60400390625,299988.0,0.05974693049987157
654.0249633789062,3279.9072265625,3189.915771484375,1052.361083984375,2722.5126953125,3467.640869140625,2109.26806640625,1316.3447265625,1043.8038330078125,3282.79052734375,316654.0,0.0630662044165311
1420.619384765625,1383.1568603515625,3195.255859375,1189.10888671875,3414.754638671875,3483.305908203125,3210.355224609375,1017.2164916992188,3305.765869140625,3317.988037109375,333320.0,0.06638547833319064
1055.7401123046875,1017.7705078125,1443.1802978515625,1330.13623046875,3406.22900390625,3489.009765625,3274.4814453125,3329.87890625,1030.7877197265625,3290.8408203125,349986.0,0.06970475224985016
3439.080078125,54.92538070678711,2520.287353515625,3267.598876953125,3409.257080078125,3492.472412109375,3209.81298828125,3437.14892578125,1298.686279296875,2799.85400390625,366652.0,0.0730240261665097
1418.6812744140625,1110.076171875,3245.751953125,1428.6944580078125,28.2654972076416,3412.226806640625,3446.103759765625,3451.138916015625,1360.0987548828125,3272.07666015625,383318.0,0.07634330008316924
3399.673828125,3179.33984375,3248.09521484375,3204.68115234375,3351.662353515625,3489.61669921875,3270.205810546875,3429.484375,3298.8359375,3375.478759765625,399984.0,0.07966257399982876
1600.1170654296875,3275.162841796875,15.330713272094727,1521.9049072265625,995.3392944335938,3503.046630859375,1205.669677734375,1515.383544921875,3361.5419921875,1160.056396484375,416650.0,0.0829818479164883
3457.304443359375,3266.990966796875,1230.511474609375,1523.608154296875,2516.612060546875,2353.044677734375,3338.333984375,1381.510986328125,3356.6748046875,3293.89208984375,433316.0,0.08630112183314782
2309.740966796875,3425.203369140625,3262.9560546875,3242.67431640625,3420.597412109375,3527.002197265625,2541.224365234375,1746.9757080078125,3363.98046875,2232.653564453125,449982.0,0.08962039574980736
3394.1640625,3335.9677734375,3297.945068359375,3278.7841796875,1714.3895263671875,3542.424072265625,2381.856201171875,3505.0283203125,3356.251220703125,3289.910400390625,466648.0,0.0929396696664669
3425.29931640625,3340.986328125,3256.808349609375,2279.87109375,3440.123291015625,3487.29296875,2717.657470703125,3555.00341796875,3422.011962890625,1342.2987060546875,483314.0,0.09625894358312642
3473.71337890625,1944.855712890625,1902.6544189453125,3240.214599609375,3522.291015625,3542.17041015625,3369.462890625,1119.245849609375,3428.4921875,3323.462646484375,499980.0,0.09957821749978596
3482.390380859375,1232.5489501953125,3300.612548828125,3301.1943359375,2811.8037109375,3496.5625,1905.2254638671875,1317.0657958984375,3500.009765625,3403.6845703125,516646.0,0.10289749141644548
3499.77490234375,3500.328857421875,1072.7113037109375,1039.3753662109375,1382.449462890625,1052.3597412109375,1398.7410888671875,1369.748779296875,1271.3409423828125,2586.691162109375,533312.0,0.10621676533310502
1183.7386474609375,3383.765625,3283.509033203125,1237.58984375,1726.237548828125,3524.081787109375,3420.71044921875,3513.0224609375,3375.9833984375,3423.365234375,549978.0,0.10953603924976456
1148.081787109375,3407.79296875,1443.7921142578125,1063.2724609375,1707.5323486328125,3512.836669921875,3220.566162109375,1848.007568359375,3378.695556640625,2304.3427734375,566644.0,0.11285531316642408
3442.07421875,3378.917724609375,1247.03076171875,1793.974609375,1937.015380859375,3548.767578125,1483.8153076171875,837.7894287109375,1532.230224609375,3470.345458984375,583310.0,0.11617458708308362
2078.11962890625,3425.19140625,1127.610107421875,1622.177734375,1637.6690673828125,3469.876708984375,3444.7578125,1438.5811767578125,1556.2301025390625,3432.818603515625,599976.0,0.11949386099974314
3517.693359375,3385.15380859375,17.98824119567871,1368.96484375,1712.4224853515625,3433.6875,1301.27880859375,2253.301513671875,3199.366455078125,1202.3804931640625,616642.0,0.12281313491640268
3449.4013671875,3508.008056640625,3320.132080078125,2191.97021484375,3679.066650390625,3528.443603515625,1323.2310791015625,2162.101318359375,1276.4266357421875,1283.20654296875,633308.0,0.1261324088330622
3459.338134765625,2812.244140625,1171.4261474609375,1284.2884521484375,2431.571533203125,3466.226318359375,3352.324951171875,1889.3731689453125,3436.07470703125,3394.58447265625,649974.0,0.12945168274972174
3503.37744140625,3393.19873046875,3314.88818359375,3495.4599609375,2238.944580078125,3509.029052734375,1268.1656494140625,2625.734619140625,655.407470703125,3113.85205078125,666640.0,0.13277095666638128
1913.62841796875,2580.968994140625,1013.3132934570312,1086.041748046875,2565.9873046875,3521.499267578125,3627.236083984375,1342.3907470703125,3430.1103515625,2882.328125,683306.0,0.13609023058304082
3597.959716796875,2766.41845703125,3371.845947265625,1571.4564208984375,1853.2435302734375,3511.291259765625,1889.774658203125,3140.2470703125,3451.80126953125,3448.938720703125,699972.0,0.13940950449970033
3621.449951171875,3538.08154296875,981.4375610351562,1277.110595703125,3901.46826171875,3531.6728515625,2221.777099609375,1055.9559326171875,3476.92529296875,1265.1116943359375,716638.0,0.14272877841635986
3528.13623046875,3418.21923828125,3332.139404296875,3368.81787109375,3545.207763671875,1748.1385498046875,1248.8961181640625,1493.041748046875,2013.4239501953125,3395.5712890625,733304.0,0.1460480523330194
1598.0899658203125,3532.4677734375,3369.28857421875,2210.707275390625,2616.27783203125,3475.813232421875,1906.35595703125,3529.43701171875,1691.7178955078125,1358.841796875,749970.0,0.14936732624967894
2869.024658203125,3725.595703125,3398.817626953125,1001.8156127929688,3701.459716796875,340.35137939453125,1966.3502197265625,3556.294921875,3466.48779296875,1797.430419921875,766636.0,0.15268660016633848
1882.6151123046875,1639.9190673828125,3456.8720703125,2258.91845703125,3522.75244140625,3497.7646484375,3562.42626953125,3524.580810546875,1742.4732666015625,1672.5308837890625,783302.0,0.156005874082998
3648.5146484375,3359.2041015625,3486.583251953125,1566.44775390625,25.560264587402344,3463.684814453125,2597.643310546875,3537.63818359375,3537.739013671875,1699.545654296875,799968.0,0.15932514799965752
2886.412109375,2062.360107421875,3492.09765625,3500.97021484375,3505.0693359375,3488.8095703125,1643.6978759765625,3542.1875,3522.28271484375,2255.5302734375,816634.0,0.16264442191631706
3519.156982421875,3567.399169921875,3414.072265625,1792.5748291015625,1757.484375,1198.547119140625,3583.1875,3528.73828125,3451.00634765625,3476.841552734375,833300.0,0.1659636958329766
3451.055908203125,3583.630615234375,3500.384521484375,1775.0965576171875,3630.67529296875,1647.811767578125,1719.8680419921875,2022.3477783203125,3506.547607421875,1820.650390625,849966.0,0.16928296974963614
3484.576171875,3566.966796875,3438.083984375,1542.2476806640625,3559.68505859375,3636.967041015625,1247.359130859375,3570.175537109375,1912.4385986328125,1646.69970703125,866632.0,0.17260224366629565
3706.80078125,1014.0382690429688,3477.845703125,1891.764404296875,1920.9144287109375,3661.006591796875,1401.40869140625,3537.541748046875,3519.958984375,3416.903564453125,883298.0,0.17592151758295518
3520.140869140625,3502.251220703125,3504.185302734375,1415.0875244140625,2013.1605224609375,3642.0595703125,3766.526611328125,2187.546875,3556.439453125,3407.408935546875,899964.0,0.17924079149961472
3637.17626953125,2497.32275390625,3537.556640625,2610.287109375,2195.650146484375,1607.6806640625,2995.72314453125,2818.914306640625,3539.14501953125,1971.872802734375,916630.0,0.18256006541627426
3646.417724609375,2839.16162109375,1419.760498046875,1780.537841796875,1867.273681640625,3654.616943359375,1433.22705078125,1850.1766357421875,3525.292724609375,3226.672607421875,933296.0,0.1858793393329338
3575.054443359375,3675.052001953125,3534.1845703125,3566.014404296875,3623.4052734375,1548.2659912109375,2608.817626953125,3595.145263671875,2658.207763671875,2048.47509765625,949962.0,0.1891986132495933
2637.9462890625,3624.280029296875,3541.671142578125,1834.58056640625,1636.75244140625,1616.3873291015625,3448.52880859375,3565.0927734375,2485.547607421875,2066.778076171875,966628.0,0.19251788716625284
1300.33349609375,2099.076171875,3573.16015625,2747.686279296875,2556.658935546875,3644.364501953125,2764.638671875,3584.618896484375,1352.7938232421875,2778.90869140625,983294.0,0.19583716108291238
3637.4326171875,2909.469482421875,3564.986083984375,1767.7315673828125,1793.661376953125,3556.960205078125,1302.72216796875,2701.98583984375,3463.783203125,3172.646484375,999960.0,0.19915643499957192
1712.3018798828125,1804.0068359375,3520.95458984375,2838.03662109375,1776.750732421875,1587.7396240234375,2474.254150390625,3590.653076171875,3533.446044921875,1653.538330078125,1016626.0,0.20247570891623146
3604.248046875,1897.485595703125,3561.59521484375,1693.7314453125,2566.156982421875,2405.632568359375,1810.365478515625,3558.751708984375,3213.933349609375,3023.90478515625,1033292.0,0.20579498283289097
3831.232177734375,2167.0234375,3559.908935546875,1243.674560546875,2158.825927734375,1702.0196533203125,2348.262451171875,3570.801025390625,1653.3380126953125,2241.57666015625,1049958.0,0.2091142567495505
3581.439208984375,3703.65771484375,3575.870361328125,3516.966796875,2297.187255859375,819.8370971679688,2257.47998046875,1966.943603515625,1417.2769775390625,3535.99609375,1066624.0,0.21243353066621004
3705.841064453125,3571.530517578125,3611.68310546875,3658.59033203125,1977.630126953125,2361.13818359375,1871.820556640625,1882.1263427734375,2388.48583984375,3561.3017578125,1083290.0,0.21575280458286958
1557.130126953125,3309.439453125,3635.931884765625,3450.818359375,3846.29296875,1396.1846923828125,2261.91845703125,3596.56689453125,2246.9306640625,3630.15283203125,1099956.0,0.21907207849952912
2935.33984375,3201.5673828125,3622.1796875,2625.51318359375,3632.947265625,2312.533203125,2799.72607421875,3583.290283203125,1407.755615234375,2077.892578125,1116622.0,0.22239135241618863
3654.16162109375,3778.765625,3583.4775390625,3516.302490234375,2406.992919921875,3493.686767578125,2012.8990478515625,3613.564697265625,1281.7354736328125,1865.458251953125,1133288.0,0.22571062633284816
1440.5509033203125,1412.521240234375,3629.275146484375,2776.909423828125,2041.530029296875,2271.552978515625,2330.06396484375,3566.75830078125,1542.9302978515625,1797.0264892578125,1149954.0,0.2290299002495077
1812.690673828125,2533.972900390625,3395.427490234375,1297.5887451171875,2194.43408203125,2263.184814453125,1812.268310546875,1677.690185546875,2814.99267578125,2188.239013671875,1166620.0,0.23234917416616724
2375.874755859375,1674.113037109375,1723.264892578125,1761.9688720703125,2204.576904296875,3362.21728515625,1793.7418212890625,3718.146484375,3717.843994140625,3726.10107421875,1183286.0,0.23566844808282678
1818.8287353515625,1669.6202392578125,3639.607666015625,14.069058418273926,3816.399169921875,2917.772705078125,3688.580322265625,2571.283447265625,3566.851806640625,3391.72705078125,1199952.0,0.23898772199948629
2066.64306640625,1473.6395263671875,3594.725341796875,1374.0230712890625,2844.751953125,3598.73486328125,1133.344482421875,3438.8955078125,3540.396240234375,2189.063720703125,1216618.0,0.24230699591614582
2410.1279296875,3780.138671875,3718.24658203125,3421.983642578125,3556.316650390625,2380.09912109375,1519.6292724609375,1323.598876953125,1916.480224609375,3607.853759765625,1233284.0,0.24562626983280536
1777.8603515625,1685.0711669921875,970.0958251953125,3397.67724609375,1989.4361572265625,2037.20458984375,3575.99365234375,3659.11376953125,3549.40625,3550.591796875,1249950.0,0.2489455437494649
2052.8798828125,2246.00537109375,2356.700927734375,2300.61474609375,1680.770263671875,2320.605224609375,3824.991455078125,3755.7900390625,3413.928466796875,2610.9111328125,1266616.0,0.2522648176661244
1974.45361328125,2495.313232421875,3714.69775390625,3035.33642578125,2316.4775390625,1894.2801513671875,1648.611328125,2698.70458984375,1590.16259765625,2032.2999267578125,1283282.0,0.25558409158278395
1506.2628173828125,3187.49169921875,3679.742919921875,3477.793212890625,2197.2421875,1352.2161865234375,1874.1881103515625,1820.9833984375,3513.24267578125,552.2643432617188,1299948.0,0.2589033654994435
1606.0733642578125,2678.096923828125,2234.984130859375,3480.325439453125,3528.840087890625,3719.046875,3856.22216796875,3563.10107421875,3556.034912109375,3571.762451171875,1316614.0,0.262222639416103
2914.69189453125,3584.630859375,3248.546875,3580.570556640625,2076.490234375,3065.563720703125,1573.489501953125,3706.379150390625,2873.837158203125,3540.582763671875,1333280.0,0.26554191333276256
2617.886474609375,3262.657958984375,3577.48095703125,3169.4541015625,159.7745819091797,3457.555419921875,2027.4432373046875,1762.3387451171875,3433.515625,2275.542724609375,1349946.0,0.2688611872494221
1602.354736328125,3753.42919921875,3765.5322265625,1611.9339599609375,291.7868957519531,3741.047119140625,2646.822509765625,3806.6201171875,116.10903930664062,2626.0556640625,1366612.0,0.27218046116608163
1742.837646484375,3191.37939453125,3723.21826171875,3502.6591796875,1408.804931640625,2637.6767578125,1491.156982421875,1607.2977294921875,1660.6510009765625,1969.6239013671875,1383278.0,0.27549973508274117
2989.63037109375,2059.682373046875,3474.123779296875,2553.681884765625,1680.72216796875,3004.748046875,3619.462646484375,3296.6787109375,3246.203857421875,3547.76708984375,1399944.0,0.27881900899940065
3736.087890625,1741.6671142578125,8.260127067565918,1679.087646484375,1571.6883544921875,3093.5546875,3689.851318359375,1886.9998779296875,2901.1171875,2220.331298828125,1416610.0,0.2821382829160602
1856.575927734375,2015.6585693359375,1723.5418701171875,1941.3345947265625,1314.44140625,3586.5625,3575.8173828125,2505.742431640625,777.91259765625,3552.083740234375,1433276.0,0.2854575568327197
3096.666748046875,1408.5311279296875,2229.265380859375,2485.90283203125,3106.053955078125,3467.499755859375,1676.9093017578125,3577.427734375,3551.5009765625,3554.552978515625,1449942.0,0.28877683074937927
3799.617431640625,1976.601806640625,3619.418701171875,3680.141845703125,1551.1905517578125,3776.7138671875,2320.843994140625,2593.225830078125,3569.029541015625,3752.992431640625,1466608.0,0.2920961046660388
3531.00537109375,2034.8880615234375,3092.42724609375,1909.86083984375,2339.300048828125,3728.44677734375,2364.43896484375,3747.2607421875,1546.335693359375,2666.201171875,1483274.0,0.29541537858269834
3556.91015625,2031.5439453125,3898.257568359375,2975.1025390625,2299.6572265625,3663.048095703125,1579.567626953125,2657.385498046875,3690.51904296875,3290.081298828125,1499940.0,0.2987346524993579
2239.4267578125,1400.822021484375,3478.8828125,1715.4005126953125,1641.26123046875,3734.724609375,3309.679931640625,3380.364501953125,3901.126220703125,3575.11669921875,1516606.0,0.3020539264160174
3939.44287109375,1345.61181640625,1611.87109375,2540.98681640625,3744.30517578125,3631.4287109375,1601.6766357421875,3585.7451171875,3822.7744140625,3682.73046875,1533272.0,0.30537320033267695
2976.287841796875,1645.9808349609375,3570.530029296875,1358.191650390625,3506.710205078125,2140.947509765625,2233.75146484375,3602.2021484375,2922.07666015625,1595.18896484375,1549938.0,0.3086924742493365
3903.895263671875,2818.512939453125,3773.4267578125,3321.606201171875,3804.21240234375,3810.96142578125,3072.51171875,3565.825927734375,3174.90869140625,3529.2548828125,1566604.0,0.312011748165996
3709.345458984375,3706.427001953125,3272.986083984375,2034.204833984375,3612.17236328125,3755.644287109375,3807.44775390625,3570.340087890625,2080.140869140625,2622.410888671875,1583270.0,0.3153310220826555
3544.776611328125,3790.356201171875,3626.952392578125,1785.3121337890625,1985.7083740234375,3729.128173828125,3829.298583984375,3664.496337890625,3639.41259765625,3652.11083984375,1599936.0,0.31865029599931505
3814.939453125,1722.2403564453125,2062.98388671875,1624.3104248046875,3552.991943359375,3545.76513671875,1664.5367431640625,2253.01513671875,3642.214599609375,2993.21484375,1616602.0,0.3219695699159746
3849.698974609375,3629.805908203125,254.9052734375,1889.0426025390625,3543.81494140625,3563.8017578125,2198.510986328125,2713.26318359375,3763.533935546875,3109.821044921875,1633268.0,0.3252888438326341
2699.711181640625,1045.7041015625,3774.5810546875,1613.6109619140625,3820.4033203125,3632.294677734375,3125.87451171875,3732.155029296875,3585.99462890625,3636.416748046875,1649934.0,0.32860811774929366
3213.58740234375,2261.816162109375,3623.28857421875,1458.3507080078125,1958.118408203125,1723.3800048828125,3710.276123046875,2272.573974609375,2341.604736328125,3762.044189453125,1666600.0,0.3319273916659532
3906.777587890625,2218.442138671875,3590.364013671875,1912.722412109375,1817.9503173828125,3753.1806640625,1147.9017333984375,3471.307373046875,3787.9775390625,1936.3697509765625,1683266.0,0.33524666558261274
1923.435302734375,3768.371826171875,3669.462158203125,1976.9107666015625,3601.684814453125,3792.47265625,3795.009033203125,2220.709228515625,3878.915283203125,3442.951904296875,1699932.0,0.3385659394992723
3794.247802734375,2317.8955078125,3830.029052734375,1957.7052001953125,3676.00927734375,1134.0184326171875,1674.4556884765625,2657.019287109375,3721.718017578125,2002.9163818359375,1716598.0,0.3418852134159318
3895.99462890625,1689.1234130859375,1981.34814453125,3607.109375,2144.495361328125,1269.383056640625,4093.790771484375,3175.063720703125,3628.4462890625,3770.23486328125,1733264.0,0.3452044873325913
230.24014282226562,2652.91796875,1364.060302734375,1810.643310546875,2536.299560546875,3913.30712890625,2453.46044921875,2828.67626953125,3748.934326171875,2153.584228515625,1749930.0,0.34852376124925083
3674.658203125,3689.81884765625,2753.22412109375,1484.6708984375,3656.099853515625,1964.7322998046875,1507.0787353515625,3726.588134765625,3650.204833984375,2685.2265625,1766596.0,0.35184303516591037
3665.415771484375,2980.254150390625,3581.651611328125,3801.4130859375,1502.8135986328125,1536.771240234375,4120.15576171875,2085.56640625,3750.75830078125,2038.232666015625,1783262.0,0.3551623090825699
3832.13037109375,1512.08544921875,1716.0250244140625,2490.07080078125,2306.29345703125,3416.3583984375,2377.632568359375,2034.9150390625,1954.6795654296875,1905.1793212890625,1799928.0,0.35848158299922944
3719.063232421875,2958.218017578125,3561.724365234375,962.1635131835938,2346.083251953125,2091.365478515625,3937.982666015625,2638.976806640625,3770.208251953125,1310.3089599609375,1816594.0,0.361800856915889
1623.98486328125,1992.898681640625,3998.860107421875,3821.19677734375,3462.1123046875,3003.174560546875,2739.811767578125,2470.470947265625,2974.5888671875,3051.059326171875,1833260.0,0.3651201308325485
3551.77783203125,1607.3046875,3650.36474609375,1587.37255859375,3690.557861328125,2542.740478515625,3703.35205078125,3561.782958984375,3042.766357421875,2386.52587890625,1849926.0,0.36843940474920805
3719.4267578125,1844.321044921875,1141.1458740234375,3871.26806640625,2254.4921875,2340.793212890625,2540.360595703125,195.8857421875,3656.872802734375,3502.185791015625,1866592.0,0.3717586786658676
3788.507080078125,3765.001708984375,3722.83349609375,3818.037841796875,2390.142822265625,3885.03564453125,1212.634765625,1692.2178955078125,2050.772216796875,3755.781005859375,1883258.0,0.37507795258252713
2577.264892578125,3845.93310546875,3074.198486328125,3597.408203125,3705.296142578125,2922.803466796875,1722.161376953125,1785.7625732421875,3170.899169921875,3848.40576171875,1899924.0,0.3783972264991866
3772.5439453125,2808.77978515625,3718.78125,2006.802978515625,3704.270263671875,2254.89501953125,4099.5703125,1703.1517333984375,2912.796142578125,3893.98291015625,1916590.0,0.38171650041584615
3504.126220703125,3431.171875,3759.263671875,1685.69384765625,2540.875732421875,3777.9775390625,2921.30908203125,2286.03271484375,3762.99365234375,3801.24609375,1933256.0,0.3850357743325057
3869.869873046875,3229.889404296875,1724.12255859375,1449.912841796875,862.8486938476562,3891.613037109375,1349.4952392578125,2023.542236328125,2519.200439453125,2327.135986328125,1949922.0,0.3883550482491652
3729.39453125,2516.822509765625,3765.25439453125,2235.12548828125,2001.3692626953125,3226.626220703125,4045.057861328125,21.330095291137695,3734.6982421875,2933.259521484375,1966588.0,0.39167432216582476
2695.165283203125,2986.712646484375,3681.888916015625,1493.873046875,4009.857177734375,3933.49267578125,1853.8785400390625,3562.569091796875,3704.86474609375,3875.311279296875,1983254.0,0.3949935960824843
2981.904052734375,2463.98876953125,2997.3623046875,2095.6318359375,1970.778564453125,3825.259765625,3898.35986328125,1895.900146484375,2280.265869140625,1987.507080078125,1999920.0,0.39831286999914384
1723.2498779296875,2474.038818359375,2858.93115234375,1154.3546142578125,1760.8714599609375,3256.43505859375,3481.093994140625,3616.208740234375,3757.30078125,1966.067626953125,2016586.0,0.4016321439158034
3766.438720703125,3591.550048828125,2900.5048828125,2005.891845703125,3792.146484375,3762.58642578125,2651.238525390625,2343.793212890625,1658.148681640625,1965.1326904296875,2033252.0,0.4049514178324629
3709.029052734375,3943.191162109375,3563.318603515625,3805.801025390625,2764.8955078125,3828.834716796875,3797.32080078125,3762.673095703125,1791.077392578125,3844.0771484375,2049918.0,0.40827069174912245
2999.30322265625,1626.0625,1718.153564453125,3034.624755859375,3998.932373046875,1633.2528076171875,3389.970458984375,2297.678955078125,1225.5809326171875,1576.4215087890625,2066584.0,0.41158996566578193
3697.5224609375,2690.898681640625,2611.182373046875,3222.1494140625,1771.9495849609375,3846.495361328125,1843.4847412109375,2048.512939453125,3973.753173828125,1953.8829345703125,2083250.0,0.41490923958244147
3697.5625,2497.024169921875,3607.103271484375,1688.880615234375,2062.026123046875,2575.344482421875,1172.9005126953125,2497.868408203125,2683.243896484375,2276.886962890625,2099916.0,0.418228513499101
3819.40283203125,2394.9775390625,3727.718994140625,3366.2333984375,2014.947998046875,3359.25927734375,2231.885009765625,2371.063232421875,2510.11767578125,1998.312255859375,2116582.0,0.42154778741576054
2464.388916015625,147.84849548339844,1721.1666259765625,3979.6826171875,3615.725830078125,1492.395751953125,3648.621337890625,3763.423095703125,1464.8292236328125,2148.9765625,2133248.0,0.4248670613324201
1833.7718505859375,372.6044616699219,1472.779052734375,1209.4710693359375,4047.035888671875,3281.566650390625,4020.256103515625,3631.55126953125,3855.842529296875,2285.062255859375,2149914.0,0.4281863352490796
3772.44921875,3508.3603515625,1736.3902587890625,3740.736572265625,1982.521240234375,1374.7310791015625,1668.1669921875,2054.959228515625,3724.819091796875,2494.5439453125,2166580.0,0.43150560916573916
3682.427978515625,3617.17919921875,3052.732421875,3794.0166015625,3776.959228515625,2529.208984375,2122.857421875,3705.091796875,1292.9268798828125,1861.040283203125,2183246.0,0.4348248830823987
3061.629150390625,2890.725830078125,3717.2470703125,1383.6700439453125,2988.33544921875,2754.605224609375,4046.0107421875,3505.5537109375,3775.375244140625,1649.4583740234375,2199912.0,0.43814415699905823
3796.718994140625,3601.075439453125,3929.255615234375,2137.04345703125,2871.427490234375,3851.950927734375,4063.077880859375,3683.48974609375,3694.24169921875,3268.780517578125,2216578.0,0.4414634309157177
2225.1474609375,3593.5166015625,3726.595947265625,1158.28564453125,2962.275146484375,3829.813232421875,1564.8115234375,620.5614624023438,3590.268798828125,2960.19775390625,2233244.0,0.44478270483237725
2693.64794921875,2257.255859375,3622.346923828125,2415.320068359375,2060.03515625,3879.537109375,4131.04638671875,1347.1431884765625,3227.30078125,2331.4609375,2249910.0,0.4481019787490368
2166.099609375,3693.923583984375,3616.419921875,3152.66552734375,3850.6875,3731.8154296875,4055.64501953125,3725.006591796875,3710.94384765625,1960.42724609375,2266576.0,0.4514212526656963
3789.75,3779.3837890625,3634.924072265625,1355.7354736328125,2298.747802734375,2212.509033203125,1949.9605712890625,3764.71142578125,2536.865966796875,2139.617431640625,2283242.0,0.45474052658235586
3725.713134765625,3695.923095703125,3909.88525390625,3186.62060546875,3974.9404296875,2169.080810546875,1570.058349609375,2808.148193359375,2793.7509765625,3904.30859375,2299908.0,0.4580598004990154
3760.70068359375,3647.965087890625,2615.31005859375,2431.9716796875,2585.64013671875,2141.741455078125,1333.331787109375,3697.33984375,1596.6314697265625,1846.494140625,2316574.0,0.46137907441567494
3736.21435546875,3589.231689453125,3737.205078125,3784.810546875,1590.321044921875,3663.54296875,4046.30908203125,3765.53076171875,3826.13330078125,2260.57568359375,2333240.0,0.4646983483323345
3628.185546875,3929.9208984375,3738.882568359375,1384.21337890625,2487.499267578125,3532.574951171875,4018.3427734375,3810.533935546875,3594.64599609375,2947.639404296875,2349906.0,0.468017622248994
2770.52392578125,2540.821533203125,1574.6920166015625,3702.0537109375,3793.76220703125,3727.201171875,1879.6136474609375,3792.260986328125,3907.593994140625,2596.5791015625,2366572.0,0.47133689616565355
3835.025390625,3572.73583984375,1638.060546875,2033.0828857421875,1810.432373046875,2031.0267333984375,4018.040771484375,3774.137939453125,3570.271484375,2388.408935546875,2383238.0,0.47465617008231303
2901.907470703125,2534.873779296875,1485.2867431640625,3040.649169921875,3135.12841796875,3485.7314453125,3859.780029296875,2256.132568359375,3828.388427734375,3625.517822265625,2399904.0,0.47797544399897257
3833.268310546875,3955.542236328125,3842.904541015625,2505.771728515625,2950.489501953125,2777.784423828125,3973.946044921875,3663.604736328125,3819.365234375,2942.52490234375,2416570.0,0.4812947179156321
2877.04638671875,3021.307373046875,1025.3974609375,1618.755126953125,2635.050537109375,3904.172607421875,3048.85791015625,3762.296630859375,3741.87451171875,3510.061767578125,2433236.0,0.48461399183229165
3850.673828125,2356.85302734375,1944.560302734375,2186.30078125,1544.2562255859375,2382.4169921875,4112.53515625,3168.589111328125,2051.145263671875,2177.184814453125,2449902.0,0.4879332657489512
2594.271484375,2413.484130859375,1500.86767578125,1691.021728515625,3891.413818359375,3767.833984375,1423.5308837890625,3775.642822265625,908.1095581054688,-0.941431999206543,2466568.0,0.4912525396656107
3763.10693359375,3668.95751953125,3884.724853515625,753.7454833984375,4116.19970703125,4032.948486328125,618.1767578125,2373.8359375,3854.703125,2213.828369140625,2483234.0,0.49457181358227026
2818.831787109375,3566.713623046875,3956.732421875,2583.216796875,742.7071533203125,3899.68994140625,1109.1722412109375,3933.41015625,3784.17333984375,2213.40771484375,2499900.0,0.4978910874989298
1711.3013916015625,2354.303955078125,1972.9443359375,1607.3369140625,2903.440185546875,3934.068115234375,699.1814575195312,2287.168212890625,3102.514404296875,2118.041259765625,2516566.0,0.5012103614155893
3801.27783203125,1659.1510009765625,2238.85302734375,1097.716552734375,3596.325439453125,2178.861083984375,1722.6258544921875,3763.734375,3234.44482421875,1869.94091796875,2533232.0,0.5045296353322488
2079.76025390625,2599.10498046875,35.11844253540039,3864.921875,2141.923583984375,4009.600830078125,3587.754150390625,3773.485107421875,3182.48486328125,3274.97998046875,2549898.0,0.5078489092489084
3903.87890625,3028.3955078125,2611.22705078125,2306.076171875,4037.781494140625,3395.84375,2939.594482421875,3855.14794921875,2959.9052734375,2308.3330078125,2566564.0,0.5111681831655679
3187.82275390625,3753.375,3982.0224609375,3804.402587890625,2892.59814453125,3867.0751953125,1868.5242919921875,3210.441162109375,3733.719970703125,1798.8565673828125,2583230.0,0.5144874570822274
2638.07763671875,2334.01904296875,2252.35498046875,3870.861083984375,3933.23779296875,3755.988037109375,1232.941650390625,3765.296142578125,3771.433837890625,3647.134765625,2599896.0,0.517806730998887
2268.153564453125,1498.8734130859375,2787.22998046875,3876.837646484375,3832.92626953125,1420.72900390625,1268.2489013671875,3818.339111328125,3828.9755859375,2923.02294921875,2616562.0,0.5211260049155465
2613.4853515625,3561.17529296875,2842.374267578125,3439.876953125,2039.33642578125,1780.5982666015625,1158.023193359375,3759.633056640625,1803.4141845703125,2652.558837890625,2633228.0,0.524445278832206
3216.095947265625,3839.90185546875,3745.3115234375,3323.771484375,2257.921875,3826.0048828125,3266.95947265625,2561.235595703125,3418.87548828125,3709.34130859375,2649894.0,0.5277645527488656
2473.826416015625,2196.984130859375,3026.177734375,2775.97216796875,2298.616455078125,2041.9041748046875,1079.37548828125,2713.985107421875,3414.566162109375,3279.225830078125,2666560.0,0.5310838266655251
2678.716552734375,1887.3729248046875,1641.2327880859375,3930.0322265625,1817.1427001953125,2577.578857421875,3603.111572265625,3834.768310546875,2561.3466796875,3904.32958984375,2683226.0,0.5344031005821847
1829.9410400390625,2313.03125,2867.901123046875,2951.972900390625,1989.04296875,1306.0650634765625,1012.278564453125,3603.9755859375,1989.954345703125,2999.822998046875,2699892.0,0.5377223744988442
3302.02197265625,3874.418701171875,2824.49267578125,3201.4169921875,2062.690673828125,2285.154296875,1655.90966796875,3781.997314453125,1268.569580078125,1522.193603515625,2716558.0,0.5410416484155037
3871.85009765625,1366.453125,3575.07861328125,1546.9530029296875,1712.10205078125,3524.3916015625,2492.160888671875,3912.582763671875,3936.8232421875,1651.7489013671875,2733224.0,0.5443609223321633
2929.56396484375,3952.277099609375,276.9540710449219,2121.58349609375,2401.0576171875,2209.381103515625,2984.385498046875,3721.2109375,3700.092041015625,3644.577392578125,2749890.0,0.5476801962488228
2826.058349609375,2656.26123046875,2046.7257080078125,2907.18505859375,3573.53271484375,3979.36669921875,1209.765625,2936.88818359375,1860.997314453125,2034.167724609375,2766556.0,0.5509994701654823
1589.457763671875,3554.76513671875,1582.946044921875,2341.510498046875,1917.393798828125,3925.12353515625,1823.0565185546875,3045.794189453125,3863.88818359375,3282.87646484375,2783222.0,0.5543187440821419
3985.1357421875,2211.333984375,2236.300537109375,2147.26953125,2316.5791015625,1758.786865234375,2466.111572265625,3107.600830078125,1898.761474609375,3806.134765625,2799888.0,0.5576380179988013
2592.81640625,3753.608642578125,3223.65576171875,1372.4324951171875,2245.798828125,4200.15478515625,3842.075439453125,3754.02978515625,1308.3309326171875,3856.599365234375,2816554.0,0.5609572919154608
4026.38525390625,2274.833251953125,2270.43408203125,1412.9205322265625,2545.135498046875,1030.647216796875,937.6928100585938,1961.07763671875,3641.43310546875,1844.130126953125,2833220.0,0.5642765658321204
3881.420654296875,3721.71630859375,2142.783935546875,1918.774169921875,3935.46875,3653.265869140625,1243.4193115234375,3708.36181640625,3476.81396484375,2140.008056640625,2849886.0,0.5675958397487799
1799.2528076171875,2962.858642578125,3799.53857421875,3891.5517578125,3216.681640625,2880.566162109375,1485.5791015625,3969.18310546875,3362.912109375,2862.0517578125,2866552.0,0.5709151136654395
3341.227294921875,3785.238525390625,2786.443359375,3897.81884765625,3849.94970703125,4074.87744140625,3969.732177734375,3882.647216796875,3855.134033203125,2663.9443359375,2883218.0,0.574234387582099
4235.50732421875,2376.1826171875,2880.979248046875,2152.3330078125,2159.558349609375,2902.062744140625,4076.751220703125,717.6889038085938,1966.189453125,1897.9927978515625,2899884.0,0.5775536614987585
3059.234130859375,3749.023681640625,2639.307861328125,2475.678955078125,1315.3013916015625,3833.11474609375,2191.063232421875,1981.3702392578125,3759.375,3805.623291015625,2916550.0,0.5808729354154181
3868.082275390625,2154.296875,1395.184326171875,2761.19775390625,2649.14501953125,2444.917236328125,1230.1842041015625,2428.97607421875,1510.9752197265625,1540.4444580078125,2933216.0,0.5841922093320776
3982.5771484375,2334.361328125,2304.448974609375,3786.716796875,1972.9383544921875,4017.592041015625,3154.61279296875,3775.142822265625,1103.4066162109375,2385.398681640625,2949882.0,0.5875114832487371
3869.45751953125,4018.193115234375,1969.8846435546875,1936.017578125,3384.88134765625,1279.6112060546875,2388.3662109375,2384.131591796875,2612.822265625,3907.036865234375,2966548.0,0.5908307571653967
2046.8001708984375,3714.86865234375,1400.2469482421875,4036.250732421875,4004.17431640625,1752.7626953125,4130.09228515625,3724.982666015625,3712.70166015625,1602.1689453125,2983214.0,0.5941500310820562
3973.18701171875,1645.785400390625,1714.747314453125,2462.8798828125,2505.352783203125,1329.2147216796875,1486.5736083984375,3751.2626953125,3645.30615234375,2090.784912109375,2999880.0,0.5974693049987158
3752.321533203125,2586.300537109375,1864.715087890625,2172.1552734375,3124.26611328125,3705.78564453125,4085.720703125,3694.355224609375,2473.166015625,3700.832763671875,3016546.0,0.6007885789153753
3914.99853515625,1943.6597900390625,3392.81201171875,3506.035400390625,1616.10498046875,1422.794921875,4173.7353515625,2528.829833984375,1089.9859619140625,3443.29345703125,3033212.0,0.6041078528320348
3897.8505859375,3807.053466796875,1588.3165283203125,1505.7459716796875,3009.646728515625,3165.047607421875,2838.166015625,3058.040283203125,3938.011962890625,2169.015380859375,3049878.0,0.6074271267486944
3904.70166015625,1708.524169921875,3798.509521484375,1316.5616455078125,3561.399658203125,4021.122802734375,4048.967529296875,1960.533935546875,3916.684326171875,2887.768310546875,3066544.0,0.6107464006653539
2790.4375,3977.560791015625,3377.16015625,1603.3802490234375,2144.051513671875,4033.955078125,2264.507080078125,3732.6943359375,2105.314697265625,1876.79443359375,3083210.0,0.6140656745820134
2614.075439453125,2510.739990234375,2943.542236328125,1982.7071533203125,1538.728759765625,3955.844970703125,2675.7333984375,3685.776123046875,3808.457275390625,3821.392578125,3099876.0,0.617384948498673
4172.23095703125,1826.3402099609375,4056.32470703125,2777.785888671875,3804.464111328125,3844.871337890625,1683.4705810546875,2436.1572265625,2352.16455078125,2227.375732421875,3116542.0,0.6207042224153325
2508.301025390625,2984.74267578125,1207.0545654296875,2165.012939453125,4098.115234375,4019.457275390625,4165.22119140625,2353.939697265625,3758.2626953125,2635.927734375,3133208.0,0.624023496331992
3884.201416015625,3842.749267578125,3819.31591796875,3970.859130859375,2111.936279296875,2013.587158203125,1194.683349609375,1720.3018798828125,1782.001708984375,2735.440673828125,3149874.0,0.6273427702486515
3922.59228515625,2296.298583984375,3738.542724609375,2204.2236328125,4072.817626953125,2871.365234375,4165.8115234375,3194.518310546875,1386.7403564453125,2646.375732421875,3166540.0,0.630662044165311
3852.474365234375,1996.226806640625,3970.816650390625,1571.9766845703125,3449.22314453125,4262.5517578125,1846.9525146484375,3826.58349609375,3977.209716796875,1750.269775390625,3183206.0,0.6339813180819706
2563.05078125,3797.25732421875,1556.202392578125,2245.224609375,2315.038330078125,4096.51806640625,1482.55517578125,3955.38037109375,3940.1171875,963.5805053710938,3199872.0,0.6373005919986301
2480.849853515625,3919.09521484375,2219.58642578125,1308.0433349609375,2506.719482421875,3970.65185546875,1497.83642578125,1485.3895263671875,3904.719482421875,2331.18603515625,3216538.0,0.6406198659152896
3558.802734375,3608.564697265625,1609.235107421875,2333.085693359375,2532.327392578125,904.9861450195312,4249.9130859375,1214.4520263671875,1550.7515869140625,3975.7197265625,3233204.0,0.6439391398319492
1844.992431640625,2439.090576171875,1591.98681640625,1509.0137939453125,2095.283203125,1354.9775390625,4203.4130859375,1855.17529296875,1458.841064453125,3872.618896484375,3249870.0,0.6472584137486087
1911.8624267578125,2223.904541015625,3820.192626953125,2345.684814453125,2621.77880859375,3216.841552734375,4200.65283203125,3393.305419921875,3943.293212890625,1806.159912109375,3266536.0,0.6505776876652682
3834.453857421875,2279.755615234375,1515.7474365234375,1798.882080078125,3083.742431640625,1519.354248046875,4137.443359375,3055.966552734375,1948.423095703125,3915.492431640625,3283202.0,0.6538969615819278
3953.070556640625,3281.80810546875,1899.03125,3316.78955078125,2449.372314453125,2947.745361328125,1552.9034423828125,3892.758544921875,1541.6478271484375,3750.19091796875,3299868.0,0.6572162354985873
3870.691162109375,2900.688720703125,1613.0067138671875,1968.457275390625,2626.55517578125,167.1811981201172,4110.16796875,3606.928955078125,3917.285400390625,2857.393798828125,3316534.0,0.6605355094152469
3920.083740234375,3141.952880859375,2946.07373046875,1803.0623779296875,3317.350341796875,1514.6846923828125,4248.26708984375,1676.1046142578125,1507.66748046875,3242.6904296875,3333200.0,0.6638547833319064
3093.619140625,3295.0693359375,3761.899169921875,1981.76123046875,3388.376953125,3863.401611328125,2682.29541015625,2192.357421875,1854.9892578125,2500.265869140625,3349866.0,0.6671740572485659
3441.18896484375,1819.4927978515625,3718.82861328125,2844.588623046875,3232.061767578125,2005.2904052734375,2856.9228515625,1409.6072998046875,3913.31591796875,2934.9716796875,3366532.0,0.6704933311652255
3898.27001953125,2953.3837890625,3603.488525390625,2463.118408203125,334.3031005859375,2892.17626953125,4341.08984375,2645.812744140625,3949.89892578125,2718.277099609375,3383198.0,0.673812605081885
2488.84375,2781.677734375,4074.3681640625,1491.6029052734375,2416.5703125,978.1378784179688,1845.9371337890625,3828.282470703125,2520.02099609375,3250.68603515625,3399864.0,0.6771318789985445
2214.697998046875,3483.0390625,3765.64697265625,1866.19384765625,1215.8072509765625,1514.380126953125,2718.29345703125,3026.430908203125,4095.890869140625,1960.664794921875,3416530.0,0.6804511529152041
3978.510009765625,3257.04052734375,3989.195556640625,3864.649658203125,3418.434814453125,1816.798828125,4192.1015625,1920.574951171875,1797.1695556640625,2173.640380859375,3433196.0,0.6837704268318636
2655.6162109375,3839.52734375,3751.606201171875,2160.510009765625,2337.764892578125,3494.220703125,4229.279296875,3337.213623046875,4103.185546875,3860.845703125,3449862.0,0.687089700748523
1868.9129638671875,3946.368896484375,3865.6376953125,1789.0841064453125,2221.6064453125,2612.946044921875,1650.27587890625,3966.409912109375,3645.4609375,3477.641357421875,3466528.0,0.6904089746651826
3817.289306640625,2670.720458984375,1944.9798583984375,2740.25048828125,1994.5146484375,2564.947998046875,1883.67626953125,3748.779052734375,1871.1729736328125,3444.756591796875,3483194.0,0.6937282485818421
2476.328125,3604.656494140625,3812.640869140625,3864.202880859375,3609.360107421875,1869.2266845703125,1734.48193359375,2659.25537109375,1192.9879150390625,3161.22900390625,3499860.0,0.6970475224985017
3469.712158203125,2187.639892578125,1973.176025390625,1840.2039794921875,4081.93115234375,2424.440673828125,4206.203125,2375.841552734375,1614.174560546875,1041.4014892578125,3516526.0,0.7003667964151612
1862.767333984375,1347.292236328125,2965.879150390625,2027.760009765625,3844.90966796875,2514.169677734375,267.44866943359375,1792.4921875,3924.0478515625,2264.888916015625,3533192.0,0.7036860703318207
1892.9107666015625,3512.896240234375,2441.12451171875,4014.474853515625,3982.603271484375,3041.006591796875,2514.313720703125,3124.22216796875,1939.9564208984375,1981.3111572265625,3549858.0,0.7070053442484803
4033.129638671875,3898.356201171875,2211.60302734375,1286.1785888671875,2624.633056640625,3167.67724609375,2364.603271484375,3056.682861328125,1877.241455078125,1826.4576416015625,3566524.0,0.7103246181651398
3250.784423828125,2052.385009765625,3893.449462890625,2469.251220703125,3725.43310546875,4103.94384765625,1582.01220703125,3769.59130859375,1288.2557373046875,3686.554443359375,3583190.0,0.7136438920817993
4152.7919921875,1869.0736083984375,2965.4716796875,2921.3447265625,2498.64013671875,1890.3349609375,2184.655517578125,3843.832763671875,4101.49755859375,3587.704833984375,3599856.0,0.7169631659984589
1470.3648681640625,2819.902099609375,3889.06982421875,2938.248291015625,3395.17236328125,2381.0625,1195.9307861328125,3830.864013671875,1747.192138671875,1261.8712158203125,3616522.0,0.7202824399151184
3953.637451171875,2387.01025390625,2204.60791015625,1827.9510498046875,2939.096435546875,2867.1171875,2457.0556640625,1747.8553466796875,3972.1328125,1912.2703857421875,3633188.0,0.723601713831778
3958.596435546875,1748.8046875,287.5367736816406,1919.24267578125,2873.019287109375,3859.482177734375,4216.36865234375,1970.761962890625,2841.55712890625,2287.88818359375,3649854.0,0.7269209877484375
1758.2528076171875,2237.9091796875,2020.5137939453125,2560.851806640625,4036.20166015625,4176.38037109375,4296.677734375,3768.610107421875,1274.9632568359375,3460.1884765625,3666520.0,0.730240261665097
3279.76123046875,2010.2691650390625,3982.011474609375,2537.229248046875,2978.36669921875,3515.78857421875,4175.11181640625,3901.471435546875,4049.22412109375,2785.525146484375,3683186.0,0.7335595355817566
1595.26806640625,2667.190673828125,3888.421875,2395.01904296875,1658.8035888671875,2873.841552734375,2404.7861328125,1998.6796875,3930.06591796875,3720.2548828125,3699852.0,0.7368788094984161
3947.479736328125,2192.57958984375,3089.86328125,1957.9927978515625,3920.01220703125,1740.8812255859375,2678.899169921875,3792.73828125,3017.0,3255.143798828125,3716518.0,0.7401980834150756
2634.939208984375,2647.965087890625,1960.327392578125,1831.0791015625,3508.191162109375,3731.1806640625,4193.80859375,2098.045166015625,1655.623779296875,3902.84130859375,3733184.0,0.7435173573317352
4004.341796875,3516.67822265625,1849.2237548828125,3843.963623046875,2660.49951171875,4115.82177734375,1222.559326171875,993.007080078125,1250.583740234375,3955.653076171875,3749850.0,0.7468366312483947
2846.637939453125,2596.932861328125,1583.146484375,2440.6728515625,2818.05908203125,2131.448486328125,4237.7919921875,3989.2900390625,3939.59716796875,3918.41650390625,3766516.0,0.7501559051650543
3965.737548828125,2436.29443359375,2513.73779296875,1795.7386474609375,2850.524658203125,2132.128173828125,4267.58349609375,3491.14208984375,3873.4423828125,2573.354736328125,3783182.0,0.7534751790817137
3608.703125,2052.431640625,2250.84619140625,2257.338134765625,1951.4976806640625,3244.319580078125,3668.433349609375,3905.091796875,3592.840576171875,2874.58544921875,3799848.0,0.7567944529983732
2068.0888671875,2930.430908203125,1649.2735595703125,1689.695556640625,3655.02099609375,2616.62841796875,4168.53076171875,3870.785400390625,2473.51220703125,3718.649169921875,3816514.0,0.7601137269150328
3932.510498046875,271.58251953125,1682.841796875,1596.6981201171875,3516.692138671875,2237.43408203125,4191.291015625,3432.79931640625,3581.3603515625,3862.827392578125,3833180.0,0.7634330008316923
1486.0433349609375,744.0919189453125,2164.222412109375,1584.5155029296875,3885.803955078125,4185.392578125,2526.191162109375,2558.862548828125,1571.9400634765625,3846.23046875,3849846.0,0.7667522747483518
3994.9453125,2007.99560546875,326.417236328125,1687.9610595703125,4048.36279296875,4110.22119140625,986.381103515625,2086.057861328125,2853.678955078125,3706.40673828125,3866512.0,0.7700715486650114
3848.168212890625,1634.4259033203125,2238.586669921875,4148.1318359375,2441.353515625,2212.9619140625,4212.18017578125,3769.936767578125,4064.78564453125,3866.30517578125,3883178.0,0.7733908225816709
2789.1064453125,2233.882568359375,2528.425537109375,1804.047119140625,2228.272216796875,1676.5875244140625,4369.3818359375,2654.868896484375,1309.107177734375,3422.985595703125,3899844.0,0.7767100964983304
3176.930419921875,3818.031982421875,1843.6070556640625,1855.2249755859375,2853.5654296875,1031.7838134765625,689.6317138671875,3927.26025390625,1865.8499755859375,2336.892578125,3916510.0,0.78002937041499
2678.57421875,2270.70458984375,2594.818115234375,1746.6829833984375,3693.677001953125,4182.2998046875,2285.14501953125,2356.330810546875,1230.608642578125,4044.65625,3933176.0,0.7833486443316495
4002.97119140625,2661.016357421875,1624.0831298828125,3752.219970703125,128.04469299316406,2460.541259765625,2091.67529296875,2494.83349609375,4120.45947265625,3791.4375,3949842.0,0.7866679182483091
4025.09423828125,2104.32080078125,2429.31494140625,1696.5689697265625,3930.349609375,1824.353271484375,4340.35986328125,1533.85888671875,2574.672119140625,3744.80126953125,3966508.0,0.7899871921649686
4172.607421875,1934.7962646484375,3855.44189453125,1334.867431640625,24.918832778930664,4164.3955078125,3030.122802734375,2011.94775390625,2270.367919921875,120.89608001708984,3983174.0,0.7933064660816281
4207.88037109375,3796.743408203125,4014.740966796875,1686.094482421875,4167.67822265625,3743.623779296875,1615.3858642578125,3862.71435546875,1586.5006103515625,2295.9248046875,3999840.0,0.7966257399982877
3938.037109375,1353.157470703125,2812.33203125,1991.22119140625,4088.7626953125,4001.9130859375,2647.762939453125,3978.168212890625,2187.671875,3806.91943359375,4016506.0,0.7999450139149472
2311.34521484375,3917.169677734375,2277.85986328125,1473.9437255859375,4112.95703125,3655.568603515625,2530.420166015625,1589.350830078125,1293.8978271484375,2138.623779296875,4033172.0,0.8032642878316067
3975.338623046875,1355.9510498046875,1938.9864501953125,1559.8114013671875,4058.244384765625,1654.2933349609375,2117.14208984375,2913.400634765625,1226.166748046875,3837.16162109375,4049838.0,0.8065835617482663
1988.531005859375,1437.2493896484375,1965.46875,2146.511474609375,4216.80615234375,4121.38232421875,1522.3843994140625,1877.05712890625,4115.80712890625,3989.491455078125,4066504.0,0.8099028356649258
3814.1513671875,3941.022216796875,2826.153076171875,1349.5953369140625,2119.004150390625,3750.83740234375,323.6487731933594,3295.769775390625,2450.244140625,1567.3450927734375,4083170.0,0.8132221095815854
4099.9990234375,3403.755126953125,2250.041015625,1820.8975830078125,3852.38037109375,3189.368408203125,1805.6329345703125,2687.9375,3991.84765625,3376.399658203125,4099836.0,0.8165413834982449
2317.6650390625,3719.389404296875,1170.328857421875,1105.228759765625,2560.143798828125,3535.896484375,1775.8104248046875,3906.544921875,3911.4599609375,2568.268798828125,4116502.0,0.8198606574149043
1968.9993896484375,3842.76611328125,3922.07373046875,1778.9364013671875,2700.180419921875,2157.7529296875,1913.6221923828125,2021.5697021484375,1996.0540771484375,3879.415283203125,4133168.0,0.8231799313315639
2822.398193359375,3709.8818359375,1675.986328125,1330.90234375,3092.488525390625,4104.65576171875,3818.479736328125,3948.638916015625,3909.79833984375,2036.3631591796875,4149834.0,0.8264992052482234
2378.58251953125,2923.781982421875,3413.275390625,2292.596923828125,2622.598876953125,2031.4388427734375,2094.284423828125,2050.10693359375,1925.5440673828125,2953.74560546875,4166500.0,0.8298184791648829
4102.87158203125,3859.359375,1672.1510009765625,1793.060302734375,2892.124267578125,2213.1484375,3632.4931640625,3299.658203125,2208.256591796875,1280.67529296875,4183166.0,0.8331377530815425
2354.409912109375,3874.6611328125,3009.0458984375,1299.0413818359375,2627.036865234375,3998.7607421875,4219.76318359375,3024.969970703125,1658.0140380859375,2956.837158203125,4199832.0,0.836457026998202
4043.686767578125,3772.099365234375,3111.8935546875,1480.635986328125,2935.9326171875,3393.271728515625,1662.6195068359375,4015.810791015625,1512.65966796875,1822.6025390625,4216498.0,0.8397763009148616
4046.907958984375,3802.665283203125,2468.41357421875,1312.9208984375,4194.37841796875,3943.62548828125,4381.32373046875,3501.98828125,1562.865478515625,3481.016845703125,4233164.0,0.8430955748315211
2947.802001953125,2675.560302734375,3850.81005859375,1645.106201171875,2472.234375,4018.564208984375,4180.3623046875,2947.978271484375,4128.55078125,3769.88818359375,4249830.0,0.8464148487481806
1388.5186767578125,4066.540771484375,2272.7734375,2778.940185546875,1564.6588134765625,3915.286865234375,2059.91064453125,3299.88232421875,4142.5224609375,2550.986083984375,4266496.0,0.8497341226648402
2767.55322265625,1390.764892578125,1842.5179443359375,3914.035888671875,1924.11376953125,4227.4697265625,4180.96240234375,2215.24560546875,1913.204345703125,2034.711181640625,4283162.0,0.8530533965814997
4035.837646484375,2298.745849609375,1765.6968994140625,1258.849365234375,2147.141357421875,2503.91845703125,4286.66845703125,3928.10986328125,4131.8818359375,3233.272705078125,4299828.0,0.8563726704981592
4141.17138671875,3798.339599609375,2557.544677734375,1545.298828125,4125.5087890625,2870.0859375,1885.9320068359375,1753.3736572265625,1906.0946044921875,3800.3427734375,4316494.0,0.8596919444148188
1681.3336181640625,1724.046875,1988.3614501953125,1590.4947509765625,4363.41064453125,2181.720458984375,3465.68115234375,1634.2353515625,4073.44873046875,3951.111328125,4333160.0,0.8630112183314783
2803.718017578125,1478.715576171875,636.879638671875,2029.430419921875,2550.23779296875,3428.38232421875,4303.8623046875,2645.6103515625,2332.927490234375,3863.608642578125,4349826.0,0.8663304922481379
3975.981689453125,3644.6748046875,1988.5367431640625,1675.944580078125,2641.927001953125,2845.705810546875,4241.3759765625,3201.07373046875,1639.6854248046875,3905.30126953125,4366492.0,0.8696497661647974
1598.3514404296875,3755.26953125,3796.747314453125,1372.2779541015625,3546.640869140625,1571.231201171875,1515.718994140625,2773.47412109375,1696.313720703125,3818.08740234375,4383158.0,0.8729690400814569
1592.61474609375,1353.4267578125,1232.939697265625,1443.8861083984375,2576.66064453125,1620.4940185546875,1274.32470703125,2351.86572265625,1581.0238037109375,3202.828857421875,4399824.0,0.8762883139981165
2332.31884765625,1361.60693359375,3580.5966796875,2155.265869140625,3405.3173828125,4376.67822265625,4184.6220703125,3857.66357421875,1724.05810546875,2763.599365234375,4416490.0,0.879607587914776
2708.44580078125,2071.388916015625,2272.48828125,1890.041259765625,4199.775390625,2472.3525390625,2999.51318359375,3738.0859375,4064.463134765625,3776.852294921875,4433156.0,0.8829268618314354
2789.388427734375,2544.64111328125,1952.2156982421875,2123.363037109375,2770.355224609375,1872.5994873046875,689.260986328125,1538.5220947265625,1675.6802978515625,3873.33349609375,4449822.0,0.886246135748095
4069.71142578125,1564.3531494140625,1183.076904296875,2353.947509765625,202.37185668945312,4026.02392578125,4250.49169921875,3710.3466796875,4107.58740234375,1813.328857421875,4466488.0,0.8895654096647545
4293.29638671875,3490.03369140625,1947.3726806640625,1640.4183349609375,3882.675048828125,2536.5654296875,4272.60009765625,2378.357177734375,1852.613525390625,2943.184814453125,4483154.0,0.892884683581414
2055.130859375,2311.405029296875,2170.901611328125,2812.480224609375,4059.18603515625,3052.11767578125,2081.028564453125,3814.7236328125,1714.0167236328125,2486.361083984375,4499820.0,0.8962039574980736
2128.505126953125,2400.779296875,1198.9954833984375,2486.59521484375,4156.771484375,3472.350830078125,2129.32568359375,1610.3018798828125,1587.6588134765625,3876.08154296875,4516486.0,0.8995232314147331
3994.310302734375,3815.192138671875,2465.97265625,3396.398681640625,4010.71826171875,3300.29833984375,1605.233154296875,1749.3072509765625,1558.577392578125,3842.186279296875,4533152.0,0.9028425053313927
1789.93896484375,1888.581787109375,1644.5889892578125,4050.691162109375,4001.257568359375,1903.16796875,3190.6396484375,3844.60888671875,2927.98828125,3234.27685546875,4549818.0,0.9061617792480522
2355.65576171875,1900.4207763671875,1949.731689453125,3815.8427734375,2152.46533203125,3141.822021484375,1921.6656494140625,3921.20458984375,4069.976806640625,3855.0517578125,4566484.0,0.9094810531647117
3970.154052734375,4000.239013671875,2182.668701171875,1686.0313720703125,4049.576904296875,4136.34814453125,4245.669921875,3618.718994140625,1704.1904296875,3842.098876953125,4583150.0,0.9128003270813713
2308.176025390625,2681.857421875,2600.70556640625,1286.19091796875,3608.017333984375,3734.031005859375,2605.31884765625,2734.4326171875,2095.55810546875,1923.4891357421875,4599816.0,0.9161196009980308
1716.6634521484375,2071.52783203125,2292.928955078125,3859.737060546875,2625.154541015625,2795.57958984375,1767.63037109375,2710.262939453125,1645.3868408203125,1902.8621826171875,4616482.0,0.9194388749146903
3942.772216796875,2291.5068359375,112.36295318603516,3521.46826171875,4123.75634765625,2206.040771484375,3582.82373046875,3710.252685546875,2926.617919921875,1678.349609375,4633148.0,0.9227581488313499
4193.00390625,1752.823974609375,3144.862548828125,3797.87158203125,3223.182861328125,2335.69091796875,4225.27490234375,2748.970703125,2551.60693359375,3941.30224609375,4649814.0,0.9260774227480094
4021.718017578125,1503.597412109375,993.3428344726562,1681.65625,4246.4814453125,3411.1552734375,4277.61962890625,3917.667724609375,1571.71044921875,2773.46923828125,4666480.0,0.929396696664669
1975.305419921875,3639.00537109375,3705.788330078125,3891.203369140625,2021.2115478515625,4211.81591796875,4246.0693359375,4010.92724609375,4063.66748046875,2655.40087890625,4683146.0,0.9327159705813285
4233.90283203125,4001.465576171875,1641.7181396484375,2423.239990234375,1033.0262451171875,2802.8828125,3809.768310546875,3084.583984375,2384.251220703125,3218.043212890625,4699812.0,0.936035244497988
1715.6446533203125,3911.650390625,1574.9266357421875,3966.222900390625,3551.55908203125,2083.708984375,3532.67333984375,4096.75732421875,4095.244873046875,3853.948486328125,4716478.0,0.9393545184146476
1541.76318359375,3960.755859375,2101.220458984375,2030.004638671875,1600.7481689453125,2539.79345703125,2849.914306640625,1680.39990234375,4047.9267578125,3782.068603515625,4733144.0,0.9426737923313071
4149.94384765625,3362.1962890625,2371.8193359375,2803.707763671875,1617.6778564453125,2802.778564453125,4272.9931640625,3915.520751953125,4097.42578125,2924.446533203125,4749810.0,0.9459930662479666
1266.9078369140625,2071.15234375,1852.9156494140625,2188.37060546875,1388.1690673828125,2698.328125,4347.857421875,3971.927978515625,3677.897216796875,2042.1014404296875,4766476.0,0.9493123401646261
4026.41845703125,3970.400390625,2591.1318359375,1612.5240478515625,3919.3779296875,2193.523193359375,1381.4002685546875,4009.580078125,4022.15625,3433.730224609375,4783142.0,0.9526316140812856
4115.5,4144.58447265625,1810.6805419921875,2144.96728515625,3858.960205078125,2227.466552734375,2125.540283203125,3858.626220703125,1995.741455078125,2532.400634765625,4799808.0,0.9559508879979451
3299.484619140625,2940.44091796875,3100.571044921875,1927.2655029296875,1782.5897216796875,3315.107666015625,1702.9111328125,3844.399658203125,4080.146728515625,2998.164306640625,4816474.0,0.9592701619146047
1543.6790771484375,3653.104248046875,1637.7855224609375,2370.8515625,3574.28173828125,4140.158203125,4349.443359375,1454.756103515625,3456.1953125,2024.29736328125,4833140.0,0.9625894358312642
1619.729736328125,1948.3492431640625,3097.774169921875,1483.77099609375,2294.17138671875,3308.324951171875,4147.12841796875,84.94464111328125,1254.9288330078125,2254.131591796875,4849806.0,0.9659087097479238
4105.7392578125,2230.687255859375,2564.52685546875,2860.14794921875,1384.1361083984375,4005.62158203125,1868.140625,1154.431884765625,2258.593505859375,1685.223876953125,4866472.0,0.9692279836645833
2966.568115234375,2587.55859375,2391.291015625,2972.88818359375,2820.00048828125,2335.548583984375,4141.81591796875,2369.66455078125,1306.1300048828125,3446.27587890625,4883138.0,0.9725472575812428
1504.051025390625,2398.886962890625,1964.64697265625,1273.2232666015625,1661.2158203125,1928.952880859375,2792.192138671875,3872.07958984375,1507.96142578125,3860.7490234375,4899804.0,0.9758665314979024
1964.0257568359375,2695.240478515625,1599.8404541015625,3912.316650390625,2539.250732421875,3982.256103515625,2065.08056640625,3308.027587890625,2111.480224609375,2015.288818359375,4916470.0,0.9791858054145619
1843.937744140625,2331.09716796875,1436.753173828125,1887.6434326171875,2288.65087890625,2065.14111328125,3455.1669921875,1711.883544921875,1746.2603759765625,3830.928955078125,4933136.0,0.9825050793312214
4093.197021484375,1699.9425048828125,1234.3782958984375,1867.671142578125,2114.49072265625,2475.74853515625,357.72650146484375,4137.15087890625,1080.63037109375,3812.86865234375,4949802.0,0.985824353247881
4121.1787109375,3976.3359375,2237.34521484375,1631.0367431640625,2357.512451171875,2870.600341796875,1187.5599365234375,1648.4530029296875,2193.2373046875,2497.395263671875,4966468.0,0.9891436271645405
3782.846435546875,1876.7593994140625,1582.3753662109375,3901.763427734375,1707.6961669921875,2817.28662109375,1778.5516357421875,3831.046142578125,4219.65966796875,1973.6396484375,4983134.0,0.9924629010812
1722.8040771484375,1647.756591796875,1658.9698486328125,3150.74365234375,4181.48974609375,2609.644287109375,1960.4974365234375,1793.9581298828125,4186.94287109375,2643.469970703125,4999800.0,0.9957821749978596
