eval/return/yrp54ccz,eval/return/8ijn9b1d,eval/return/7l4hzuv5,eval/return/jhd24ua7,eval/return/i91cq4vx,eval/return/r1njeml3,eval/return/9lpcpxmp,eval/return/3kbjkcq7,eval/return/53rner56,eval/return/7abx8o9g,step,wallclock
51745.35546875,54850.80078125,43972.5,51267.22265625,55918.265625,52332.18359375,47343.3359375,61770.1640625,81839.1796875,49083.11328125,1.0,0.0
78961.8671875,48352.33984375,121785.7421875,122584.59375,120011.9296875,103318.2734375,70749.6875,65615.078125,124174.65625,120580.8046875,16666.0,0.004964417698979378
119814.375,130564.5703125,131866.734375,133079.34375,65714.5390625,103301.5859375,92820.9453125,88110.125,134621.265625,121416.9921875,33332.0,0.009928835397958757
135045.171875,130237.0078125,135335.09375,131063.34375,123568.3203125,128699.171875,85280.375,124647.390625,136077.71875,145854.59375,49998.0,0.014893253096938135
118766.734375,130842.578125,136500.1875,131277.71875,129448.09375,122639.2109375,96311.515625,128976.5,136130.765625,144088.3125,66664.0,0.019857670795917513
123712.5234375,143761.90625,136110.03125,131166.71875,137545.6875,136023.15625,91126.328125,143851.71875,122953.8515625,144726.890625,83330.0,0.024822088494896893
133630.59375,145562.21875,136174.25,135629.609375,130005.265625,136374.578125,103701.0,144559.59375,130361.4296875,143583.078125,99996.0,0.02978650619387627
130605.953125,143696.375,132168.28125,138445.3125,81372.8671875,135841.546875,129531.4296875,145093.09375,136347.15625,145783.171875,116662.0,0.03475092389285565
135844.21875,144788.875,136507.953125,140774.328125,139384.5,135363.390625,104092.1953125,143648.359375,132816.484375,143747.3125,133328.0,0.03971534159183503
132741.671875,145077.265625,136890.578125,141601.375,142404.359375,136428.453125,129916.046875,145582.046875,136490.984375,143929.546875,149994.0,0.04467975929081441
135224.625,145158.71875,144931.921875,141446.53125,131627.203125,136013.796875,129761.6484375,145098.0625,137067.578125,145809.984375,166660.0,0.04964417698979379
132056.796875,144083.46875,137288.28125,141729.40625,139741.015625,136617.359375,129766.9765625,144613.734375,141795.90625,148118.671875,183326.0,0.05460859468877316
138468.8125,113632.4140625,136961.90625,141052.828125,141059.609375,131337.71875,130082.09375,146042.28125,143614.21875,147165.65625,199992.0,0.05957301238775254
144598.5625,146004.234375,136786.4375,141870.28125,142784.375,136163.984375,129807.15625,149397.203125,141076.515625,147406.265625,216658.0,0.06453743008673192
137511.46875,145968.65625,137096.28125,142103.5625,141838.328125,138755.796875,130078.171875,155104.375,141661.734375,147834.78125,233324.0,0.0695018477857113
137856.1875,145531.359375,153901.1875,142089.46875,143543.984375,136415.765625,129997.8203125,148162.953125,142155.109375,148028.015625,249990.0,0.07446626548469068
135345.109375,146508.546875,150545.609375,142160.1875,142397.5,136787.0625,133903.734375,155689.859375,141916.703125,148383.109375,266656.0,0.07943068318367005
134602.0625,127932.34375,144676.125,141738.5625,141034.46875,137637.90625,138073.4375,150149.75,139364.296875,148134.484375,283322.0,0.08439510088264943
145935.015625,99084.6171875,131021.6171875,140489.328125,141365.375,138351.46875,134356.453125,154560.265625,142993.734375,147867.9375,299988.0,0.08935951858162881
146112.796875,144856.953125,151286.046875,142030.96875,140911.25,136020.359375,139327.8125,146277.9375,142529.578125,147553.15625,316654.0,0.09432393628060819
153333.359375,145708.71875,154432.5,142234.171875,144501.5625,136039.78125,138498.390625,157010.8125,142592.328125,148353.671875,333320.0,0.09928835397958757
144359.8125,144337.890625,143752.0,141833.140625,142409.3125,136596.15625,138863.09375,157088.578125,142849.0625,148046.71875,349986.0,0.10425277167856695
137760.53125,116356.9375,150019.0625,142290.265625,140952.984375,137532.296875,138822.234375,155904.140625,150700.265625,148380.421875,366652.0,0.10921718937754632
145519.40625,144279.546875,151138.578125,141863.390625,140086.8125,137281.0,139184.65625,155002.859375,154833.359375,147310.625,383318.0,0.1141816070765257
133198.921875,145467.34375,147398.0,142170.984375,141489.84375,131329.546875,148370.03125,155269.296875,136214.65625,148098.546875,399984.0,0.11914602477550508
152749.25,144555.15625,151225.5625,142345.25,141706.03125,144946.015625,150235.484375,155172.5,155594.953125,147966.765625,416650.0,0.12411044247448445
156433.0,144124.4375,152247.625,141971.109375,144484.90625,144377.90625,150232.875,156889.78125,156095.40625,148071.796875,433316.0,0.12907486017346384
142648.328125,145080.78125,152993.5625,142345.703125,145522.578125,144636.546875,151537.34375,157304.234375,157753.875,148127.921875,449982.0,0.1340392778724432
153302.25,146659.046875,152022.984375,141704.03125,142460.65625,144856.96875,151824.3125,157148.296875,158346.8125,148390.90625,466648.0,0.1390036955714226
156788.0,145761.28125,153395.15625,142446.484375,144340.671875,145557.65625,151756.484375,156730.5625,156831.109375,148079.640625,483314.0,0.14396811327040196
144460.8125,145410.40625,154018.734375,142335.171875,141711.875,146739.9375,151981.1875,156544.171875,158678.4375,148022.9375,499980.0,0.14893253096938136
153773.75,145736.328125,153349.5625,142420.0625,144459.765625,147745.625,149840.484375,157446.53125,155377.1875,148501.671875,516646.0,0.15389694866836073
155408.390625,146414.09375,151950.890625,142244.421875,143336.5625,147275.671875,150722.75,156434.421875,155919.578125,149373.015625,533312.0,0.1588613663673401
156448.171875,145654.390625,153410.796875,142254.390625,144351.234375,146893.234375,151972.609375,157445.71875,155684.671875,147523.109375,549978.0,0.16382578406631948
155623.75,145967.53125,154248.65625,142434.328125,145065.890625,153283.03125,151910.265625,157255.046875,157120.828125,148306.390625,566644.0,0.16879020176529885
156449.359375,145888.671875,153542.859375,142175.484375,145979.75,142311.40625,151566.796875,157088.1875,151379.484375,148399.515625,583310.0,0.17375461946427825
155811.359375,146461.75,152347.703125,142325.765625,144761.171875,143524.109375,152483.65625,157259.796875,157850.125,148155.90625,599976.0,0.17871903716325763
152968.015625,156395.390625,154210.390625,142260.21875,145418.3125,151647.671875,151698.875,157363.890625,154952.6875,148369.28125,616642.0,0.183683454862237
154862.09375,156943.21875,153973.0,142258.8125,144939.53125,155023.359375,152198.46875,156641.71875,154683.0625,147675.1875,633308.0,0.18864787256121637
157618.359375,133853.75,153127.75,142303.046875,145318.25,154747.234375,152096.953125,156343.8125,156488.703125,148834.78125,649974.0,0.19361229026019575
158532.125,155741.765625,154389.96875,142075.625,145048.859375,154402.1875,151969.328125,156672.8125,158772.703125,148317.53125,666640.0,0.19857670795917515
159148.890625,145604.625,153769.953125,142337.5,153413.203125,153294.359375,151922.578125,156458.125,152879.78125,148063.640625,683306.0,0.20354112565815452
158849.15625,145231.9375,153899.96875,142231.40625,145132.390625,157146.96875,151423.28125,156985.828125,155797.90625,148296.015625,699972.0,0.2085055433571339
159402.265625,146808.265625,152905.4375,142218.484375,144998.84375,157231.28125,151376.328125,157456.203125,150493.796875,148791.421875,716638.0,0.21346996105611327
158768.015625,146042.484375,153928.265625,142393.796875,143388.8125,157058.703125,151850.640625,154771.671875,153728.578125,148863.3125,733304.0,0.21843437875509264
159042.578125,152385.28125,154968.828125,142217.46875,145570.625,155749.46875,152273.234375,157034.484375,152282.21875,148773.4375,749970.0,0.223398796454072
158361.46875,135999.4375,156143.921875,142340.359375,145999.609375,157197.078125,152433.703125,158479.796875,153787.703125,150412.75,766636.0,0.2283632141530514
158949.09375,155994.8125,154966.703125,142142.078125,145797.796875,157539.5,151174.703125,159230.515625,152969.25,148875.328125,783302.0,0.2333276318520308
159310.4375,146064.546875,155819.34375,142600.234375,145272.625,157200.046875,152245.984375,159129.265625,156332.71875,148578.5,799968.0,0.23829204955101016
159194.765625,155909.3125,156799.59375,142435.703125,142255.859375,151803.90625,152569.109375,155471.109375,159259.21875,149192.3125,816634.0,0.24325646724998953
159042.734375,156370.859375,157306.859375,142394.484375,144866.09375,157344.5625,152522.78125,158761.65625,164231.765625,151028.734375,833300.0,0.2482208849489689
158972.28125,156733.234375,157007.296875,142309.5,145445.40625,156282.859375,151621.078125,158946.796875,159233.171875,150043.875,849966.0,0.2531853026479483
159083.953125,157161.828125,156516.71875,142416.09375,147150.90625,157367.171875,152294.90625,159090.59375,158803.25,148173.828125,866632.0,0.2581497203469277
159082.453125,154620.375,157154.125,142447.203125,142835.28125,154001.984375,152174.015625,155640.734375,158586.671875,148639.453125,883298.0,0.26311413804590705
158194.96875,156997.359375,157057.375,142201.078125,144644.515625,157089.609375,152263.28125,156982.46875,158655.453125,148654.578125,899964.0,0.2680785557448864
158931.890625,157106.015625,156660.0,142259.453125,147711.890625,153754.734375,151309.671875,155981.484375,157685.84375,148544.75,916630.0,0.2730429734438658
158567.40625,156293.6875,156911.515625,142081.671875,157485.921875,157053.03125,152430.828125,158064.078125,159078.21875,148697.328125,933296.0,0.2780073911428452
159007.6875,156272.265625,156487.8125,142340.8125,151258.734375,158219.796875,152044.34375,156165.328125,155687.1875,149526.375,949962.0,0.28297180884182455
159173.609375,156897.578125,156502.921875,142537.203125,154525.25,158276.625,152402.359375,157202.890625,159971.78125,150046.09375,966628.0,0.2879362265408039
159240.65625,156948.875,157002.828125,142643.65625,150359.234375,158537.03125,152022.15625,157282.671875,159363.234375,148596.8125,983294.0,0.29290064423978335
159268.46875,156849.734375,157199.171875,143773.96875,154590.0625,157374.984375,152787.96875,157237.15625,155749.0625,148359.78125,999960.0,0.2978650619387627
159243.03125,156570.65625,153671.921875,142858.5,150902.828125,159026.15625,152303.875,159342.96875,155181.828125,148030.609375,1016626.0,0.3028294796377421
159370.046875,156902.25,156728.421875,142991.375,153982.171875,159030.046875,152511.28125,158333.9375,155752.8125,148575.84375,1033292.0,0.30779389733672147
159235.859375,156761.578125,156659.59375,146163.984375,114542.9296875,159102.703125,152443.25,157036.6875,155297.578125,148537.359375,1049958.0,0.31275831503570084
158918.078125,156918.765625,156463.484375,142488.6875,156840.9375,157068.46875,152518.375,157399.796875,154826.609375,148113.90625,1066624.0,0.3177227327346802
158902.53125,156579.828125,156398.421875,142015.390625,155670.1875,159339.21875,152866.8125,156733.734375,153213.9375,148835.09375,1083290.0,0.3226871504336596
158699.265625,154114.4375,157133.703125,144307.609375,159195.328125,158921.359375,152407.390625,157444.71875,158718.171875,149993.671875,1099956.0,0.32765156813263896
157640.46875,156794.65625,156823.78125,141980.296875,158350.09375,159372.5625,152299.234375,158148.25,156030.71875,150443.640625,1116622.0,0.33261598583161833
155100.9375,157080.25,156842.671875,146709.84375,157025.84375,159047.875,152459.96875,156433.59375,159638.25,148754.6875,1133288.0,0.3375804035305977
157800.84375,156902.8125,156931.78125,137533.671875,158305.1875,158823.125,152536.40625,158989.34375,155866.90625,148362.296875,1149954.0,0.3425448212295771
157879.546875,157157.671875,156873.484375,128411.609375,158711.34375,153525.234375,152463.359375,159284.75,156401.5625,148007.984375,1166620.0,0.3475092389285565
158561.734375,154316.34375,156239.265625,138918.9375,158356.625,157976.703125,152502.328125,158920.625,154288.8125,140591.40625,1183286.0,0.3524736566275359
158513.34375,157237.28125,156218.640625,135810.21875,156057.796875,159033.90625,152549.8125,161056.015625,158770.53125,146135.1875,1199952.0,0.35743807432651525
159337.609375,156157.03125,156415.09375,150400.921875,155627.0,158786.515625,152277.5625,163340.234375,157720.6875,144437.84375,1216618.0,0.3624024920254946
151800.875,157121.203125,156334.515625,149538.1875,148080.3125,159376.1875,152691.921875,160421.78125,157931.5625,141696.90625,1233284.0,0.367366909724474
158818.546875,157067.953125,157000.828125,115734.15625,146508.421875,158717.125,156198.71875,160297.09375,158542.984375,147707.984375,1249950.0,0.3723313274234534
158729.546875,156860.40625,135506.984375,149752.453125,160324.75,159686.109375,152767.09375,161177.59375,158701.203125,148241.546875,1266616.0,0.37729574512243275
159304.828125,156011.171875,155758.234375,147199.234375,158924.15625,159641.078125,152493.34375,161901.796875,158985.4375,143422.0,1283282.0,0.3822601628214121
150665.46875,156935.609375,156594.75,141598.1875,158106.71875,159879.578125,154068.53125,160982.375,159011.0,143671.53125,1299948.0,0.3872245805203915
158474.25,153010.796875,156552.015625,141402.6875,160652.484375,159506.0,152776.828125,163290.3125,159453.265625,148652.203125,1316614.0,0.39218899821937087
158709.59375,149143.40625,156637.5,157684.046875,156064.09375,159877.96875,152954.734375,163390.921875,159664.0,147588.390625,1333280.0,0.3971534159183503
158958.5625,156189.046875,155696.28125,156659.96875,156413.453125,159810.109375,155449.640625,164136.546875,159774.046875,150230.09375,1349946.0,0.40211783361732967
157849.3125,156569.140625,156395.3125,158116.765625,167267.40625,159989.921875,156510.84375,162987.515625,159653.59375,149238.34375,1366612.0,0.40708225131630904
158545.515625,155306.84375,157105.03125,157578.75,163361.890625,159149.28125,153998.171875,164262.984375,159936.953125,149886.9375,1383278.0,0.4120466690152884
159055.96875,157307.71875,154219.609375,153137.515625,164337.5,159521.28125,152880.5,163812.640625,158493.515625,148168.375,1399944.0,0.4170110867142678
159327.84375,155500.375,157146.515625,148010.328125,164413.9375,157238.71875,156953.359375,164364.078125,159608.25,150185.90625,1416610.0,0.42197550441324716
144652.125,156938.75,157130.03125,159042.703125,161121.1875,159277.65625,78340.8671875,163547.890625,159602.046875,150433.1875,1433276.0,0.42693992211222653
158833.515625,157110.109375,157059.34375,156530.8125,150578.40625,159728.0625,151681.65625,163930.4375,158678.3125,151044.5,1449942.0,0.4319043398112059
159076.015625,156945.6875,156379.515625,156134.34375,163139.25,159770.09375,151461.546875,163692.125,159926.375,149355.625,1466608.0,0.4368687575101853
159267.296875,157065.65625,157031.734375,156515.390625,168906.3125,159692.390625,147643.859375,161920.15625,160112.015625,152854.5,1483274.0,0.44183317520916465
159265.21875,157262.984375,157214.875,158893.015625,170534.421875,159568.734375,152165.796875,164318.984375,159689.140625,150463.0,1499940.0,0.446797592908144
158527.421875,156705.109375,157056.5,157554.328125,168263.140625,159629.890625,147096.296875,162740.671875,159421.1875,149944.578125,1516606.0,0.45176201060712345
159334.78125,157041.5,157201.296875,159037.890625,169741.6875,152535.5625,134801.5,164007.953125,159605.125,149938.421875,1533272.0,0.4567264283061028
156401.875,155973.3125,156793.234375,158624.53125,167863.796875,159526.09375,150489.796875,164266.5,160117.640625,150016.71875,1549938.0,0.4616908460050822
158890.3125,156849.484375,156876.953125,159504.8125,171026.390625,159467.03125,153150.828125,164423.40625,159491.953125,149786.28125,1566604.0,0.4666552637040616
159252.65625,155832.609375,157256.15625,158573.359375,170268.75,159753.078125,146497.828125,163803.53125,160118.046875,150513.9375,1583270.0,0.47161968140304095
154805.640625,157445.328125,156957.078125,157153.375,171757.453125,157662.171875,140944.1875,164506.703125,159092.5625,150866.953125,1599936.0,0.4765840991020203
159375.421875,155976.328125,155692.640625,158843.59375,171334.8125,159341.75,148431.53125,162246.9375,159078.734375,150154.578125,1616602.0,0.4815485168009997
158971.875,156371.5,156183.265625,157386.0,166533.65625,159874.21875,149586.421875,162735.390625,160158.71875,150296.265625,1633268.0,0.48651293449997907
158827.234375,155727.515625,157433.5,156135.9375,170933.796875,159908.15625,150434.8125,163741.9375,159907.8125,150394.203125,1649934.0,0.49147735219895844
157395.140625,157102.265625,155718.25,157564.421875,170056.125,159006.28125,150660.90625,162072.125,158942.046875,151759.453125,1666600.0,0.4964417698979378
155186.078125,156399.359375,156664.859375,159212.5,171260.46875,159584.9375,153561.140625,161265.890625,159750.40625,150492.140625,1683266.0,0.5014061875969172
140114.3125,156203.125,157484.578125,157041.359375,171338.34375,159632.484375,151083.6875,163067.328125,159008.859375,147086.734375,1699932.0,0.5063706052958966
157655.65625,156322.671875,157338.171875,158056.4375,171012.984375,159887.515625,152652.3125,161988.015625,159533.375,150197.296875,1716598.0,0.511335022994876
154920.203125,156522.203125,156610.515625,157236.375,167177.65625,159881.328125,156332.46875,161222.34375,156671.921875,152164.28125,1733264.0,0.5162994406938554
158173.765625,155899.765625,157040.65625,159290.8125,171147.390625,159807.3125,155316.234375,161427.984375,141948.515625,150844.796875,1749930.0,0.5212638583928347
154269.59375,156900.484375,156996.921875,158364.53125,170848.046875,159746.859375,151622.828125,163701.0,150593.4375,151201.09375,1766596.0,0.5262282760918141
158810.375,157098.390625,157435.703125,158981.078125,170968.171875,159656.25,156337.796875,164601.609375,158731.890625,151644.890625,1783262.0,0.5311926937907935
159006.40625,156883.46875,157030.6875,158672.5625,171890.46875,159715.671875,151268.90625,163327.1875,157571.5625,150733.9375,1799928.0,0.5361571114897729
158815.265625,156960.546875,156211.5,159431.984375,170209.28125,159779.3125,155046.59375,162042.71875,156202.453125,151231.5625,1816594.0,0.5411215291887522
158639.734375,156546.34375,157531.578125,157507.875,170957.25,157096.5,156289.546875,159949.453125,149974.09375,151783.15625,1833260.0,0.5460859468877316
158596.5,157278.171875,157416.5625,160497.84375,170943.53125,159814.84375,154801.109375,155793.59375,152652.953125,150529.671875,1849926.0,0.551050364586711
158733.75,156186.1875,157312.359375,159640.765625,167853.78125,160001.6875,156516.109375,143144.71875,153579.234375,151053.5,1866592.0,0.5560147822856903
151853.640625,155801.03125,157169.828125,161259.890625,170630.25,159474.171875,154126.953125,160562.1875,159363.234375,151436.703125,1883258.0,0.5609791999846697
157986.71875,157349.8125,157447.59375,159868.125,171491.078125,159273.5,155133.390625,159211.46875,157587.171875,150991.78125,1899924.0,0.5659436176836491
159095.609375,156452.125,157436.1875,158814.203125,170512.890625,159671.859375,155989.640625,159561.203125,155168.421875,150587.5625,1916590.0,0.5709080353826285
158168.71875,157211.875,157437.265625,161777.203125,170182.09375,159381.171875,153799.484375,160369.46875,151821.765625,151608.84375,1933256.0,0.5758724530816078
153076.1875,157001.640625,157421.0625,164964.171875,169879.5625,159717.96875,156701.078125,158248.515625,155725.15625,150661.359375,1949922.0,0.5808368707805872
159151.203125,156902.203125,157500.578125,164885.890625,169361.171875,159803.125,156635.046875,73398.265625,157755.515625,150216.828125,1966588.0,0.5858012884795667
159453.671875,157278.9375,157445.15625,167438.578125,172296.5625,159337.84375,157165.34375,161709.515625,158913.90625,150663.828125,1983254.0,0.5907657061785461
159380.328125,157399.109375,157922.484375,168007.96875,172645.515625,159609.96875,157017.59375,164172.75,160084.484375,150266.4375,1999920.0,0.5957301238775254
159312.90625,157405.9375,157345.765625,167527.921875,167669.28125,159306.5625,155991.890625,154581.296875,159952.046875,150963.65625,2016586.0,0.6006945415765048
159040.890625,156376.375,157765.875,168776.109375,172558.328125,159584.890625,154407.765625,161935.96875,158853.21875,150734.984375,2033252.0,0.6056589592754842
159504.984375,156889.015625,157739.96875,163380.3125,169779.953125,159368.5,155470.359375,160342.453125,158950.765625,150972.578125,2049918.0,0.6106233769744636
159242.125,156599.03125,157277.578125,167418.96875,171420.640625,159406.25,156066.0,161242.375,159719.640625,151279.921875,2066584.0,0.6155877946734429
158809.578125,155851.984375,157285.09375,166925.078125,170841.4375,158991.46875,156760.265625,162637.765625,156863.65625,151188.640625,2083250.0,0.6205522123724223
159211.921875,157185.34375,155581.3125,168317.546875,171098.328125,159943.03125,154637.734375,164014.5625,159569.546875,151401.921875,2099916.0,0.6255166300714017
159291.359375,157342.65625,156825.75,167704.171875,171644.546875,159196.25,157120.015625,159686.640625,157946.96875,151799.109375,2116582.0,0.630481047770381
159096.203125,157464.328125,157108.875,164185.140625,168434.40625,159756.0625,156882.03125,164708.0625,161023.953125,150974.59375,2133248.0,0.6354454654693604
159431.375,156533.15625,154535.25,165456.328125,170665.109375,159314.875,157261.484375,164062.5,158348.6875,151425.421875,2149914.0,0.6404098831683398
159116.53125,156284.453125,153524.71875,164815.3125,170992.765625,159635.421875,156639.625,163700.546875,159049.625,151017.8125,2166580.0,0.6453743008673192
159417.25,142775.0625,157459.46875,168447.625,167297.34375,159789.25,156750.578125,164088.59375,160076.828125,149883.0625,2183246.0,0.6503387185662985
159212.96875,80820.9140625,156403.484375,166024.328125,171232.5625,159761.046875,157121.828125,163949.0,159759.328125,152204.4375,2199912.0,0.6553031362652779
159436.53125,157179.078125,157546.703125,166946.0625,171651.65625,159751.09375,157460.8125,164502.34375,157103.265625,151849.796875,2216578.0,0.6602675539642573
159461.1875,156458.890625,156820.21875,169064.53125,171139.8125,159726.4375,157301.078125,164675.859375,156533.859375,151895.875,2233244.0,0.6652319716632367
159024.8125,156928.515625,157201.015625,170238.578125,98022.703125,158904.390625,157191.578125,164149.125,160002.328125,151796.578125,2249910.0,0.670196389362216
159305.109375,154927.5625,156748.015625,170375.171875,168431.421875,159062.96875,157020.828125,163730.65625,158550.984375,147087.0,2266576.0,0.6751608070611954
159238.4375,155854.296875,157210.546875,165822.9375,169781.015625,159590.296875,157196.296875,164000.0,160922.03125,152335.203125,2283242.0,0.6801252247601748
158032.953125,156354.078125,156019.1875,170802.6875,169942.546875,159196.546875,157255.046875,160131.3125,158975.0,151261.1875,2299908.0,0.6850896424591542
159474.65625,156857.046875,157627.140625,167247.609375,170178.1875,159153.921875,157261.625,162390.0,160402.46875,151906.90625,2316574.0,0.6900540601581336
158807.046875,155667.734375,157519.390625,170279.328125,170746.4375,104263.9765625,156885.8125,162874.359375,159726.890625,151622.796875,2333240.0,0.695018477857113
157908.921875,157011.5,157415.515625,170227.53125,170715.703125,139962.015625,157065.40625,162046.84375,158773.421875,137825.03125,2349906.0,0.6999828955560924
158480.75,155923.46875,157586.703125,170673.84375,170516.765625,159336.125,157074.53125,162414.65625,160424.09375,142621.828125,2366572.0,0.7049473132550718
157204.328125,156345.109375,155806.375,169373.515625,170752.796875,147465.53125,156580.296875,163205.15625,159958.421875,148610.8125,2383238.0,0.7099117309540511
159199.859375,155829.953125,156893.625,170191.671875,171853.4375,155213.8125,156867.09375,164811.9375,164281.546875,149492.671875,2399904.0,0.7148761486530305
158446.15625,155602.5,157390.65625,170496.59375,172062.03125,156946.890625,156789.015625,164903.296875,160136.484375,150226.859375,2416570.0,0.7198405663520099
158427.921875,155762.1875,157127.640625,171455.25,170548.71875,159594.46875,156776.25,163249.703125,158919.0,152054.828125,2433236.0,0.7248049840509893
158736.5625,155957.71875,156902.25,170668.0,172531.0625,158977.609375,157141.03125,165831.28125,161066.71875,151916.671875,2449902.0,0.7297694017499686
159035.34375,157076.203125,157320.59375,171359.734375,172438.0,159853.703125,156687.3125,164072.8125,164640.171875,151926.0625,2466568.0,0.734733819448948
159584.046875,157554.828125,157658.6875,171220.328125,170546.75,159067.390625,156611.15625,165402.09375,159091.671875,151889.171875,2483234.0,0.7396982371479274
159400.9375,159680.203125,157707.21875,171280.15625,172048.25,159126.8125,156570.03125,157681.84375,160774.34375,151196.265625,2499900.0,0.7446626548469067
159079.984375,156949.375,157564.515625,171283.671875,170581.828125,159401.515625,157055.65625,165555.8125,160636.265625,151376.484375,2516566.0,0.7496270725458861
158289.015625,157315.1875,156533.609375,164246.109375,172751.46875,159469.546875,153057.5,163427.296875,160136.3125,149952.109375,2533232.0,0.7545914902448655
158851.9375,156781.140625,157625.40625,169939.796875,172327.8125,159028.203125,156267.265625,164873.96875,163686.453125,151171.53125,2549898.0,0.7595559079438449
159419.328125,157341.90625,157489.703125,169551.421875,162184.203125,159329.203125,156711.296875,163047.09375,163971.328125,150850.796875,2566564.0,0.7645203256428242
158751.8125,157492.859375,157110.1875,153411.03125,172633.40625,159420.6875,157219.921875,165295.859375,164455.1875,151621.578125,2583230.0,0.7694847433418036
159584.25,157379.703125,157419.3125,171195.75,170873.734375,159871.65625,156121.421875,164669.3125,164155.140625,151215.71875,2599896.0,0.774449161040783
158792.421875,157297.703125,157766.15625,170800.53125,172620.03125,159380.890625,84817.2734375,163194.5625,164442.078125,149075.0,2616562.0,0.7794135787397624
159373.03125,157393.40625,157317.15625,169932.203125,172738.90625,159295.765625,83250.84375,164991.0625,164079.796875,151728.65625,2633228.0,0.7843779964387417
159369.078125,157274.375,145103.328125,171259.984375,167370.5,159439.359375,154353.5625,163906.71875,160411.21875,151994.171875,2649894.0,0.7893424141377211
158896.4375,157346.0,158165.59375,171408.734375,172727.453125,159497.140625,156297.546875,164662.1875,163900.6875,151808.375,2666560.0,0.7943068318367006
159336.390625,157404.65625,157766.53125,170646.5625,170716.265625,159637.515625,157209.53125,161292.1875,164013.375,151354.09375,2683226.0,0.79927124953568
159601.046875,157322.875,157955.15625,170583.515625,172595.0625,159861.109375,155406.03125,163097.671875,163150.921875,152831.5625,2699892.0,0.8042356672346593
158042.6875,157274.09375,157718.578125,170725.21875,172753.5,159419.734375,154349.796875,163812.640625,161323.96875,151072.15625,2716558.0,0.8092000849336387
159643.390625,157370.140625,157450.140625,171889.5625,172597.203125,159611.125,156011.859375,163376.0,163807.625,151618.15625,2733224.0,0.8141645026326181
157198.28125,157443.671875,157944.125,155947.5,172598.734375,159618.21875,156306.53125,164695.359375,163250.9375,155263.1875,2749890.0,0.8191289203315975
157569.96875,157390.921875,157630.0625,171433.734375,172752.140625,159549.1875,157476.140625,163887.90625,162624.46875,154958.9375,2766556.0,0.8240933380305768
159339.75,157844.484375,157824.359375,171377.96875,172416.109375,159448.46875,158340.78125,143379.53125,164374.03125,155207.84375,2783222.0,0.8290577557295562
157462.015625,157292.921875,157513.5625,171609.4375,172846.46875,159627.53125,157096.078125,164240.75,164226.671875,153585.4375,2799888.0,0.8340221734285356
159483.671875,157527.4375,157602.4375,170706.109375,171724.953125,159366.953125,156176.609375,164505.171875,164091.203125,155456.578125,2816554.0,0.838986591127515
158892.640625,153664.515625,158016.828125,171650.15625,167892.0625,159387.15625,157025.96875,164786.265625,163312.53125,155448.921875,2833220.0,0.8439510088264943
158999.625,157497.734375,158004.53125,171426.46875,170371.453125,159428.484375,155682.5625,158277.203125,159685.421875,153260.59375,2849886.0,0.8489154265254737
159286.375,157582.140625,157633.203125,171603.328125,167588.28125,159270.328125,156082.875,159920.984375,160652.1875,151227.609375,2866552.0,0.8538798442244531
159003.078125,156079.296875,157516.078125,171649.84375,164036.3125,159089.546875,155484.203125,159987.1875,162833.796875,155729.21875,2883218.0,0.8588442619234324
154988.234375,157144.6875,157294.921875,171093.40625,170219.65625,159634.375,156436.65625,164442.828125,164083.25,155515.421875,2899884.0,0.8638086796224118
154966.78125,159562.625,157750.890625,167374.609375,171918.71875,159740.78125,157365.375,159647.90625,162193.4375,155942.875,2916550.0,0.8687730973213912
157663.8125,158646.234375,157739.09375,171859.5625,169467.921875,159789.8125,156211.453125,158240.828125,164566.0625,151587.8125,2933216.0,0.8737375150203706
158966.65625,158605.359375,157910.15625,170566.453125,168207.53125,159798.703125,141761.375,158660.328125,159081.109375,152490.125,2949882.0,0.8787019327193499
159215.390625,160123.96875,157910.828125,171562.171875,171819.765625,159818.875,155210.875,160272.859375,161134.203125,150045.90625,2966548.0,0.8836663504183293
159220.796875,159712.75,157858.625,171819.265625,172352.0625,159889.53125,156641.078125,160930.09375,159387.140625,153207.90625,2983214.0,0.8886307681173087
158456.75,158581.21875,157834.1875,170908.09375,171052.296875,159942.453125,75029.546875,163101.703125,157877.765625,152392.796875,2999880.0,0.893595185816288
159478.25,159945.640625,157858.34375,171713.171875,169546.375,159480.703125,155791.3125,160875.390625,163533.5625,155539.15625,3016546.0,0.8985596035152674
159115.984375,157330.734375,157310.09375,171841.734375,172713.03125,159779.265625,79715.84375,164490.890625,160892.015625,152486.484375,3033212.0,0.9035240212142469
159371.53125,158488.0625,157243.84375,171433.9375,172580.09375,158722.71875,147076.65625,163972.984375,163116.8125,154378.078125,3049878.0,0.9084884389132263
159417.59375,159276.453125,157994.765625,172136.671875,172139.90625,159255.71875,151274.546875,160686.765625,164171.546875,148492.34375,3066544.0,0.9134528566122057
159406.734375,159964.4375,158149.703125,171899.0625,172697.09375,159638.59375,156064.34375,163613.15625,156801.9375,128713.0234375,3083210.0,0.918417274311185
158483.8125,160179.484375,158005.1875,171621.25,172869.875,159671.265625,155657.125,163920.265625,163509.265625,150045.328125,3099876.0,0.9233816920101644
159384.921875,160069.921875,158410.953125,172062.40625,172839.421875,159921.015625,154895.703125,161433.171875,163580.625,150412.203125,3116542.0,0.9283461097091438
158633.734375,158587.53125,158155.5625,170849.703125,172196.359375,159651.296875,154301.125,154508.484375,160358.1875,156515.484375,3133208.0,0.9333105274081231
159473.40625,159644.90625,157714.46875,172161.359375,172802.265625,159930.046875,156354.875,156047.28125,163751.859375,155436.375,3149874.0,0.9382749451071025
141330.515625,160915.515625,157868.453125,171736.765625,172578.78125,159439.0,153559.4375,164514.234375,160045.53125,151393.34375,3166540.0,0.9432393628060819
158899.875,158470.875,157977.484375,171813.515625,172809.734375,159911.953125,154949.34375,160104.109375,164250.171875,151540.484375,3183206.0,0.9482037805050613
159517.34375,159533.375,157732.921875,171764.3125,172837.8125,159806.8125,154260.6875,161568.875,158947.46875,154398.640625,3199872.0,0.9531681982040406
159500.421875,157000.15625,158341.6875,172337.046875,172875.859375,160155.171875,155903.0,164454.53125,163564.046875,154450.59375,3216538.0,0.95813261590302
158803.609375,159070.421875,157889.59375,172079.03125,172773.09375,159903.828125,151911.453125,162798.390625,163093.734375,151265.625,3233204.0,0.9630970336019994
157363.203125,154434.375,158093.171875,172138.03125,172877.53125,159883.21875,156528.84375,163111.84375,157097.84375,154030.171875,3249870.0,0.9680614513009788
158850.53125,157422.75,158164.0,171962.703125,172478.5,159603.859375,83456.703125,163785.375,159699.984375,154977.21875,3266536.0,0.9730258689999581
159042.5,157946.75,157779.765625,172206.25,172435.03125,159651.765625,156644.296875,137984.21875,157861.703125,155870.78125,3283202.0,0.9779902866989375
156442.96875,157688.171875,157947.8125,172699.21875,172884.21875,159895.453125,154022.015625,163473.21875,160276.703125,155426.171875,3299868.0,0.9829547043979169
157986.703125,154426.34375,154510.34375,172346.203125,172916.5,159570.65625,156572.03125,163786.0625,163144.0625,154900.828125,3316534.0,0.9879191220968963
159128.921875,156346.015625,157702.25,171940.75,172820.640625,159618.703125,154440.65625,162907.5,162343.765625,155164.484375,3333200.0,0.9928835397958756
158933.6875,154525.640625,157083.828125,172261.140625,172830.265625,159291.546875,154261.046875,161450.265625,163400.28125,155117.171875,3349866.0,0.997847957494855
159947.3125,155946.09375,157781.828125,172102.765625,172696.5625,159238.109375,154256.15625,161762.953125,163854.15625,155508.5625,3366532.0,1.0028123751938345
160052.3125,156266.296875,157436.140625,171952.859375,76964.8984375,159521.3125,156171.46875,161010.34375,160904.484375,155263.375,3383198.0,1.0077767928928139
160039.125,157626.46875,156500.546875,171656.125,172754.0,159787.1875,155563.328125,163531.890625,162545.859375,155728.59375,3399864.0,1.0127412105917932
159965.0625,154499.3125,157166.59375,171938.390625,172905.421875,159598.59375,156629.6875,161738.84375,159681.453125,155952.328125,3416530.0,1.0177056282907726
159995.03125,152621.78125,158028.34375,171954.671875,172952.375,159562.921875,155812.6875,162801.359375,161780.03125,156288.453125,3433196.0,1.022670045989752
159678.890625,153226.34375,157074.515625,171622.140625,172954.015625,159663.109375,155061.640625,163790.4375,163966.125,156104.890625,3449862.0,1.0276344636887313
159757.3125,152842.90625,157305.8125,172388.84375,172987.78125,159474.140625,82912.3671875,163956.28125,162236.546875,155777.4375,3466528.0,1.0325988813877107
159670.078125,157516.078125,157993.078125,172659.640625,172903.96875,159814.859375,152592.671875,164941.28125,162840.84375,156073.1875,3483194.0,1.03756329908669
159827.265625,151385.96875,154017.671875,171979.8125,172858.59375,159419.328125,153913.078125,164042.65625,162892.4375,155887.890625,3499860.0,1.0425277167856695
159649.859375,156494.734375,154856.375,172578.125,172864.921875,112823.9453125,154083.609375,155651.046875,163318.484375,155604.140625,3516526.0,1.0474921344846488
159693.671875,157407.609375,157158.90625,172406.53125,173039.046875,154067.796875,154148.09375,163141.71875,161445.578125,155859.375,3533192.0,1.0524565521836282
159480.140625,159209.5,157803.8125,168536.25,172705.75,150987.046875,156695.984375,164762.125,164425.375,155728.234375,3549858.0,1.0574209698826076
159355.890625,157006.578125,157083.875,171023.1875,173099.390625,159586.171875,157285.625,163017.96875,163821.921875,154629.875,3566524.0,1.062385387581587
159949.84375,156398.734375,156710.90625,171855.734375,172566.34375,159766.921875,157808.0625,160246.109375,164091.828125,155919.359375,3583190.0,1.0673498052805663
159914.53125,157295.40625,158571.859375,153828.421875,172025.890625,155599.59375,155483.828125,160276.21875,164538.75,156891.5,3599856.0,1.0723142229795457
159649.5,157349.9375,157605.71875,171976.90625,172979.0,159789.171875,156106.59375,161686.46875,134817.171875,157307.15625,3616522.0,1.077278640678525
158952.234375,157250.09375,157416.609375,170262.65625,172993.375,159445.578125,156555.015625,163363.203125,164089.96875,155984.28125,3633188.0,1.0822430583775045
159962.203125,157464.3125,157521.359375,171423.828125,172709.5625,157233.546875,154062.59375,160386.296875,164184.625,151510.8125,3649854.0,1.0872074760764838
160019.875,156879.515625,157218.640625,171015.125,173090.421875,157788.5,155769.765625,159416.09375,163958.546875,150180.875,3666520.0,1.0921718937754632
158866.203125,159619.375,157534.3125,171641.515625,172193.09375,158077.328125,155611.34375,163633.515625,163211.8125,139457.703125,3683186.0,1.0971363114744426
159300.859375,159964.484375,157728.328125,172172.796875,172639.546875,159733.09375,157017.046875,163460.25,163522.828125,156287.59375,3699852.0,1.102100729173422
158265.34375,157630.9375,157640.25,171632.203125,172984.515625,159721.984375,154795.390625,164558.703125,162156.78125,149233.484375,3716518.0,1.1070651468724013
89067.71875,157821.359375,157796.796875,171158.578125,172831.421875,158295.265625,155376.75,163433.734375,162165.625,156742.125,3733184.0,1.1120295645713807
159899.484375,159627.125,157456.5,171678.0,173147.3125,157049.78125,157006.453125,162521.5625,163534.359375,155737.484375,3749850.0,1.11699398227036
158296.015625,160337.703125,158173.828125,170340.59375,172469.0625,159430.359375,156838.640625,165217.34375,160490.25,156102.5,3766516.0,1.1219583999693394
159559.84375,164643.078125,158306.65625,171930.421875,172664.265625,159748.8125,156767.71875,163100.28125,158797.78125,156379.25,3783182.0,1.1269228176683188
159777.4375,163135.953125,155610.109375,172540.125,172984.5625,159747.6875,154201.609375,164958.90625,164829.765625,156489.25,3799848.0,1.1318872353672982
159729.265625,161413.1875,157723.921875,168691.71875,172853.03125,158419.359375,157443.421875,163229.140625,162849.015625,156097.4375,3816514.0,1.1368516530662776
159116.640625,156556.03125,157926.375,171471.359375,172846.0625,158901.484375,77966.4609375,165244.5,163906.59375,151771.40625,3833180.0,1.141816070765257
158267.109375,162619.171875,158443.390625,171991.0625,172700.625,159548.375,157659.765625,164653.890625,163656.125,154131.28125,3849846.0,1.1467804884642363
159413.8125,162270.859375,157947.671875,163776.3125,171537.546875,159596.375,157295.984375,164420.890625,162044.5625,154960.015625,3866512.0,1.1517449061632157
159262.0,160370.015625,157902.71875,168589.03125,172227.046875,158084.96875,156339.15625,165062.25,159993.765625,154190.0625,3883178.0,1.156709323862195
159180.5625,163136.34375,157791.8125,171642.734375,172783.625,159837.390625,157067.203125,163822.609375,161892.90625,155481.1875,3899844.0,1.1616737415611744
158781.140625,160233.75,158461.703125,171425.421875,171146.21875,159828.296875,157204.96875,164491.34375,158962.125,155965.984375,3916510.0,1.166638159260154
158756.8125,161156.265625,157795.15625,171258.703125,171906.828125,158908.078125,157026.734375,164075.28125,127622.359375,157487.34375,3933176.0,1.1716025769591334
158213.390625,153086.078125,157917.203125,171806.71875,172683.90625,159398.9375,156248.65625,163926.859375,163167.3125,147455.265625,3949842.0,1.1765669946581128
142692.4375,153211.21875,157664.734375,168407.828125,171400.96875,159856.984375,156508.953125,163047.75,164253.125,150246.546875,3966508.0,1.1815314123570921
159799.4375,159276.15625,158280.65625,172278.53125,172720.5,159813.34375,157162.625,163023.015625,160942.984375,156105.53125,3983174.0,1.1864958300560715
159687.4375,162059.0625,157597.3125,171622.578125,171926.71875,159299.359375,157087.03125,157557.484375,106653.859375,157107.359375,3999840.0,1.1914602477550509
159071.109375,154986.921875,158049.390625,171819.875,172143.921875,159808.234375,154747.109375,164276.421875,162380.265625,155395.578125,4016506.0,1.1964246654540303
159565.015625,159969.203125,157744.921875,171127.4375,172263.15625,159927.609375,156328.4375,165215.421875,157848.796875,155744.0,4033172.0,1.2013890831530096
158195.296875,159969.90625,158807.65625,172277.96875,170972.03125,159923.46875,153700.609375,165338.234375,164109.40625,156342.5,4049838.0,1.206353500851989
160026.90625,160928.046875,157855.140625,169453.125,172721.140625,159708.4375,156675.265625,164907.75,164419.421875,156716.59375,4066504.0,1.2113179185509684
155585.1875,162293.953125,158596.75,164036.25,172564.9375,159475.71875,157038.265625,164742.5,159577.671875,156806.125,4083170.0,1.2162823362499477
159963.265625,161141.234375,157748.59375,171406.640625,172629.6875,159737.21875,157006.0625,163728.015625,163356.484375,157289.390625,4099836.0,1.2212467539489271
159930.703125,163327.6875,158672.421875,171325.453125,172450.03125,159608.71875,157788.546875,164128.578125,162731.890625,156496.15625,4116502.0,1.2262111716479065
159844.75,161408.53125,157722.328125,168181.734375,173158.984375,159181.28125,156025.9375,164767.734375,164361.28125,156547.71875,4133168.0,1.2311755893468859
158064.671875,159412.34375,158111.046875,171520.15625,172731.3125,159255.109375,156438.78125,164255.328125,162712.390625,156902.390625,4149834.0,1.2361400070458652
158312.53125,164109.5,157846.78125,170966.515625,172518.578125,159937.515625,155714.40625,163432.09375,163754.46875,157275.078125,4166500.0,1.2411044247448446
159440.984375,160506.546875,157324.78125,172364.09375,172592.015625,159893.375,156428.921875,163847.0,162094.0,157406.234375,4183166.0,1.246068842443824
159716.4375,163428.8125,158340.09375,171717.796875,172302.46875,159503.921875,154385.40625,164191.671875,162919.40625,157079.390625,4199832.0,1.2510332601428034
160103.15625,163599.21875,156393.8125,172156.609375,172513.640625,159814.28125,158587.4375,164084.15625,164340.9375,156482.71875,4216498.0,1.2559976778417827
160060.953125,162774.015625,157940.078125,172193.125,172853.40625,160032.984375,157489.296875,164968.578125,63922.0,157252.078125,4233164.0,1.260962095540762
159834.203125,162345.765625,158139.359375,172038.890625,171862.125,159953.671875,155954.78125,162463.5625,162510.625,153294.171875,4249830.0,1.2659265132397415
159162.75,161551.015625,157362.5,172130.9375,171349.640625,160083.171875,157158.203125,164870.21875,152436.46875,155094.625,4266496.0,1.2708909309387209
159473.75,162380.15625,158495.5,171085.015625,171831.21875,159983.09375,157090.703125,164955.890625,163226.421875,157422.4375,4283162.0,1.2758553486377002
159754.328125,163329.046875,158236.25,171900.15625,171998.015625,159951.859375,157355.8125,163197.171875,162947.0625,155478.328125,4299828.0,1.2808197663366796
159307.8125,161430.8125,157933.578125,171752.453125,172686.953125,160006.4375,157093.453125,165131.34375,163040.65625,157100.734375,4316494.0,1.285784184035659
159504.96875,160231.28125,157476.234375,172396.328125,172939.6875,159837.1875,153989.9375,164943.265625,163758.828125,157402.53125,4333160.0,1.2907486017346383
159942.953125,159418.703125,156468.21875,171638.6875,172523.015625,160061.5625,157075.140625,164146.015625,164020.25,156450.828125,4349826.0,1.2957130194336177
158729.34375,140040.671875,157572.890625,172355.71875,172752.203125,159852.0625,157606.09375,165087.515625,163569.78125,155545.640625,4366492.0,1.300677437132597
159388.609375,156285.015625,157544.09375,172101.828125,171954.546875,160081.765625,156224.671875,155233.34375,163953.75,156144.875,4383158.0,1.3056418548315765
160144.3125,159979.671875,157670.0,172369.671875,172736.0625,160105.890625,157165.5625,160681.84375,164064.203125,157218.96875,4399824.0,1.3106062725305558
158899.703125,157733.046875,115316.6171875,171623.984375,172765.65625,159989.15625,153234.171875,163856.015625,157465.328125,155141.75,4416490.0,1.3155706902295352
158842.375,158773.78125,157891.34375,172061.1875,172865.953125,159653.609375,157387.890625,165764.265625,154884.125,155696.078125,4433156.0,1.3205351079285146
160101.34375,160309.8125,157554.046875,172225.5,172918.1875,159972.03125,156868.03125,165257.40625,161086.765625,156060.484375,4449822.0,1.325499525627494
160175.703125,164635.8125,157026.1875,171733.125,172228.921875,160020.859375,156402.6875,164547.0,164829.171875,157106.953125,4466488.0,1.3304639433264733
158815.375,161366.5,158064.734375,171939.5625,171242.78125,159679.953125,157202.15625,163687.234375,162248.015625,157010.15625,4483154.0,1.3354283610254527
157788.21875,163154.765625,157789.296875,172156.703125,172917.296875,159864.046875,156795.21875,164880.71875,164225.203125,153858.84375,4499820.0,1.340392778724432
156402.25,161339.4375,159430.78125,157862.421875,171108.9375,159757.75,156872.5,160153.28125,162948.296875,156328.140625,4516486.0,1.3453571964234114
157491.875,164078.046875,158326.953125,171999.78125,172853.5,159903.3125,156908.96875,164718.59375,87410.1484375,156960.578125,4533152.0,1.3503216141223908
159878.21875,164697.671875,157626.796875,171113.953125,170983.15625,159565.15625,156940.859375,162766.5625,80503.921875,154703.21875,4549818.0,1.3552860318213702
160028.6875,163992.15625,157309.734375,171867.828125,172898.640625,160096.734375,158005.796875,165037.375,162592.890625,157053.375,4566484.0,1.3602504495203496
152966.078125,164379.28125,158046.390625,171397.9375,172802.296875,159468.46875,156779.890625,161900.171875,162059.140625,157141.5,4583150.0,1.365214867219329
159547.734375,161610.625,156800.84375,170830.9375,172732.0,160075.25,157116.765625,162161.453125,163106.21875,155189.859375,4599816.0,1.3701792849183083
159144.203125,163172.515625,157932.3125,172039.46875,172933.59375,159767.484375,157127.828125,160008.53125,163136.40625,156826.21875,4616482.0,1.3751437026172877
159809.046875,157761.265625,159080.765625,172315.203125,172132.234375,159609.09375,157310.8125,161822.75,161053.421875,157008.46875,4633148.0,1.3801081203162673
159724.640625,158398.53125,157578.71875,172372.96875,172042.71875,159703.03125,157486.640625,160428.796875,158901.953125,157292.359375,4649814.0,1.3850725380152467
159739.546875,159147.265625,157349.359375,171368.96875,164400.125,159267.953125,157175.59375,164301.203125,164329.359375,157500.046875,4666480.0,1.390036955714226
159622.15625,164193.84375,157480.25,171999.484375,172824.296875,159897.078125,156607.109375,164403.859375,159659.390625,157368.0625,4683146.0,1.3950013734132054
159552.6875,156103.90625,157654.46875,172206.40625,171790.484375,87518.8828125,157824.9375,165293.546875,160559.0,157075.9375,4699812.0,1.3999657911121848
159526.03125,163862.140625,157667.046875,171945.03125,172779.703125,159305.109375,157129.0,163592.34375,162283.640625,156725.140625,4716478.0,1.4049302088111641
159092.328125,158090.3125,155023.21875,172073.421875,172413.3125,159742.015625,156739.6875,162447.859375,164207.53125,156569.96875,4733144.0,1.4098946265101435
159136.78125,157557.0,156141.78125,171339.125,171843.640625,159865.28125,157644.78125,163474.53125,163202.078125,157537.875,4749810.0,1.414859044209123
159537.265625,160242.78125,158558.203125,172703.765625,172545.609375,157966.890625,157145.875,162164.15625,156767.09375,157249.546875,4766476.0,1.4198234619081023
159823.1875,161856.265625,158210.140625,172514.0,172813.21875,153504.6875,157315.640625,161248.46875,162110.796875,156815.28125,4783142.0,1.4247878796070816
159514.0,163071.84375,159266.34375,172172.75,172702.984375,157417.984375,158088.0,160863.734375,162969.375,157313.84375,4799808.0,1.429752297306061
160248.453125,156420.828125,156821.203125,172437.625,172820.265625,158100.859375,157416.765625,163142.3125,160444.1875,157106.984375,4816474.0,1.4347167150050404
159864.015625,157817.5625,158040.671875,171943.234375,172673.46875,159288.0,157334.609375,162215.390625,161108.09375,157061.453125,4833140.0,1.4396811327040198
160115.625,159962.484375,157513.6875,171983.5,172725.625,159242.0,158397.203125,162383.609375,162742.734375,156807.640625,4849806.0,1.4446455504029991
159919.234375,155767.71875,157838.609375,171433.84375,172648.484375,158678.375,157058.890625,162203.765625,158173.53125,157630.734375,4866472.0,1.4496099681019785
159870.515625,160475.21875,155948.828125,171478.375,172685.25,158194.625,158024.46875,159820.8125,163948.5625,156721.859375,4883138.0,1.4545743858009579
159991.453125,161919.53125,157879.25,171299.28125,172577.015625,158446.09375,155618.625,162979.015625,164127.21875,156450.1875,4899804.0,1.4595388034999373
159796.5625,159531.3125,158413.625,171653.9375,172529.65625,157080.5625,154724.546875,159648.875,164743.421875,157381.953125,4916470.0,1.4645032211989166
159988.984375,153817.734375,158641.125,171021.03125,172808.703125,156601.75,155802.171875,162979.140625,162408.171875,157425.453125,4933136.0,1.469467638897896
160002.71875,160600.796875,157896.484375,170442.171875,172091.5625,158763.015625,154959.359375,161938.875,163455.609375,157614.125,4949802.0,1.4744320565968754
160068.859375,157194.109375,157547.84375,172201.6875,172494.953125,158820.296875,156672.703125,165000.828125,156718.9375,156760.703125,4966468.0,1.4793964742958547
159862.34375,163029.625,156562.078125,172486.5625,172593.296875,157887.5625,156365.28125,158840.078125,163862.96875,154746.5,4983134.0,1.4843608919948341
160065.296875,163618.734375,157532.828125,171914.921875,172664.390625,154904.4375,155477.609375,159206.078125,159890.859375,157248.53125,4999800.0,1.4893253096938135
