eval/return/x1f2trra,eval/return/wu62e70u,eval/return/rpme6gc1,eval/return/o0naydrt,eval/return/ay38igga,eval/return/ovigzt0h,eval/return/lrgdwhpn,eval/return/dow2i9br,eval/return/9nruyw6u,eval/return/dw4pzyrs,step,wallclock
-54.76814651489258,-349.9018249511719,-45.441226959228516,-264.1157531738281,-225.01516723632812,-427.7042541503906,-124.42304229736328,-375.6905517578125,-187.916015625,-1059.8995361328125,1.0,0.0
1089.5811767578125,349.301513671875,767.517333984375,566.854248046875,64.20580291748047,316.6772766113281,127.82624053955078,1173.290771484375,421.70013427734375,593.5782470703125,16666.0,0.0027069528416351035
3094.079345703125,3168.884521484375,2921.99365234375,1928.7001953125,2587.26220703125,2474.758544921875,3279.647705078125,2643.048095703125,971.1988525390625,2113.098876953125,33332.0,0.005413905683270207
4879.16943359375,4751.89404296875,3985.2470703125,3585.781494140625,4240.02099609375,4553.4697265625,4515.24072265625,4569.2998046875,3463.006103515625,3579.55078125,49998.0,0.00812085852490531
5382.61767578125,6611.10595703125,4720.3115234375,4406.8642578125,4547.19091796875,5292.12841796875,4921.84765625,4947.58740234375,3920.196044921875,4662.28271484375,66664.0,0.010827811366540414
5642.7734375,7196.041015625,5365.44775390625,4368.9296875,5428.10595703125,5586.94580078125,5546.7919921875,6421.22900390625,4175.53759765625,5321.9052734375,83330.0,0.013534764208175518
6036.92578125,7509.666015625,5623.861328125,5893.61328125,5566.31982421875,6163.43408203125,6846.59033203125,6862.03759765625,4985.82861328125,6074.86328125,99996.0,0.01624171704981062
6129.974609375,7102.6572265625,6163.23681640625,6286.958984375,5594.015625,6266.7294921875,7319.44677734375,7507.126953125,5556.37548828125,6409.03271484375,116662.0,0.018948669891445724
6549.208984375,8086.544921875,5957.45654296875,6554.34326171875,5975.095703125,5007.48046875,7979.26904296875,7830.29296875,5947.55419921875,6780.125,133328.0,0.021655622733080828
6635.42236328125,8001.50390625,6803.58349609375,6853.0595703125,5968.88134765625,6554.68603515625,8356.298828125,8448.166015625,5850.25,6772.634765625,149994.0,0.024362575574715932
6913.3310546875,8249.91796875,6911.294921875,6749.08447265625,6371.51416015625,7059.052734375,7700.80224609375,8651.349609375,6146.001953125,7327.34765625,166660.0,0.027069528416351036
7131.75927734375,8385.322265625,7168.404296875,7019.9052734375,6606.09716796875,7149.23095703125,8544.501953125,9132.2099609375,6237.068359375,7750.36328125,183326.0,0.02977648125798614
7171.39892578125,8261.49609375,7813.7529296875,7199.087890625,6639.81005859375,7124.34619140625,8771.330078125,9168.4765625,6497.2890625,8147.60400390625,199992.0,0.03248343409962124
7446.29345703125,8596.2353515625,7793.03515625,7525.978515625,6921.66943359375,7743.98681640625,9228.1943359375,8803.2197265625,6557.79150390625,8165.8525390625,216658.0,0.03519038694125635
7496.19091796875,8786.916015625,8361.25,7606.42333984375,7057.3779296875,7558.90625,9401.4169921875,9254.8974609375,6700.6025390625,8447.7998046875,233324.0,0.03789733978289145
7780.45849609375,8885.20703125,8590.0986328125,7767.705078125,6849.7646484375,8072.95556640625,9606.0966796875,8894.9345703125,6825.2890625,8318.7021484375,249990.0,0.040604292624526556
7800.51513671875,9210.1083984375,8608.09375,7703.56201171875,7246.33349609375,8448.306640625,9817.935546875,9564.5546875,6948.40185546875,8729.7353515625,266656.0,0.043311245466161656
7928.2255859375,9412.7265625,9321.0322265625,7883.7978515625,7373.1884765625,8256.7900390625,9540.505859375,9567.9921875,6958.8125,9023.8681640625,283322.0,0.04601819830779676
7872.0595703125,9403.5244140625,9473.0439453125,8354.271484375,7184.59521484375,8203.5908203125,9843.322265625,9750.9111328125,7103.23291015625,8738.68359375,299988.0,0.048725151149431864
8407.0029296875,9268.7275390625,9544.162109375,8174.11181640625,7541.89697265625,8166.171875,9583.1435546875,9852.3623046875,7351.61865234375,9256.568359375,316654.0,0.051432103991066964
8471.89453125,9294.5654296875,9744.087890625,8650.4990234375,7830.4970703125,8834.50390625,9678.2275390625,10058.501953125,7316.67919921875,9119.470703125,333320.0,0.05413905683270207
8407.1162109375,9542.5947265625,9919.2841796875,8629.1875,7815.17626953125,8801.056640625,10156.9990234375,9976.541015625,7524.43310546875,9502.8330078125,349986.0,0.05684600967433717
8577.0341796875,9563.1953125,9627.6240234375,8717.4296875,8276.95703125,9268.5908203125,10107.1357421875,9842.0869140625,7508.99169921875,9790.6806640625,366652.0,0.05955296251597228
8396.763671875,9890.2265625,10069.1552734375,9024.5966796875,8200.916015625,9364.0458984375,10259.8359375,10141.275390625,7426.61328125,9417.49609375,383318.0,0.06225991535760738
8728.6923828125,9261.0380859375,9980.0458984375,9108.482421875,8674.240234375,9750.5908203125,10491.1240234375,9978.58984375,7540.5419921875,9659.1396484375,399984.0,0.06496686819924248
8785.958984375,9763.1259765625,10011.720703125,9458.833984375,8561.6484375,9519.9873046875,10377.81640625,10448.1845703125,7583.828125,9589.671875,416650.0,0.06767382104087759
8917.6591796875,9968.525390625,10304.35546875,9255.841796875,8535.076171875,9597.193359375,10315.7041015625,10466.447265625,7786.12646484375,9459.7333984375,433316.0,0.0703807738825127
8846.9072265625,10146.1044921875,10097.0048828125,9544.7548828125,8605.8505859375,9476.8837890625,10486.712890625,10093.0625,7795.03173828125,9596.6162109375,449982.0,0.07308772672414779
8727.712890625,9867.900390625,10069.0439453125,9250.298828125,9067.6689453125,10439.42578125,10312.6845703125,10226.5087890625,8001.89599609375,9050.138671875,466648.0,0.0757946795657829
9195.8017578125,10149.4013671875,10765.52734375,9403.07421875,8935.9638671875,10395.0595703125,10932.779296875,10483.63671875,7746.4638671875,9698.150390625,483314.0,0.078501632407418
8911.796875,10531.5556640625,10726.8154296875,9524.0595703125,8816.7158203125,10366.37890625,10796.7744140625,10584.416015625,7996.0244140625,10129.6025390625,499980.0,0.08120858524905311
9119.9921875,10635.3037109375,11034.97265625,9903.0732421875,9257.0478515625,10373.0283203125,10874.580078125,10651.8828125,7928.46826171875,10283.9248046875,516646.0,0.0839155380906882
9590.3271484375,10583.2880859375,10704.9697265625,9699.291015625,9141.7578125,10692.96875,11314.76171875,10482.0166015625,8374.4404296875,8769.95703125,533312.0,0.08662249093232331
10025.17578125,10590.1826171875,10597.2060546875,9704.8759765625,8993.0390625,10385.654296875,10965.498046875,10611.029296875,8372.98046875,10400.041015625,549978.0,0.08932944377395842
9299.16796875,10679.5029296875,11185.423828125,9867.5986328125,9506.3154296875,10487.458984375,11278.2783203125,10068.6884765625,8179.18798828125,10301.451171875,566644.0,0.09203639661559351
9761.119140625,10664.4951171875,11148.8486328125,10383.23828125,9416.548828125,10629.7421875,10896.20703125,10526.8828125,8315.142578125,10571.447265625,583310.0,0.09474334945722862
9636.439453125,11050.669921875,11173.7255859375,9728.130859375,9225.9501953125,10530.923828125,10253.2373046875,10714.935546875,8328.1796875,10132.6982421875,599976.0,0.09745030229886373
9730.8125,8746.1357421875,10903.591796875,10211.224609375,9624.3828125,10677.3720703125,11210.44921875,10605.39453125,8480.3896484375,10462.6318359375,616642.0,0.10015725514049884
9899.2138671875,10615.337890625,11276.9580078125,10161.60546875,9248.9248046875,10650.8056640625,11406.7587890625,10935.5185546875,8425.017578125,10282.033203125,633308.0,0.10286420798213393
9965.69140625,11225.138671875,11265.8642578125,10277.7470703125,9552.5068359375,10657.6123046875,11337.095703125,11071.1982421875,8328.181640625,10271.9208984375,649974.0,0.10557116082376904
9843.681640625,11180.9609375,11488.4091796875,10404.6318359375,9493.8525390625,10879.748046875,11014.744140625,11023.0869140625,8443.7041015625,10523.349609375,666640.0,0.10827811366540414
10092.1484375,11221.607421875,11527.5966796875,10153.83984375,9999.798828125,11127.4091796875,10917.7841796875,10588.2939453125,8599.634765625,10687.533203125,683306.0,0.11098506650703924
10303.4267578125,11417.0810546875,11570.3369140625,10483.7021484375,9631.654296875,11240.8916015625,11398.2763671875,10814.7548828125,8467.7099609375,10532.9052734375,699972.0,0.11369201934867434
9395.6435546875,11652.021484375,11767.185546875,10614.5712890625,9174.0693359375,11028.53125,10943.12890625,10921.8642578125,8536.587890625,9839.1767578125,716638.0,0.11639897219030945
10094.6630859375,11806.3759765625,11831.0517578125,10301.341796875,10051.8310546875,11131.2822265625,11397.5556640625,11057.5810546875,8228.5126953125,10597.3662109375,733304.0,0.11910592503194456
10238.306640625,11024.4765625,11726.7197265625,10594.0703125,9816.9423828125,11210.662109375,11403.685546875,11191.7841796875,8382.716796875,10372.4326171875,749970.0,0.12181287787357965
10595.767578125,11434.6767578125,11877.82421875,10830.294921875,10283.2548828125,11283.71875,11507.177734375,11166.77734375,8476.0185546875,10752.4599609375,766636.0,0.12451983071521476
10368.09765625,11955.8759765625,11413.9248046875,10631.8076171875,10291.0615234375,11316.6796875,11832.2529296875,11251.2998046875,8741.298828125,10740.767578125,783302.0,0.12722678355684985
10587.2177734375,11879.1171875,11863.17578125,10737.1357421875,10190.3037109375,11374.0185546875,11549.9189453125,10823.50390625,8710.6337890625,10675.3271484375,799968.0,0.12993373639848496
10739.5234375,11832.9541015625,12051.8388671875,11137.8974609375,10362.3701171875,11065.544921875,11639.81640625,11110.5546875,8692.47265625,10323.6982421875,816634.0,0.13264068924012007
10933.84375,11976.1083984375,11945.0146484375,11050.8154296875,10243.0966796875,11219.2314453125,11799.345703125,11389.0830078125,8744.865234375,10813.8193359375,833300.0,0.13534764208175518
11050.328125,12482.4716796875,11861.220703125,11199.26171875,10439.8896484375,11383.705078125,11298.1123046875,11231.7744140625,8632.4931640625,10966.05078125,849966.0,0.13805459492339028
10730.810546875,12341.142578125,11984.5478515625,11191.912109375,9962.0302734375,11422.35546875,11639.8916015625,11377.384765625,8647.2890625,10955.6865234375,866632.0,0.1407615477650254
10916.6064453125,11250.2939453125,12339.4345703125,11146.4658203125,10056.380859375,11266.91796875,11246.1689453125,11384.9443359375,8552.3330078125,10756.59375,883298.0,0.1434685006066605
10925.513671875,11921.1513671875,12318.5830078125,11355.04296875,10303.8076171875,10804.5400390625,11168.4111328125,11268.501953125,8549.1162109375,10665.1875,899964.0,0.14617545344829558
10970.7548828125,11678.5244140625,11822.3935546875,11078.765625,10548.783203125,11430.197265625,11962.7919921875,11574.37109375,8868.171875,10782.6396484375,916630.0,0.14888240628993069
11122.7158203125,11772.0380859375,12208.57421875,11306.8203125,10257.9658203125,11458.5341796875,11906.1279296875,11205.1533203125,8711.7734375,8428.337890625,933296.0,0.1515893591315658
11163.013671875,11158.9404296875,11885.7841796875,11493.724609375,10385.3857421875,11551.6953125,11853.7353515625,11364.841796875,8865.357421875,11016.310546875,949962.0,0.1542963119732009
11216.6455078125,12205.5322265625,12364.6337890625,11333.0146484375,10564.4853515625,11413.65625,11851.09375,11167.037109375,8849.57421875,11045.7841796875,966628.0,0.157003264814836
11351.515625,12834.9111328125,12245.51953125,11091.3603515625,10688.216796875,11583.986328125,11309.40234375,11007.4951171875,8906.453125,10718.49609375,983294.0,0.15971021765647112
11237.3173828125,12531.349609375,12452.84765625,11727.41796875,10464.1103515625,11468.6455078125,12455.5224609375,11016.595703125,8899.6572265625,10955.888671875,999960.0,0.16241717049810622
11498.2880859375,12086.3984375,12254.8193359375,11517.1220703125,10897.4345703125,11491.6474609375,12150.4833984375,11482.865234375,8822.8056640625,11215.9833984375,1016626.0,0.1651241233397413
11470.63671875,12493.447265625,12515.2666015625,11526.11328125,10617.505859375,11669.642578125,12014.2890625,11724.873046875,8848.875,11282.0146484375,1033292.0,0.1678310761813764
11609.638671875,12799.6640625,12656.8369140625,11794.8525390625,10715.701171875,11555.9013671875,12259.0283203125,11694.849609375,8654.56640625,11318.6728515625,1049958.0,0.17053802902301152
11364.8154296875,12474.046875,12571.1787109375,11852.443359375,10744.046875,11572.4619140625,12401.4609375,11775.353515625,8707.1181640625,11390.3857421875,1066624.0,0.17324498186464662
11476.974609375,13085.4169921875,12365.4345703125,11980.1943359375,10415.259765625,11490.291015625,12290.072265625,11690.66015625,8275.529296875,10998.6123046875,1083290.0,0.17595193470628173
11452.119140625,13392.8330078125,12886.615234375,11778.5400390625,10771.8427734375,11621.2958984375,12126.1435546875,11685.3447265625,8913.001953125,11154.51953125,1099956.0,0.17865888754791684
11115.791015625,14120.1650390625,12199.908203125,12222.890625,10639.328125,11517.6708984375,12370.0947265625,11454.42578125,8788.0029296875,11218.6630859375,1116622.0,0.18136584038955195
11706.0244140625,13061.140625,12837.0087890625,12180.0,10785.056640625,11947.7685546875,11895.623046875,11325.8779296875,9089.642578125,11335.412109375,1133288.0,0.18407279323118703
11189.7392578125,13242.33984375,12567.08984375,12229.9345703125,10742.3193359375,11628.107421875,12077.8505859375,12124.568359375,9076.80078125,11285.68359375,1149954.0,0.18677974607282213
11983.298828125,13951.712890625,12481.54296875,12222.98828125,10860.8603515625,11756.76953125,12546.09765625,11697.5771484375,8948.583984375,11195.86328125,1166620.0,0.18948669891445724
12274.81640625,13039.71875,12777.1044921875,12498.6630859375,10969.51953125,11714.6376953125,12621.5029296875,11767.05078125,8975.8759765625,11449.0791015625,1183286.0,0.19219365175609235
12107.7392578125,13258.7080078125,12722.787109375,11911.068359375,11025.42578125,11916.2294921875,12542.06640625,11712.6416015625,8985.7490234375,11541.6884765625,1199952.0,0.19490060459772746
12344.875,13571.642578125,12884.68359375,12186.958984375,10839.267578125,11927.6787109375,12767.66796875,11281.353515625,8977.560546875,11649.8623046875,1216618.0,0.19760755743936256
12515.30859375,14097.962890625,13031.29296875,13056.572265625,11112.6171875,12068.0234375,12351.05078125,11480.5078125,9114.208984375,11328.5771484375,1233284.0,0.20031451028099767
12648.841796875,12667.08984375,13113.66796875,12078.9169921875,10684.4873046875,12081.890625,12508.9541015625,12055.03125,9124.1015625,11721.1982421875,1249950.0,0.20302146312263275
11947.59375,13107.4326171875,12705.15625,12339.9150390625,10941.9501953125,11821.439453125,11374.5556640625,12050.4208984375,9050.6552734375,11372.3740234375,1266616.0,0.20572841596426786
12361.2021484375,13602.76953125,12849.5537109375,13478.2099609375,10572.845703125,11813.9658203125,12482.44921875,11683.3974609375,8829.8359375,11728.9248046875,1283282.0,0.20843536880590297
12677.697265625,13910.07421875,13169.701171875,13004.498046875,10925.63671875,11811.806640625,13179.0234375,11773.7119140625,9005.111328125,11787.1455078125,1299948.0,0.21114232164753807
11868.6044921875,13720.126953125,13064.7001953125,13034.1435546875,10713.1865234375,11909.4072265625,12206.3095703125,11970.3779296875,1659.309326171875,11804.291015625,1316614.0,0.21384927448917318
12879.4736328125,13684.3232421875,12964.54296875,12473.529296875,11124.255859375,11876.8701171875,13285.5732421875,11984.15625,8781.611328125,11506.3095703125,1333280.0,0.2165562273308083
12211.5732421875,13776.4287109375,12799.9638671875,13172.791015625,11037.06640625,11951.408203125,12298.06640625,12229.1591796875,9251.818359375,11798.7880859375,1349946.0,0.2192631801724434
12233.78125,13255.1787109375,13309.8955078125,13982.42578125,11204.244140625,11700.453125,12656.6005859375,12111.9873046875,8889.681640625,11766.6201171875,1366612.0,0.22197013301407847
12360.8095703125,14436.0732421875,12981.796875,11961.283203125,11328.068359375,12099.2470703125,13713.6083984375,12341.841796875,9317.197265625,11677.0703125,1383278.0,0.22467708585571358
12550.404296875,13345.0947265625,13396.2451171875,12775.990234375,10858.2021484375,11542.2138671875,13517.7958984375,12070.6162109375,9631.9921875,11498.9052734375,1399944.0,0.2273840386973487
12800.087890625,13313.5234375,13227.576171875,14035.6484375,11137.328125,12069.2001953125,13106.07421875,12102.1201171875,9666.328125,11961.5615234375,1416610.0,0.2300909915389838
12921.7421875,14232.26953125,13119.84765625,14104.205078125,11061.7373046875,11573.779296875,13911.7724609375,12070.3046875,9505.0498046875,12176.376953125,1433276.0,0.2327979443806189
12983.4501953125,13866.537109375,13275.6259765625,13084.25390625,11094.9970703125,12341.099609375,13653.3125,12628.853515625,9545.9619140625,12329.2060546875,1449942.0,0.235504897222254
12444.533203125,13874.939453125,13069.724609375,14001.6689453125,11029.9580078125,12253.5888671875,13649.5654296875,12220.9091796875,9385.4658203125,12465.2646484375,1466608.0,0.23821185006388912
12825.6435546875,13911.728515625,13047.23046875,14400.9033203125,11526.861328125,12016.8603515625,13429.431640625,11941.775390625,9677.0712890625,12296.5673828125,1483274.0,0.2409188029055242
12220.6162109375,13264.4345703125,13249.2138671875,14212.8603515625,11056.9775390625,12147.2109375,13512.0673828125,12203.7646484375,9637.0341796875,12235.3134765625,1499940.0,0.2436257557471593
12932.681640625,14096.6640625,13358.69921875,14896.0791015625,11294.8291015625,12449.775390625,12923.4404296875,11751.693359375,9418.8369140625,12327.154296875,1516606.0,0.2463327085887944
13010.2861328125,14444.62890625,13685.453125,13504.5625,11288.494140625,12441.333984375,13147.578125,11851.6865234375,9658.4169921875,12720.20703125,1533272.0,0.24903966143042952
13199.4130859375,14433.3291015625,13436.349609375,13603.90234375,11211.705078125,12706.2333984375,13591.0556640625,12282.919921875,9608.33203125,11821.66015625,1549938.0,0.25174661427206463
12243.6171875,14477.2939453125,13879.1826171875,14414.1806640625,11202.6962890625,12523.2294921875,14293.59375,12308.306640625,9601.66796875,12429.6083984375,1566604.0,0.2544535671136997
12915.44140625,14574.3408203125,13660.6044921875,14440.1162109375,11291.138671875,12467.9775390625,13913.1376953125,12628.8828125,10357.787109375,12863.62109375,1583270.0,0.25716051995533484
13358.25390625,14189.013671875,13762.4453125,14450.4794921875,11437.8974609375,12449.5302734375,14367.166015625,12224.0771484375,9702.2158203125,12118.828125,1599936.0,0.2598674727969699
12709.8203125,14410.3974609375,14177.783203125,14822.4052734375,11174.4873046875,11970.3095703125,13859.9873046875,12266.560546875,9742.5107421875,12544.6337890625,1616602.0,0.26257442563860506
13335.267578125,14392.8388671875,13773.0244140625,14560.8701171875,11433.404296875,12204.8876953125,14210.8798828125,12133.2978515625,9814.51953125,11694.927734375,1633268.0,0.26528137848024014
13444.7705078125,14596.2138671875,14130.732421875,14929.0966796875,11353.3837890625,12544.1484375,12961.626953125,12645.4814453125,9598.884765625,12491.64453125,1649934.0,0.2679883313218753
13213.1123046875,14440.4619140625,13461.197265625,14527.5380859375,11222.984375,12980.3779296875,13977.833984375,12289.6435546875,9865.490234375,12097.5712890625,1666600.0,0.27069528416351035
13067.23046875,14414.0458984375,14794.392578125,14855.4296875,11298.705078125,12834.8212890625,14703.2431640625,12288.4326171875,9921.3310546875,12404.8251953125,1683266.0,0.27340223700514543
13243.939453125,14130.09765625,14438.9521484375,14735.9921875,11185.119140625,13086.3056640625,15067.5703125,12404.2255859375,9678.7490234375,12268.984375,1699932.0,0.27610918984678057
13373.34765625,14002.806640625,14345.37109375,14885.6962890625,11250.4208984375,12457.2607421875,14116.3798828125,12646.548828125,9683.01171875,12953.3505859375,1716598.0,0.27881614268841565
13242.31640625,14563.0166015625,14756.7998046875,14782.6767578125,11398.646484375,12796.4443359375,14400.140625,12590.857421875,10003.7216796875,13078.8017578125,1733264.0,0.2815230955300508
13701.5615234375,14731.6279296875,14616.1533203125,14450.87890625,11136.3740234375,13349.4267578125,14504.1484375,12635.4990234375,9572.90234375,12707.10546875,1749930.0,0.28423004837168586
13524.79296875,14414.7373046875,14661.4306640625,14904.98046875,11176.9267578125,13024.3818359375,14719.0791015625,12487.1328125,9748.9423828125,13068.2099609375,1766596.0,0.286937001213321
12920.2724609375,14484.439453125,14467.29296875,14841.24609375,11299.220703125,12982.3544921875,14874.3828125,12567.072265625,10009.3330078125,13208.833984375,1783262.0,0.2896439540549561
13186.8505859375,14615.9755859375,14704.9345703125,14970.32421875,11364.1025390625,13295.1171875,15009.9814453125,12790.5,9672.712890625,12854.1318359375,1799928.0,0.29235090689659116
13360.8271484375,14503.24609375,14245.7001953125,14584.95703125,11254.8359375,13413.2333984375,15136.1669921875,12885.2734375,9742.05859375,12704.404296875,1816594.0,0.2950578597382263
13630.26953125,14406.5908203125,14539.02734375,15290.28125,11491.2568359375,12982.03125,14551.91015625,12842.3984375,9733.0,13380.4736328125,1833260.0,0.29776481257986137
13545.3818359375,14479.0732421875,15014.3046875,14893.2890625,11325.388671875,13106.71484375,14770.798828125,12661.34375,10187.1103515625,13166.7265625,1849926.0,0.3004717654214965
13068.5380859375,14607.3828125,14226.66015625,14971.662109375,11287.7919921875,12961.90234375,14490.3564453125,12744.6728515625,9545.9365234375,12884.1611328125,1866592.0,0.3031787182631316
13587.2060546875,14528.36328125,14726.9892578125,14775.6884765625,11551.8720703125,13036.025390625,15030.23828125,12677.7568359375,10012.2568359375,13338.419921875,1883258.0,0.3058856711047667
12925.896484375,14685.3544921875,14314.287109375,15090.70703125,11015.7890625,13752.46484375,15563.830078125,12679.6611328125,10339.4453125,13323.564453125,1899924.0,0.3085926239464018
13699.0400390625,14244.4716796875,14081.646484375,15211.296875,11449.3486328125,10741.203125,14561.7236328125,12596.853515625,10262.388671875,12663.4912109375,1916590.0,0.3112995767880369
13284.94140625,14514.30859375,15003.0576171875,14836.6376953125,11476.626953125,13489.4638671875,14796.919921875,12100.8828125,9859.0693359375,13286.5234375,1933256.0,0.314006529629672
13524.36328125,14738.3916015625,15014.1376953125,15133.955078125,11293.71484375,13206.64453125,15419.2353515625,12902.001953125,9714.5849609375,12975.9736328125,1949922.0,0.3167134824713071
13613.470703125,14503.3076171875,15106.099609375,15266.4970703125,11146.2724609375,14212.181640625,15117.4736328125,12770.87890625,10221.466796875,12963.15234375,1966588.0,0.31942043531294223
13760.2578125,14218.3828125,15192.09375,14853.42578125,11444.61328125,13308.515625,15527.0341796875,12672.3544921875,9816.1494140625,13288.654296875,1983254.0,0.3221273881545773
13578.1064453125,14705.9970703125,15001.8603515625,15191.4658203125,11441.2568359375,13236.1328125,15529.447265625,12877.09765625,10225.3232421875,13420.466796875,1999920.0,0.32483434099621245
13888.1787109375,14317.3173828125,9024.216796875,15008.296875,11037.6044921875,13234.8369140625,15203.8310546875,12843.185546875,9707.3271484375,13499.5048828125,2016586.0,0.3275412938378475
13657.55859375,14123.4892578125,15235.08203125,14985.2109375,11276.34765625,13473.703125,14782.2666015625,12429.2001953125,10432.7724609375,13377.365234375,2033252.0,0.3302482466794826
12595.1396484375,14403.26953125,15445.5322265625,15342.515625,11580.685546875,14121.525390625,15565.1123046875,12696.0703125,10003.65625,13083.650390625,2049918.0,0.33295519952111774
13592.2744140625,14442.74609375,15212.8603515625,15108.09375,11379.5546875,13842.029296875,15135.52734375,12470.8828125,9912.4658203125,13313.7236328125,2066584.0,0.3356621523627528
13781.0048828125,14985.5546875,15406.4970703125,15220.279296875,11556.927734375,13463.0302734375,14288.4853515625,12833.380859375,10061.19140625,12559.0458984375,2083250.0,0.33836910520438795
13620.98046875,14609.4814453125,15140.4189453125,15253.2119140625,11417.556640625,14611.5546875,15193.3291015625,12337.3642578125,10145.9873046875,13008.7490234375,2099916.0,0.34107605804602303
13688.1298828125,14727.1435546875,15158.2802734375,15254.619140625,11612.1259765625,13895.6435546875,15545.4326171875,13139.3369140625,10432.4365234375,13550.7080078125,2116582.0,0.34378301088765817
-287.6788330078125,14677.6142578125,15308.2470703125,15038.6748046875,11320.021484375,14211.7099609375,15413.8046875,12891.5390625,9711.6064453125,12809.130859375,2133248.0,0.34648996372929325
13988.8544921875,14874.9521484375,15196.0029296875,15107.1875,11313.4775390625,13910.3349609375,15677.98046875,12642.1923828125,9875.373046875,12971.427734375,2149914.0,0.34919691657092833
13062.5869140625,14722.2958984375,15406.642578125,15057.2041015625,11603.732421875,13630.16796875,15443.853515625,13118.908203125,10452.349609375,13464.6220703125,2166580.0,0.35190386941256346
14102.447265625,14798.8212890625,15054.52734375,15104.5537109375,11316.9140625,14368.0654296875,15897.08203125,12875.4423828125,10271.9609375,13110.208984375,2183246.0,0.35461082225419854
13745.88671875,14557.7646484375,15415.0380859375,15115.173828125,11442.0830078125,13946.2548828125,15575.1884765625,13137.15625,10422.7685546875,13550.0712890625,2199912.0,0.3573177750958337
14368.470703125,14652.4443359375,15100.9501953125,15274.2177734375,11531.6005859375,14782.408203125,15799.3857421875,13339.1201171875,10050.3154296875,13266.8798828125,2216578.0,0.36002472793746876
13478.9365234375,14989.4912109375,15438.3134765625,15215.642578125,11651.849609375,14425.0703125,15669.158203125,13413.84375,10199.0244140625,13671.255859375,2233244.0,0.3627316807791039
13896.75390625,14943.4609375,15443.736328125,15264.2958984375,11663.693359375,14292.8447265625,15647.9619140625,13188.169921875,10127.5625,13494.04296875,2249910.0,0.365438633620739
14812.1015625,14746.7646484375,14964.73046875,15208.2734375,11329.423828125,14317.6787109375,16075.4287109375,13183.1787109375,10101.28125,13474.90234375,2266576.0,0.36814558646237405
12450.9453125,14500.857421875,15434.5234375,15182.6162109375,11873.30859375,14631.0439453125,15050.513671875,12994.2587890625,10244.3896484375,13436.7177734375,2283242.0,0.3708525393040092
14685.7783203125,14687.6083984375,14890.7890625,15129.8271484375,11837.3984375,14264.8388671875,15623.560546875,12120.5966796875,9995.4619140625,12618.4501953125,2299908.0,0.37355949214564427
14573.390625,14633.490234375,15630.1298828125,15344.1455078125,11529.1220703125,14335.638671875,14980.259765625,13323.7705078125,10179.017578125,13289.8759765625,2316574.0,0.3762664449872794
14578.0537109375,14657.0107421875,15711.4013671875,15226.314453125,11594.62890625,14276.7490234375,15984.2392578125,13166.099609375,10376.958984375,13443.150390625,2333240.0,0.3789733978289145
15019.8203125,14448.9541015625,15784.693359375,15237.1962890625,11681.435546875,14239.2216796875,15638.0869140625,13239.7626953125,10160.0107421875,13641.19140625,2349906.0,0.3816803506705496
14981.623046875,14819.6455078125,15908.05859375,15288.3740234375,11542.525390625,14403.0244140625,16026.37109375,13044.34765625,10055.3037109375,13682.3681640625,2366572.0,0.3843873035121847
15656.484375,15060.41015625,15198.462890625,15493.6220703125,11714.7529296875,14049.5107421875,16450.3125,13385.169921875,9738.814453125,13175.32421875,2383238.0,0.3870942563538198
15381.1943359375,14950.4619140625,15474.5654296875,15073.09375,11562.48828125,14348.6943359375,16067.271484375,13617.5927734375,10418.501953125,13468.6328125,2399904.0,0.3898012091954549
15270.119140625,14499.35546875,15446.45703125,15273.646484375,11449.4775390625,14332.208984375,15695.7890625,13619.9638671875,10083.849609375,13472.216796875,2416570.0,0.39250816203709
15189.98828125,14291.5009765625,15713.5029296875,15518.4951171875,11483.408203125,14199.2412109375,15163.986328125,13580.0546875,10009.703125,13592.53125,2433236.0,0.3952151148787251
15263.595703125,14566.59375,15742.5009765625,15111.255859375,11901.029296875,14070.8505859375,15919.400390625,13428.6962890625,10240.169921875,13680.6943359375,2449902.0,0.3979220677203602
14640.2216796875,14615.6015625,15628.091796875,15364.728515625,11726.0869140625,14581.439453125,16008.4296875,13504.5146484375,10067.62890625,13683.6279296875,2466568.0,0.40062902056199534
15485.6201171875,14857.5439453125,15838.3896484375,15172.3388671875,11848.783203125,14560.6318359375,16161.9453125,13410.7021484375,9914.037109375,13784.9619140625,2483234.0,0.4033359734036304
15244.0498046875,14852.7255859375,15712.0341796875,15118.0498046875,11163.6123046875,14832.00390625,16011.87109375,13762.037109375,10109.5537109375,13930.556640625,2499900.0,0.4060429262452655
14859.7822265625,14676.0888671875,15770.0693359375,14898.791015625,11637.2119140625,14506.1796875,15976.8798828125,13676.11328125,10158.23828125,13762.42578125,2516566.0,0.40874987908690064
15098.99609375,14845.1376953125,15822.462890625,15393.3818359375,11697.7490234375,14327.9189453125,15860.3251953125,13436.5283203125,9986.513671875,13776.0458984375,2533232.0,0.4114568319285357
15498.7587890625,14849.8115234375,16060.3798828125,15343.900390625,11505.6337890625,14302.5380859375,15822.0966796875,13789.3662109375,10238.2724609375,14058.3974609375,2549898.0,0.41416378477017085
15421.658203125,14590.134765625,15857.9140625,15269.2783203125,11527.5263671875,14079.1474609375,16249.7138671875,13438.7900390625,10337.5380859375,13801.3564453125,2566564.0,0.41687073761180593
15453.1279296875,15122.373046875,15867.806640625,15122.4033203125,11598.6396484375,14040.0537109375,15638.72265625,13778.7021484375,10024.740234375,13116.1025390625,2583230.0,0.41957769045344107
15325.2001953125,14533.0869140625,15595.3388671875,15294.46484375,10881.072265625,14320.4521484375,16274.244140625,13862.478515625,10273.384765625,13761.9482421875,2599896.0,0.42228464329507615
15442.958984375,15132.841796875,15918.640625,15280.421875,10949.287109375,14442.15625,16618.67578125,13925.0078125,10036.955078125,13831.306640625,2616562.0,0.4249915961367112
15543.703125,14651.5810546875,15856.9169921875,15196.9716796875,3376.53271484375,14047.88671875,15946.1044921875,13766.2705078125,10070.3232421875,13554.48828125,2633228.0,0.42769854897834636
15663.9208984375,15209.375,15899.6591796875,15295.3564453125,11420.921875,14290.24609375,15882.9228515625,13663.658203125,10064.109375,14143.7978515625,2649894.0,0.43040550181998144
14320.3681640625,15035.6787109375,15795.908203125,14992.2470703125,11557.208984375,14242.7666015625,16050.9013671875,13714.6728515625,10119.212890625,14147.4873046875,2666560.0,0.4331124546616166
15654.9521484375,14961.9296875,15845.76953125,15401.611328125,11107.615234375,14040.87890625,15207.994140625,13829.7900390625,10179.287109375,13581.0712890625,2683226.0,0.43581940750325165
16079.154296875,14747.1865234375,15494.6376953125,15829.1884765625,11371.7587890625,14390.142578125,16381.6337890625,13642.10546875,10621.2685546875,13688.25390625,2699892.0,0.4385263603448868
15704.9912109375,14571.37109375,16024.830078125,15815.794921875,11606.798828125,14060.2216796875,15987.869140625,14047.740234375,10157.505859375,14195.50390625,2716558.0,0.44123331318652187
15656.8916015625,14738.703125,16003.5498046875,15529.373046875,11841.3583984375,14532.2060546875,16311.95703125,13406.4638671875,10136.4638671875,13570.6728515625,2733224.0,0.44394026602815695
15694.078125,14688.7880859375,15998.7001953125,15146.2392578125,11615.416015625,14095.1982421875,16288.2060546875,14106.546875,10192.0029296875,14050.9267578125,2749890.0,0.4466472188697921
15623.728515625,14862.8642578125,15956.7333984375,15377.66015625,11766.9580078125,13973.72265625,16487.583984375,13783.951171875,9997.4375,14014.666015625,2766556.0,0.44935417171142716
15872.4580078125,14936.1298828125,15822.560546875,15201.12109375,11805.9775390625,13987.9736328125,16390.53125,13929.939453125,10196.7451171875,14111.0458984375,2783222.0,0.4520611245530623
16026.787109375,14792.5400390625,15806.220703125,15289.5654296875,11651.84765625,14350.96484375,15192.982421875,13760.9287109375,10396.4658203125,14400.9541015625,2799888.0,0.4547680773946974
15750.6943359375,15147.029296875,15901.8056640625,15316.8173828125,11750.1201171875,14243.560546875,15599.462890625,14082.7451171875,10521.009765625,13930.046875,2816554.0,0.4574750302363325
15515.1708984375,15123.435546875,16212.732421875,15588.25390625,11286.529296875,14418.7783203125,15748.3994140625,14379.79296875,10600.53515625,13091.7724609375,2833220.0,0.4601819830779676
15666.158203125,14945.740234375,15124.71875,15383.8798828125,11878.974609375,14241.3525390625,16020.0830078125,14201.6494140625,10476.90234375,13441.2470703125,2849886.0,0.4628889359196027
14952.40625,14925.19921875,15830.412109375,15237.0234375,12114.2685546875,14107.724609375,16148.4580078125,14380.271484375,10510.2939453125,13133.2236328125,2866552.0,0.4655958887612378
16009.7744140625,15104.1748046875,15829.322265625,15202.9375,11915.6259765625,14568.890625,16131.08984375,14041.2734375,10704.4375,13569.9169921875,2883218.0,0.4683028416028729
16002.3818359375,15185.3056640625,15880.53515625,15282.0322265625,11791.5625,14024.6865234375,15874.0439453125,14395.2236328125,9608.3642578125,13514.9345703125,2899884.0,0.471009794444508
15926.00390625,14984.1875,15347.3095703125,15146.07421875,12164.07421875,14197.689453125,16149.2666015625,14384.958984375,9904.5849609375,14308.3623046875,2916550.0,0.4737167472861431
16306.3369140625,15010.3447265625,15869.90234375,14836.537109375,12325.7392578125,14214.123046875,15387.65234375,14277.6640625,10469.4921875,14365.462890625,2933216.0,0.47642370012777824
16246.0986328125,14846.8388671875,16264.078125,14965.1591796875,12230.7392578125,14354.5546875,16360.609375,14233.7587890625,10075.4072265625,13962.6201171875,2949882.0,0.4791306529694133
15920.11328125,15085.8330078125,15817.41015625,15262.763671875,11925.630859375,14285.3251953125,16162.412109375,14274.15234375,10703.7998046875,14203.8310546875,2966548.0,0.4818376058110484
15931.2880859375,14513.9287109375,16107.4599609375,15740.7822265625,12052.8623046875,14149.5205078125,15759.1611328125,13767.560546875,10239.2373046875,14318.9560546875,2983214.0,0.48454455865268353
16173.5498046875,14615.6025390625,16120.0654296875,15305.798828125,12381.2568359375,14343.548828125,15981.0185546875,14342.0,10662.609375,13051.5302734375,2999880.0,0.4872515114943186
16166.94140625,15022.2783203125,15954.4677734375,15860.6201171875,12392.5009765625,13911.392578125,16023.0,14626.6689453125,10699.8427734375,13136.7822265625,3016546.0,0.48995846433595375
16154.5986328125,15139.521484375,16185.4091796875,15749.2333984375,12184.1904296875,14424.5439453125,16462.953125,14302.658203125,10101.9287109375,13878.896484375,3033212.0,0.4926654171775888
15975.1103515625,14973.8310546875,16298.138671875,15324.9306640625,12697.8642578125,14282.5546875,15293.0107421875,14494.7451171875,10103.142578125,14399.556640625,3049878.0,0.49537237001922396
15510.5419921875,15374.6015625,15898.42578125,15536.1630859375,12515.6240234375,14260.21875,15947.2802734375,14435.3759765625,10185.3671875,14173.6787109375,3066544.0,0.49807932286085904
15423.2734375,14900.5458984375,16108.345703125,14937.779296875,12371.9384765625,14318.7001953125,16057.7275390625,14320.822265625,10263.7373046875,14270.48046875,3083210.0,0.5007862757024941
15732.9072265625,15171.3671875,15840.3125,15133.0,12521.75,14553.0458984375,16467.162109375,14485.2822265625,10599.548828125,14305.5390625,3099876.0,0.5034932285441293
15361.7734375,14757.3017578125,15845.615234375,15203.1826171875,12608.8642578125,14275.0302734375,15966.7265625,14406.0302734375,10546.630859375,13935.2177734375,3116542.0,0.5062001813857644
15894.0556640625,14915.861328125,16070.59765625,15649.900390625,12551.1953125,14408.9140625,16248.8505859375,14444.3994140625,10371.3095703125,14049.0478515625,3133208.0,0.5089071342273994
15730.888671875,15149.2998046875,16195.6728515625,14878.5625,12523.13671875,13955.525390625,16027.755859375,13848.7490234375,10508.390625,14051.919921875,3149874.0,0.5116140870690346
15485.6103515625,14832.8310546875,15825.6298828125,15147.669921875,12274.4580078125,13951.4345703125,15806.11328125,14201.3427734375,10085.591796875,14241.5771484375,3166540.0,0.5143210399106697
14995.712890625,14457.673828125,16128.421875,15607.5615234375,12623.6796875,14102.6259765625,16135.529296875,14450.2783203125,9944.796875,14232.7421875,3183206.0,0.5170279927523048
15905.82421875,15316.373046875,15882.4541015625,15309.69140625,12487.65625,14182.2236328125,16406.85546875,14161.56640625,10241.1640625,14382.57421875,3199872.0,0.5197349455939398
15480.9716796875,15036.4580078125,15832.5185546875,15563.888671875,12350.021484375,14726.9462890625,16212.8271484375,14400.421875,10119.1484375,13685.140625,3216538.0,0.522441898435575
16111.8193359375,15022.978515625,16078.349609375,15038.216796875,12562.484375,14525.5361328125,16282.267578125,14263.99609375,10533.994140625,14095.8779296875,3233204.0,0.5251488512772101
16146.796875,15358.3466796875,16036.791015625,15545.41015625,12594.94140625,14255.5341796875,16058.1171875,14421.1513671875,10139.056640625,13693.03515625,3249870.0,0.5278558041188451
15935.4619140625,15099.205078125,15686.4296875,15429.1513671875,12606.5986328125,14192.05078125,15989.8623046875,14348.828125,10462.0146484375,14331.1171875,3266536.0,0.5305627569604803
15039.5947265625,15028.6845703125,15779.1484375,15277.1591796875,13105.4423828125,14309.693359375,16188.751953125,14591.98046875,10348.3623046875,14014.572265625,3283202.0,0.5332697098021154
15933.01953125,15127.2841796875,16254.9697265625,15306.130859375,12701.3095703125,14620.7578125,15716.365234375,14858.1611328125,10276.53515625,14508.67578125,3299868.0,0.5359766626437505
16154.0498046875,15040.2138671875,15973.0224609375,15726.6845703125,12979.841796875,14580.5986328125,16462.78125,14636.60546875,10289.453125,14230.4619140625,3316534.0,0.5386836154853856
16005.8662109375,15091.8076171875,16124.169921875,15619.791015625,12865.1396484375,14607.8603515625,15926.06640625,14696.4033203125,10174.1611328125,14150.697265625,3333200.0,0.5413905683270207
15851.8525390625,15093.4814453125,16021.30859375,15558.9716796875,12972.4638671875,14504.7158203125,16165.8603515625,14768.6025390625,10685.9482421875,14387.2275390625,3349866.0,0.5440975211686558
15638.501953125,15094.76171875,16030.8876953125,15616.7890625,12953.927734375,14562.5693359375,16163.6337890625,14485.7060546875,10555.0927734375,14580.7451171875,3366532.0,0.5468044740102909
15942.201171875,14813.2275390625,15973.361328125,15530.0419921875,13171.8212890625,14446.404296875,15173.6865234375,14651.9365234375,10201.0029296875,13766.435546875,3383198.0,0.549511426851926
15606.9267578125,15117.189453125,16012.55859375,15679.3359375,13138.859375,14832.421875,16075.2841796875,14571.580078125,10760.974609375,14671.009765625,3399864.0,0.5522183796935611
15801.54296875,15082.5107421875,15790.4169921875,15645.875,13000.7998046875,13958.560546875,15880.8193359375,14884.6240234375,10261.2490234375,14741.4150390625,3416530.0,0.5549253325351963
14874.7958984375,14958.03515625,15796.48046875,15599.322265625,12690.029296875,14405.4775390625,15743.9453125,14346.533203125,10306.435546875,14538.400390625,3433196.0,0.5576322853768313
15226.7607421875,14999.0166015625,15857.744140625,15654.4423828125,12843.9296875,14866.5634765625,16723.42578125,14448.720703125,10119.7587890625,14108.435546875,3449862.0,0.5603392382184664
16005.8623046875,15128.8681640625,15896.2998046875,15460.8916015625,13053.54296875,14757.673828125,15851.7333984375,14489.5634765625,10167.0205078125,15260.548828125,3466528.0,0.5630461910601016
16102.2138671875,15151.0595703125,15914.5771484375,15626.5087890625,13388.404296875,14385.5341796875,15968.6103515625,14801.658203125,10255.373046875,14774.2783203125,3483194.0,0.5657531439017366
16010.1240234375,15153.267578125,14741.7353515625,15396.888671875,13664.099609375,14649.830078125,16380.8232421875,14651.92578125,10694.423828125,14720.0078125,3499860.0,0.5684600967433717
16142.6044921875,15327.0205078125,16265.9150390625,15627.4541015625,13326.7421875,14629.2841796875,16174.0498046875,14691.8017578125,10592.56640625,14815.8408203125,3516526.0,0.5711670495850069
16029.0556640625,15062.98828125,15876.0146484375,15489.7451171875,13091.6533203125,14638.8525390625,16613.703125,14396.7353515625,10797.41015625,14253.62890625,3533192.0,0.573874002426642
15773.9833984375,14984.8896484375,15755.439453125,15388.1357421875,13602.4755859375,14717.169921875,16460.23828125,14828.2724609375,10186.3037109375,14874.3798828125,3549858.0,0.576580955268277
16338.453125,14778.419921875,15880.1396484375,15708.720703125,13093.224609375,14455.2236328125,16257.5966796875,14679.2216796875,10277.935546875,15100.986328125,3566524.0,0.5792879081099122
15611.6552734375,14772.078125,16045.990234375,15266.6689453125,13418.2001953125,15001.1435546875,15908.7783203125,14547.0625,10514.9755859375,14565.787109375,3583190.0,0.5819948609515473
16314.5673828125,14749.5439453125,15468.794921875,15407.5048828125,13126.17578125,14737.0712890625,16171.28125,14751.9228515625,10765.453125,14651.8486328125,3599856.0,0.5847018137931823
15811.8525390625,15535.4228515625,15988.34375,15529.69140625,14189.796875,14668.5576171875,16665.83984375,14475.8525390625,10252.376953125,14948.9462890625,3616522.0,0.5874087666348174
15968.353515625,15017.13671875,15881.1728515625,15607.982421875,13618.2275390625,14899.8662109375,16396.05859375,14864.1552734375,10718.416015625,14980.373046875,3633188.0,0.5901157194764526
16275.4921875,15040.8603515625,15740.5087890625,15661.60546875,13840.474609375,14625.8095703125,16256.76953125,14541.3525390625,10714.3896484375,14822.6845703125,3649854.0,0.5928226723180877
16182.2685546875,14687.61328125,15969.6162109375,15680.1962890625,13742.65234375,14686.876953125,16017.25,14440.25,10175.66796875,15116.3515625,3666520.0,0.5955296251597227
15945.5615234375,14701.8935546875,15717.4267578125,15331.47265625,12658.1962890625,14667.169921875,15121.48046875,14523.951171875,10502.6904296875,14692.935546875,3683186.0,0.5982365780013579
16181.8515625,15008.0693359375,15963.0,15579.5224609375,13986.291015625,14559.083984375,16463.375,14488.3466796875,10775.3759765625,14828.953125,3699852.0,0.600943530842993
16214.240234375,15240.513671875,16115.853515625,15278.6875,14053.6064453125,14848.9853515625,16362.4287109375,14849.5966796875,10399.9697265625,14894.265625,3716518.0,0.603650483684628
16396.78125,15232.291015625,15863.7978515625,15699.4716796875,14200.814453125,14777.8896484375,16574.671875,14478.3984375,10620.8203125,15260.1328125,3733184.0,0.6063574365262632
16136.5244140625,14801.068359375,16052.8017578125,15497.58203125,14734.0,14121.724609375,16687.625,14664.5029296875,10887.607421875,14933.3388671875,3749850.0,0.6090643893678983
16246.6123046875,15395.7314453125,15993.6767578125,15435.087890625,14617.1064453125,14515.009765625,16140.490234375,14591.080078125,10207.6103515625,15165.978515625,3766516.0,0.6117713422095334
16183.9951171875,15189.505859375,16140.6083984375,15661.4833984375,14957.623046875,14936.5859375,16150.060546875,14337.40625,10422.7626953125,15276.5302734375,3783182.0,0.6144782950511685
16182.51953125,14982.2470703125,15265.884765625,15509.8466796875,13576.2255859375,15018.07421875,16335.26171875,14586.0361328125,10436.134765625,15250.9755859375,3799848.0,0.6171852478928036
15899.154296875,15103.5419921875,15979.0634765625,15479.8359375,13558.1416015625,14759.291015625,16528.494140625,15010.6982421875,10582.544921875,15164.9912109375,3816514.0,0.6198922007344387
16055.66015625,14925.115234375,15179.9052734375,15336.689453125,14767.0126953125,14303.4482421875,16356.2412109375,14723.51953125,9919.5830078125,15106.2861328125,3833180.0,0.6225991535760738
16239.2919921875,15183.9541015625,16093.689453125,15616.419921875,15028.5810546875,14936.05078125,16892.96875,14845.5419921875,10152.1455078125,14399.2373046875,3849846.0,0.6253061064177089
16190.62109375,15150.5107421875,15844.9521484375,15635.1630859375,14812.0908203125,14642.4521484375,16178.0693359375,14642.630859375,10634.5302734375,15448.16796875,3866512.0,0.628013059259344
16017.5263671875,14782.03125,15734.302734375,15637.7763671875,14726.759765625,14753.322265625,16284.4326171875,14875.28125,10255.697265625,15464.37109375,3883178.0,0.6307200121009792
16108.9189453125,15176.7626953125,16259.25390625,15748.146484375,15057.642578125,14402.2734375,15807.12890625,14305.458984375,10338.671875,15321.6953125,3899844.0,0.6334269649426142
15977.6669921875,15198.4853515625,15794.970703125,15394.76171875,14838.607421875,14684.189453125,16325.1171875,14834.6787109375,10370.6767578125,15443.5517578125,3916510.0,0.6361339177842493
15626.9248046875,15199.712890625,16033.474609375,15453.8525390625,14967.322265625,14637.0693359375,16175.943359375,14603.0869140625,10627.919921875,15187.716796875,3933176.0,0.6388408706258845
16164.90234375,15123.931640625,16108.3212890625,15549.9931640625,15534.13671875,14490.423828125,15998.4296875,14878.9990234375,10754.626953125,15530.5107421875,3949842.0,0.6415478234675195
16011.896484375,15006.216796875,14676.171875,15811.654296875,14330.9326171875,14547.310546875,16232.505859375,14747.0634765625,10447.0009765625,15381.3076171875,3966508.0,0.6442547763091546
16232.263671875,15102.8681640625,15516.7529296875,16051.4794921875,15074.4384765625,14560.2412109375,16071.697265625,14847.33203125,10306.7080078125,15179.6298828125,3983174.0,0.6469617291507898
16117.6953125,15110.6162109375,15910.8544921875,16103.111328125,15277.45703125,14808.1455078125,15856.37890625,15155.2353515625,10430.8095703125,14920.822265625,3999840.0,0.6496686819924249
15919.9853515625,14686.7236328125,15868.8466796875,15476.19140625,14919.314453125,14690.8525390625,15900.1298828125,14664.9521484375,10526.572265625,15207.0205078125,4016506.0,0.6523756348340599
15302.6123046875,15399.59765625,16154.8330078125,15407.564453125,15355.1923828125,14146.41796875,16326.4931640625,15020.4306640625,10279.53515625,15358.00390625,4033172.0,0.655082587675695
16334.3271484375,15064.0625,16006.25,15463.78515625,14889.8466796875,14430.068359375,15664.287109375,14793.939453125,10550.1689453125,15074.1396484375,4049838.0,0.6577895405173302
15995.140625,14957.9814453125,15859.8828125,15459.7041015625,14446.8369140625,14861.3056640625,16271.8291015625,14970.248046875,10375.328125,14913.412109375,4066504.0,0.6604964933589652
16153.685546875,15130.935546875,16129.44921875,15007.5439453125,14816.234375,15004.400390625,16336.2265625,14531.5400390625,10475.984375,15369.6884765625,4083170.0,0.6632034462006003
16135.498046875,15036.9521484375,15980.3173828125,15295.4833984375,14918.2900390625,14668.546875,15859.5908203125,15065.796875,10688.134765625,15395.51171875,4099836.0,0.6659103990422355
16155.5244140625,14975.9306640625,16025.8935546875,15504.19140625,15114.7919921875,14284.7939453125,15876.640625,14981.55078125,10504.7919921875,15505.6875,4116502.0,0.6686173518838706
16355.5712890625,14883.1103515625,15741.373046875,15309.5869140625,15018.5009765625,14783.8515625,15365.3798828125,15169.72265625,10681.15625,15452.10546875,4133168.0,0.6713243047255056
15543.375,15054.4755859375,15928.73046875,15829.6357421875,15348.5849609375,14744.8330078125,16333.19140625,14999.6591796875,10351.6357421875,15063.646484375,4149834.0,0.6740312575671408
16094.123046875,15121.4130859375,15889.5556640625,15368.9091796875,15137.095703125,15168.1806640625,16293.4111328125,15143.3203125,10485.4560546875,15483.5673828125,4166500.0,0.6767382104087759
16017.0859375,15060.26953125,16010.51171875,15356.61328125,15439.654296875,14865.4287109375,16251.4091796875,14932.6416015625,10540.92578125,15238.81640625,4183166.0,0.6794451632504109
16270.306640625,15203.1240234375,15995.6552734375,15299.16015625,15539.732421875,14715.7626953125,15990.607421875,15097.4072265625,10925.3740234375,14910.3955078125,4199832.0,0.6821521160920461
16249.37890625,15033.9462890625,16090.66796875,15800.9423828125,15348.8017578125,3814.99462890625,16525.154296875,15172.755859375,10398.2060546875,15764.6337890625,4216498.0,0.6848590689336812
15883.5390625,15111.0703125,16103.3525390625,15642.3974609375,14062.06640625,13925.365234375,16375.8037109375,14782.3662109375,10519.580078125,15223.1298828125,4233164.0,0.6875660217753163
16283.9013671875,14882.1962890625,16169.056640625,15474.37109375,15509.8232421875,3481.09033203125,16331.142578125,14940.85546875,10454.861328125,15280.9150390625,4249830.0,0.6902729746169514
16210.01171875,12982.3408203125,15946.447265625,15662.99609375,15238.779296875,7659.890625,16102.861328125,15291.5576171875,10543.21875,15851.6865234375,4266496.0,0.6929799274585865
16358.5380859375,15479.7900390625,16137.0830078125,15670.7548828125,15297.4033203125,14114.513671875,15733.2080078125,15235.6826171875,10751.3154296875,15281.7939453125,4283162.0,0.6956868803002216
16191.3095703125,15035.50390625,15714.5009765625,15407.21484375,15382.337890625,14471.9267578125,15862.34765625,15299.4052734375,10496.7021484375,15330.841796875,4299828.0,0.6983938331418567
16429.396484375,14922.75,16223.3720703125,15227.798828125,15110.7666015625,14751.4140625,16266.7861328125,15144.2978515625,10813.255859375,15395.6865234375,4316494.0,0.7011007859834918
16595.615234375,15104.5166015625,15917.5986328125,15244.609375,15096.2646484375,14857.515625,15809.146484375,15278.1640625,10319.8583984375,15749.5087890625,4333160.0,0.7038077388251269
15808.720703125,14188.1328125,15970.7294921875,15977.0263671875,15383.5126953125,14201.84765625,16203.626953125,15406.6650390625,10519.291015625,15403.2900390625,4349826.0,0.7065146916667621
16234.4375,15233.630859375,15790.7529296875,15854.1484375,15626.83203125,14567.32421875,16515.02734375,15412.94140625,10403.9169921875,15575.287109375,4366492.0,0.7092216445083971
15017.576171875,14299.7373046875,16192.1630859375,15328.6884765625,15300.619140625,14671.7568359375,16312.828125,15083.58203125,10751.2236328125,15557.0234375,4383158.0,0.7119285973500322
16376.021484375,14763.955078125,16239.23046875,15289.7705078125,15397.4501953125,14227.568359375,16354.6845703125,15371.1943359375,10717.484375,15063.2158203125,4399824.0,0.7146355501916674
16361.677734375,15064.4208984375,15920.93359375,15219.6533203125,15825.869140625,14756.970703125,16351.10546875,15284.2861328125,10895.16796875,15540.375,4416490.0,0.7173425030333024
15651.6494140625,15049.857421875,16232.2744140625,15498.62890625,15393.5634765625,14863.431640625,16578.30078125,14934.3173828125,10456.9287109375,15985.93359375,4433156.0,0.7200494558749375
16271.087890625,14961.9853515625,16113.0712890625,15514.896484375,15622.0947265625,15139.669921875,16310.8623046875,15364.6689453125,10371.5703125,15207.8125,4449822.0,0.7227564087165727
16156.5068359375,14612.5693359375,15778.966796875,15717.2177734375,15513.75390625,14687.0517578125,15949.2021484375,15373.357421875,10592.0810546875,15435.66015625,4466488.0,0.7254633615582078
16339.0380859375,12717.013671875,15942.9267578125,15230.6787109375,15577.2421875,14818.57421875,16229.8056640625,15139.6943359375,10018.447265625,15620.412109375,4483154.0,0.7281703143998428
16333.7705078125,15234.0556640625,16107.580078125,15317.1015625,15819.716796875,14397.81640625,16048.6328125,15308.98828125,10568.0263671875,15567.5712890625,4499820.0,0.730877267241478
16120.9482421875,15020.4072265625,15508.7451171875,15294.4482421875,15603.279296875,14662.2080078125,16150.9755859375,15074.580078125,10550.7041015625,15932.580078125,4516486.0,0.7335842200831131
16176.70703125,15251.8583984375,16062.482421875,15499.6630859375,15567.0078125,14482.4384765625,16856.919921875,14895.232421875,10633.56640625,15234.7978515625,4533152.0,0.7362911729247481
16401.337890625,15563.3662109375,15211.767578125,15423.0693359375,15633.4130859375,14453.38671875,16490.73828125,15588.330078125,10242.9609375,15680.6240234375,4549818.0,0.7389981257663832
15827.435546875,14908.3056640625,16248.0693359375,15729.3583984375,15568.9384765625,14963.421875,16294.6572265625,15330.4892578125,10461.7294921875,16023.439453125,4566484.0,0.7417050786080184
16000.3701171875,15201.42578125,16184.873046875,15321.25,15737.37109375,14591.931640625,15739.6474609375,15280.337890625,10515.12890625,15459.2998046875,4583150.0,0.7444120314496535
16034.734375,14985.125,16121.994140625,15136.3984375,15506.3291015625,14701.6845703125,15940.1103515625,15399.6572265625,10480.5927734375,15271.7412109375,4599816.0,0.7471189842912885
16377.05859375,15220.6123046875,15696.09765625,15485.8515625,15752.62109375,14596.62890625,16846.86328125,15707.34765625,10568.35546875,15939.6591796875,4616482.0,0.7498259371329237
15731.4462890625,15372.048828125,15905.3798828125,15252.1220703125,15545.65625,14648.6650390625,16506.8203125,15534.21875,10506.41796875,15984.6064453125,4633148.0,0.7525328899745588
16387.30859375,15187.373046875,16108.697265625,15535.833984375,15488.0966796875,15135.064453125,16834.6640625,15447.3525390625,10447.916015625,15927.7890625,4649814.0,0.7552398428161938
16303.5439453125,14876.3984375,16391.41015625,15510.041015625,15791.13671875,15718.0537109375,16157.96875,15583.2568359375,10502.8076171875,15500.412109375,4666480.0,0.757946795657829
15778.189453125,15192.9873046875,16115.595703125,15404.576171875,15854.2607421875,14479.8232421875,16126.669921875,15179.24609375,10602.1435546875,15622.9775390625,4683146.0,0.7606537484994641
16034.6796875,14866.294921875,16204.4453125,15504.384765625,15756.1826171875,14953.6298828125,15942.3583984375,15348.2109375,10617.755859375,15462.818359375,4699812.0,0.7633607013410992
16478.259765625,14980.4228515625,16164.72265625,15633.5419921875,15763.48046875,14623.10546875,15907.8544921875,15369.1474609375,10554.67578125,15829.6982421875,4716478.0,0.7660676541827343
16113.8388671875,15201.912109375,16041.1787109375,15732.390625,15938.8623046875,15013.001953125,16082.8603515625,15553.474609375,10547.7744140625,15852.921875,4733144.0,0.7687746070243694
15999.224609375,15005.3369140625,16111.046875,15584.365234375,15396.59765625,15001.4931640625,15976.408203125,15567.5869140625,10483.892578125,15859.154296875,4749810.0,0.7714815598660045
16262.78515625,15366.2744140625,15823.9404296875,15557.65234375,15727.8271484375,14829.2939453125,16025.8056640625,15692.0673828125,10503.134765625,15807.9453125,4766476.0,0.7741885127076396
16127.861328125,15113.337890625,16108.0078125,15199.6982421875,15965.94921875,14868.3828125,16079.9921875,15479.9697265625,10573.5947265625,15811.1826171875,4783142.0,0.7768954655492747
16195.3056640625,15087.208984375,16233.8095703125,15336.419921875,15657.8173828125,15183.3828125,15738.271484375,15677.8349609375,10550.3505859375,15804.8037109375,4799808.0,0.7796024183909098
16362.0654296875,14994.3984375,15787.322265625,15819.57421875,15700.5341796875,15136.8544921875,15606.087890625,15332.841796875,10968.1787109375,16035.525390625,4816474.0,0.782309371232545
16120.7861328125,15435.75,16186.6142578125,15550.88671875,15891.005859375,15073.107421875,15890.4443359375,15667.123046875,10457.328125,15570.94140625,4833140.0,0.78501632407418
16088.09375,14972.037109375,16037.3037109375,15852.541015625,16098.306640625,15010.998046875,16185.8076171875,15549.328125,10522.166015625,15870.0703125,4849806.0,0.7877232769158151
16550.119140625,15207.716796875,16332.8701171875,15766.1220703125,16080.6884765625,14809.8193359375,16107.9990234375,15255.138671875,10657.125,15752.890625,4866472.0,0.7904302297574503
16337.1845703125,15366.04296875,16127.6455078125,15956.3525390625,15858.51171875,15275.0869140625,16338.9013671875,15491.0771484375,10588.7314453125,15810.705078125,4883138.0,0.7931371825990853
16197.642578125,15320.0703125,16388.013671875,15816.1640625,15470.576171875,15566.4140625,16181.5166015625,15180.71875,10452.634765625,15905.333984375,4899804.0,0.7958441354407204
16126.0244140625,15050.33203125,16122.3046875,15450.861328125,15885.6630859375,14903.8759765625,15998.2265625,15216.6181640625,10679.33984375,14473.2158203125,4916470.0,0.7985510882823555
16269.193359375,15237.84765625,16010.41796875,15578.5732421875,16205.0556640625,15101.6640625,16016.95703125,15109.982421875,10542.9560546875,15639.0361328125,4933136.0,0.8012580411239907
15919.8037109375,15237.939453125,15995.5380859375,15579.4375,15280.154296875,15436.0458984375,16388.853515625,15584.0810546875,10728.962890625,15845.5615234375,4949802.0,0.8039649939656257
15904.0048828125,15274.6533203125,16102.658203125,15283.091796875,15488.4931640625,15186.580078125,16102.544921875,15591.9140625,10634.73046875,15987.1640625,4966468.0,0.8066719468072608
16248.580078125,15293.0791015625,16114.294921875,15508.9375,15454.0126953125,15003.5,16011.666015625,15713.6240234375,10404.923828125,15504.3642578125,4983134.0,0.809378899648896
16307.66015625,14702.4013671875,16079.478515625,15462.330078125,15575.8310546875,15393.91015625,16372.9912109375,14685.751953125,10609.8037109375,16095.5595703125,4999800.0,0.8120858524905311
