,exp_name,env_name,seed,metric,env_step,value
0,CQN_AS,h1-sit-simple-v0,2000,avg_return,50000,138.1131170461345
1,CQN_AS,h1-sit-simple-v0,2000,avg_return,100000,186.57675707555356
2,CQN_AS,h1-sit-simple-v0,2000,avg_return,150000,150.79120975296064
3,CQN_AS,h1-sit-simple-v0,2000,avg_return,200000,233.8465684347138
4,CQN_AS,h1-sit-simple-v0,2000,avg_return,250000,458.6344061996559
5,CQN_AS,h1-sit-simple-v0,2000,avg_return,300000,594.0401144362166
6,CQN_AS,h1-sit-simple-v0,2000,avg_return,350000,175.4959645756091
7,CQN_AS,h1-sit-simple-v0,2000,avg_return,400000,337.22688537827
8,CQN_AS,h1-sit-simple-v0,2000,avg_return,450000,288.7031809198071
9,CQN_AS,h1-sit-simple-v0,2000,avg_return,500000,542.8981551019508
10,CQN_AS,h1-sit-simple-v0,2000,avg_return,550000,428.2876389108037
11,CQN_AS,h1-sit-simple-v0,2000,avg_return,600000,508.9662811261355
12,CQN_AS,h1-sit-simple-v0,2000,avg_return,650000,580.3963770458163
13,CQN_AS,h1-sit-simple-v0,2000,avg_return,700000,567.48385633356
14,CQN_AS,h1-sit-simple-v0,2000,avg_return,750000,826.9256288769111
15,CQN_AS,h1-sit-simple-v0,2000,avg_return,800000,707.7301746934711
16,CQN_AS,h1-sit-simple-v0,2000,avg_return,850000,565.0310223491535
17,CQN_AS,h1-sit-simple-v0,2000,avg_return,900000,743.202612474114
18,CQN_AS,h1-sit-simple-v0,2000,avg_return,950000,481.29497314666486
19,CQN_AS,h1-stand-v0,2000,avg_return,50000,54.38060117035858
20,CQN_AS,h1-stand-v0,2000,avg_return,100000,67.12266393171734
21,CQN_AS,h1-stand-v0,2000,avg_return,150000,81.2511926639616
22,CQN_AS,h1-stand-v0,2000,avg_return,200000,87.23005310272943
23,CQN_AS,h1-stand-v0,2000,avg_return,250000,82.76086758111032
24,CQN_AS,h1-stand-v0,2000,avg_return,300000,96.50801631005405
25,CQN_AS,h1-stand-v0,2000,avg_return,350000,107.1120360402767
26,CQN_AS,h1-stand-v0,2000,avg_return,400000,144.64834489354533
27,CQN_AS,h1-stand-v0,2000,avg_return,450000,132.6715865779901
28,CQN_AS,h1-stand-v0,2000,avg_return,500000,153.69080356712104
29,CQN_AS,h1-stand-v0,2000,avg_return,550000,210.55216760916983
30,CQN_AS,h1-stand-v0,2000,avg_return,600000,230.02020927230586
31,CQN_AS,h1-stand-v0,2000,avg_return,650000,192.84315522332867
32,CQN_AS,h1-stand-v0,2000,avg_return,700000,236.570050084582
33,CQN_AS,h1-stand-v0,2000,avg_return,750000,199.86579296217042
34,CQN_AS,h1-stand-v0,2000,avg_return,800000,180.37026750808732
35,CQN_AS,h1-stand-v0,2000,avg_return,850000,250.26857626165915
36,CQN_AS,h1-stand-v0,2000,avg_return,900000,302.9448886396828
37,CQN_AS,h1-stand-v0,2000,avg_return,950000,309.4395103708338
38,CQN_AS,h1-walk-v0,2000,avg_return,50000,11.20752775830712
39,CQN_AS,h1-walk-v0,2000,avg_return,100000,23.929053112095076
40,CQN_AS,h1-walk-v0,2000,avg_return,150000,20.566638537181085
41,CQN_AS,h1-walk-v0,2000,avg_return,200000,27.33503003200759
42,CQN_AS,h1-walk-v0,2000,avg_return,250000,27.503262043277978
43,CQN_AS,h1-walk-v0,2000,avg_return,300000,31.530133250609026
44,CQN_AS,h1-walk-v0,2000,avg_return,350000,39.630483393042354
45,CQN_AS,h1-walk-v0,2000,avg_return,400000,43.67522113254011
46,CQN_AS,h1-walk-v0,2000,avg_return,450000,46.58024446328126
47,CQN_AS,h1-walk-v0,2000,avg_return,500000,47.08440712308884
48,CQN_AS,h1-walk-v0,2000,avg_return,550000,34.05413224586506
49,CQN_AS,h1-walk-v0,2000,avg_return,600000,42.43848033009155
50,CQN_AS,h1-walk-v0,2000,avg_return,650000,43.81581641638547
51,CQN_AS,h1-walk-v0,2000,avg_return,700000,47.08062270320149
52,CQN_AS,h1-walk-v0,2000,avg_return,750000,39.06765871301458
53,CQN_AS,h1-walk-v0,2000,avg_return,800000,50.291623463662965
54,CQN_AS,h1-walk-v0,2000,avg_return,850000,45.118391591403224
55,CQN_AS,h1-walk-v0,2000,avg_return,900000,55.9780770981796
56,CQN_AS,h1-walk-v0,2000,avg_return,950000,54.22560107351283
57,CQN_AS,h1-stair-v0,1000,avg_return,50000,9.708802582189493
58,CQN_AS,h1-stair-v0,1000,avg_return,100000,28.70118962388837
59,CQN_AS,h1-stair-v0,1000,avg_return,150000,32.392991628017356
60,CQN_AS,h1-stair-v0,1000,avg_return,200000,38.84235635135924
61,CQN_AS,h1-stair-v0,1000,avg_return,250000,39.9883066242388
62,CQN_AS,h1-stair-v0,1000,avg_return,300000,42.99863781537981
63,CQN_AS,h1-stair-v0,1000,avg_return,350000,42.08173220743969
64,CQN_AS,h1-stair-v0,1000,avg_return,400000,44.61880735938024
65,CQN_AS,h1-stair-v0,1000,avg_return,450000,50.48115702318927
66,CQN_AS,h1-stair-v0,1000,avg_return,500000,50.56381593834417
67,CQN_AS,h1-stair-v0,1000,avg_return,550000,45.84426364093493
68,CQN_AS,h1-stair-v0,1000,avg_return,600000,48.689276339309785
69,CQN_AS,h1-stair-v0,1000,avg_return,650000,53.492717766546185
70,CQN_AS,h1-stair-v0,1000,avg_return,700000,49.9036569442731
71,CQN_AS,h1-stair-v0,1000,avg_return,750000,54.73783974324577
72,CQN_AS,h1-stair-v0,1000,avg_return,800000,52.97094516889382
73,CQN_AS,h1-stair-v0,1000,avg_return,850000,48.830475284349504
74,CQN_AS,h1-stair-v0,1000,avg_return,900000,48.23698707047453
75,CQN_AS,h1-stair-v0,1000,avg_return,950000,59.7891162221848
76,CQN_AS,h1-pole-v0,2000,avg_return,50000,65.29348178689419
77,CQN_AS,h1-pole-v0,2000,avg_return,100000,79.01337047313808
78,CQN_AS,h1-pole-v0,2000,avg_return,150000,88.40347196944853
79,CQN_AS,h1-pole-v0,2000,avg_return,200000,78.7333431792149
80,CQN_AS,h1-pole-v0,2000,avg_return,250000,82.68175114525681
81,CQN_AS,h1-pole-v0,2000,avg_return,300000,76.25002427815983
82,CQN_AS,h1-pole-v0,2000,avg_return,350000,109.26639010986283
83,CQN_AS,h1-pole-v0,2000,avg_return,400000,99.1577249114799
84,CQN_AS,h1-pole-v0,2000,avg_return,450000,83.95934854009197
85,CQN_AS,h1-pole-v0,2000,avg_return,500000,101.75426606743477
86,CQN_AS,h1-pole-v0,2000,avg_return,550000,115.4728987246338
87,CQN_AS,h1-pole-v0,2000,avg_return,600000,141.92312629303743
88,CQN_AS,h1-pole-v0,2000,avg_return,650000,153.81653645579485
89,CQN_AS,h1-pole-v0,2000,avg_return,700000,129.3147022979639
90,CQN_AS,h1-pole-v0,2000,avg_return,750000,83.06530318198443
91,CQN_AS,h1-pole-v0,2000,avg_return,800000,121.63873128623793
92,CQN_AS,h1-pole-v0,2000,avg_return,850000,105.62220741512719
93,CQN_AS,h1-pole-v0,2000,avg_return,900000,115.88333670532343
94,CQN_AS,h1-pole-v0,2000,avg_return,950000,109.0799386438546
95,CQN_AS,h1-hurdle-v0,4000,avg_return,50000,6.515636072070336
96,CQN_AS,h1-hurdle-v0,4000,avg_return,100000,8.52489544713874
97,CQN_AS,h1-hurdle-v0,4000,avg_return,150000,6.9249461919732145
98,CQN_AS,h1-hurdle-v0,4000,avg_return,200000,8.539652089179125
99,CQN_AS,h1-hurdle-v0,4000,avg_return,250000,12.160317800544037
100,CQN_AS,h1-hurdle-v0,4000,avg_return,300000,11.895281230170932
101,CQN_AS,h1-hurdle-v0,4000,avg_return,350000,12.536614290518386
102,CQN_AS,h1-hurdle-v0,4000,avg_return,400000,33.02905096743238
103,CQN_AS,h1-hurdle-v0,4000,avg_return,450000,16.67439662312526
104,CQN_AS,h1-hurdle-v0,4000,avg_return,500000,22.48271350674921
105,CQN_AS,h1-hurdle-v0,4000,avg_return,550000,61.841849785414546
106,CQN_AS,h1-hurdle-v0,4000,avg_return,600000,56.18551515620136
107,CQN_AS,h1-hurdle-v0,4000,avg_return,650000,49.15085068395688
108,CQN_AS,h1-hurdle-v0,4000,avg_return,700000,59.519467061070216
109,CQN_AS,h1-hurdle-v0,4000,avg_return,750000,27.909023182562578
110,CQN_AS,h1-hurdle-v0,4000,avg_return,800000,50.392411089044565
111,CQN_AS,h1-hurdle-v0,4000,avg_return,850000,68.08372657010115
112,CQN_AS,h1-hurdle-v0,4000,avg_return,900000,47.733483263260986
113,CQN_AS,h1-hurdle-v0,4000,avg_return,950000,43.39409208066638
114,CQN_AS,h1-slide-v0,2000,avg_return,50000,16.229632259057265
115,CQN_AS,h1-slide-v0,2000,avg_return,100000,21.008985300264364
116,CQN_AS,h1-slide-v0,2000,avg_return,150000,26.637635137898066
117,CQN_AS,h1-slide-v0,2000,avg_return,200000,32.14725663860067
118,CQN_AS,h1-slide-v0,2000,avg_return,250000,36.258922526286554
119,CQN_AS,h1-slide-v0,2000,avg_return,300000,45.03597927450541
120,CQN_AS,h1-slide-v0,2000,avg_return,350000,47.26801046508554
121,CQN_AS,h1-slide-v0,2000,avg_return,400000,41.83937511976236
122,CQN_AS,h1-slide-v0,2000,avg_return,450000,44.76671408631357
123,CQN_AS,h1-slide-v0,2000,avg_return,500000,44.534925742901066
124,CQN_AS,h1-slide-v0,2000,avg_return,550000,37.52497326011369
125,CQN_AS,h1-slide-v0,2000,avg_return,600000,50.52811598695762
126,CQN_AS,h1-slide-v0,2000,avg_return,650000,37.74312329324065
127,CQN_AS,h1-slide-v0,2000,avg_return,700000,48.20728720685619
128,CQN_AS,h1-slide-v0,2000,avg_return,750000,52.61956322542842
129,CQN_AS,h1-slide-v0,2000,avg_return,800000,53.56331132180105
130,CQN_AS,h1-slide-v0,2000,avg_return,850000,55.18762197693254
131,CQN_AS,h1-slide-v0,2000,avg_return,900000,59.57193831199784
132,CQN_AS,h1-slide-v0,2000,avg_return,950000,57.16401198209361
133,CQN_AS,h1-stair-v0,4000,avg_return,50000,7.057373099182449
134,CQN_AS,h1-stair-v0,4000,avg_return,100000,21.51000189304894
135,CQN_AS,h1-stair-v0,4000,avg_return,150000,33.3096100134713
136,CQN_AS,h1-stair-v0,4000,avg_return,200000,36.36446909295398
137,CQN_AS,h1-stair-v0,4000,avg_return,250000,36.69307336922979
138,CQN_AS,h1-stair-v0,4000,avg_return,300000,40.242393606775195
139,CQN_AS,h1-stair-v0,4000,avg_return,350000,39.19783798784392
140,CQN_AS,h1-stair-v0,4000,avg_return,400000,40.45599471987982
141,CQN_AS,h1-stair-v0,4000,avg_return,450000,41.67459332803853
142,CQN_AS,h1-stair-v0,4000,avg_return,500000,40.30034513835158
143,CQN_AS,h1-stair-v0,4000,avg_return,550000,41.42933210284505
144,CQN_AS,h1-stair-v0,4000,avg_return,600000,44.8618617838941
145,CQN_AS,h1-stair-v0,4000,avg_return,650000,44.66511227568741
146,CQN_AS,h1-stair-v0,4000,avg_return,700000,43.20217205265912
147,CQN_AS,h1-stair-v0,4000,avg_return,750000,41.74356708425111
148,CQN_AS,h1-stair-v0,4000,avg_return,800000,37.426313421616676
149,CQN_AS,h1-stair-v0,4000,avg_return,850000,42.836649727184735
150,CQN_AS,h1-stair-v0,4000,avg_return,900000,41.64437885828917
151,CQN_AS,h1-stair-v0,4000,avg_return,950000,46.52886440008889
152,CQN_AS,h1-hurdle-v0,1000,avg_return,50000,6.962394273877132
153,CQN_AS,h1-hurdle-v0,1000,avg_return,100000,6.380618673825745
154,CQN_AS,h1-hurdle-v0,1000,avg_return,150000,8.468167687026043
155,CQN_AS,h1-hurdle-v0,1000,avg_return,200000,9.321180299832779
156,CQN_AS,h1-hurdle-v0,1000,avg_return,250000,6.0359089339363035
157,CQN_AS,h1-hurdle-v0,1000,avg_return,300000,15.056299196417331
158,CQN_AS,h1-hurdle-v0,1000,avg_return,350000,10.230158052001348
159,CQN_AS,h1-hurdle-v0,1000,avg_return,400000,14.449267099459155
160,CQN_AS,h1-hurdle-v0,1000,avg_return,450000,16.16074645069119
161,CQN_AS,h1-hurdle-v0,1000,avg_return,500000,14.230913709470673
162,CQN_AS,h1-hurdle-v0,1000,avg_return,550000,14.928823603509695
163,CQN_AS,h1-hurdle-v0,1000,avg_return,600000,13.538052101086294
164,CQN_AS,h1-hurdle-v0,1000,avg_return,650000,17.318494186838844
165,CQN_AS,h1-hurdle-v0,1000,avg_return,700000,16.517219792418675
166,CQN_AS,h1-hurdle-v0,1000,avg_return,750000,23.324973020394328
167,CQN_AS,h1-hurdle-v0,1000,avg_return,800000,19.867346795457223
168,CQN_AS,h1-hurdle-v0,1000,avg_return,850000,23.232875034305984
169,CQN_AS,h1-hurdle-v0,1000,avg_return,900000,24.28419486809172
170,CQN_AS,h1-hurdle-v0,1000,avg_return,950000,25.11372342681616
171,CQN_AS,h1-hurdle-v0,2000,avg_return,50000,5.393768863530662
172,CQN_AS,h1-hurdle-v0,2000,avg_return,100000,6.250133402953557
173,CQN_AS,h1-hurdle-v0,2000,avg_return,150000,5.5514581592537375
174,CQN_AS,h1-hurdle-v0,2000,avg_return,200000,5.551596691777031
175,CQN_AS,h1-hurdle-v0,2000,avg_return,250000,7.822024848428337
176,CQN_AS,h1-hurdle-v0,2000,avg_return,300000,6.568798597102864
177,CQN_AS,h1-hurdle-v0,2000,avg_return,350000,7.021928053422167
178,CQN_AS,h1-hurdle-v0,2000,avg_return,400000,6.602473322475331
179,CQN_AS,h1-hurdle-v0,2000,avg_return,450000,12.812105630218758
180,CQN_AS,h1-hurdle-v0,2000,avg_return,500000,8.424831657352364
181,CQN_AS,h1-hurdle-v0,2000,avg_return,550000,16.93073682417761
182,CQN_AS,h1-hurdle-v0,2000,avg_return,600000,13.438358665473237
183,CQN_AS,h1-hurdle-v0,2000,avg_return,650000,12.74080041169157
184,CQN_AS,h1-hurdle-v0,2000,avg_return,700000,17.68505576919973
185,CQN_AS,h1-hurdle-v0,2000,avg_return,750000,15.426013251163269
186,CQN_AS,h1-hurdle-v0,2000,avg_return,800000,8.855114020274815
187,CQN_AS,h1-hurdle-v0,2000,avg_return,850000,17.60323398702777
188,CQN_AS,h1-hurdle-v0,2000,avg_return,900000,12.389288285216924
189,CQN_AS,h1-hurdle-v0,2000,avg_return,950000,14.569811154299796
190,CQN_AS,h1-stair-v0,3000,avg_return,50000,24.304264528866145
191,CQN_AS,h1-stair-v0,3000,avg_return,100000,19.77960278116982
192,CQN_AS,h1-stair-v0,3000,avg_return,150000,23.691751402440975
193,CQN_AS,h1-stair-v0,3000,avg_return,200000,21.694565670309576
194,CQN_AS,h1-stair-v0,3000,avg_return,250000,30.681272940843805
195,CQN_AS,h1-stair-v0,3000,avg_return,300000,33.593522282181226
196,CQN_AS,h1-stair-v0,3000,avg_return,350000,39.06923032500603
197,CQN_AS,h1-stair-v0,3000,avg_return,400000,36.43066351747068
198,CQN_AS,h1-stair-v0,3000,avg_return,450000,33.657382119457
199,CQN_AS,h1-stair-v0,3000,avg_return,500000,42.82301351361558
200,CQN_AS,h1-stair-v0,3000,avg_return,550000,39.06203785228178
201,CQN_AS,h1-stair-v0,3000,avg_return,600000,37.495832721931016
202,CQN_AS,h1-stair-v0,3000,avg_return,650000,39.64658119657939
203,CQN_AS,h1-stair-v0,3000,avg_return,700000,44.68763346799541
204,CQN_AS,h1-stair-v0,3000,avg_return,750000,42.02427820311183
205,CQN_AS,h1-stair-v0,3000,avg_return,800000,45.94086196158234
206,CQN_AS,h1-stair-v0,3000,avg_return,850000,39.80227010236091
207,CQN_AS,h1-stair-v0,3000,avg_return,900000,49.386961482325724
208,CQN_AS,h1-stair-v0,3000,avg_return,950000,47.51701566536322
209,CQN_AS,h1-stair-v0,2000,avg_return,50000,8.739346669371603
210,CQN_AS,h1-stair-v0,2000,avg_return,100000,8.635433967118797
211,CQN_AS,h1-stair-v0,2000,avg_return,150000,8.30031902037948
212,CQN_AS,h1-stair-v0,2000,avg_return,200000,7.318924610584761
213,CQN_AS,h1-stair-v0,2000,avg_return,250000,19.325872903362725
214,CQN_AS,h1-stair-v0,2000,avg_return,300000,31.650385740682253
215,CQN_AS,h1-stair-v0,2000,avg_return,350000,27.89181195556792
216,CQN_AS,h1-stair-v0,2000,avg_return,400000,21.31502446016503
217,CQN_AS,h1-stair-v0,2000,avg_return,450000,27.44791529986902
218,CQN_AS,h1-stair-v0,2000,avg_return,500000,27.02508980768784
219,CQN_AS,h1-stair-v0,2000,avg_return,550000,27.990649920066424
220,CQN_AS,h1-stair-v0,2000,avg_return,600000,21.210761652062544
221,CQN_AS,h1-stair-v0,2000,avg_return,650000,27.35056494662531
222,CQN_AS,h1-stair-v0,2000,avg_return,700000,30.201750191305667
223,CQN_AS,h1-stair-v0,2000,avg_return,750000,30.527797715412202
224,CQN_AS,h1-stair-v0,2000,avg_return,800000,31.886166043016278
225,CQN_AS,h1-stair-v0,2000,avg_return,850000,35.53605332380529
226,CQN_AS,h1-stair-v0,2000,avg_return,900000,35.34955234624283
227,CQN_AS,h1-stair-v0,2000,avg_return,950000,36.171802520945754
228,CQN_AS,h1-walk-v0,4000,avg_return,50000,6.217726309188749
229,CQN_AS,h1-walk-v0,4000,avg_return,100000,6.625334302308841
230,CQN_AS,h1-walk-v0,4000,avg_return,150000,8.709554954321419
231,CQN_AS,h1-walk-v0,4000,avg_return,200000,8.011661797919963
232,CQN_AS,h1-walk-v0,4000,avg_return,250000,13.960677184528041
233,CQN_AS,h1-walk-v0,4000,avg_return,300000,17.41412307732216
234,CQN_AS,h1-walk-v0,4000,avg_return,350000,20.3422473162461
235,CQN_AS,h1-walk-v0,4000,avg_return,400000,17.413726025634688
236,CQN_AS,h1-walk-v0,4000,avg_return,450000,24.8874287096201
237,CQN_AS,h1-walk-v0,4000,avg_return,500000,34.45829544333338
238,CQN_AS,h1-walk-v0,4000,avg_return,550000,37.603616380311436
239,CQN_AS,h1-walk-v0,4000,avg_return,600000,42.452362209421
240,CQN_AS,h1-walk-v0,4000,avg_return,650000,32.8814910040547
241,CQN_AS,h1-walk-v0,4000,avg_return,700000,28.723846039003433
242,CQN_AS,h1-walk-v0,4000,avg_return,750000,29.73893284244091
243,CQN_AS,h1-walk-v0,4000,avg_return,800000,44.440175399967316
244,CQN_AS,h1-walk-v0,4000,avg_return,850000,44.31273433220851
245,CQN_AS,h1-walk-v0,4000,avg_return,900000,43.422780045403755
246,CQN_AS,h1-walk-v0,4000,avg_return,950000,39.53801910964634
247,CQN_AS,h1-walk-v0,1000,avg_return,50000,9.51516607100179
248,CQN_AS,h1-walk-v0,1000,avg_return,100000,9.996601611646641
249,CQN_AS,h1-walk-v0,1000,avg_return,150000,10.70283143757182
250,CQN_AS,h1-walk-v0,1000,avg_return,200000,18.77790440961071
251,CQN_AS,h1-walk-v0,1000,avg_return,250000,25.73197274093669
252,CQN_AS,h1-walk-v0,1000,avg_return,300000,20.117147532717297
253,CQN_AS,h1-walk-v0,1000,avg_return,350000,22.859456732994964
254,CQN_AS,h1-walk-v0,1000,avg_return,400000,24.25807875651181
255,CQN_AS,h1-walk-v0,1000,avg_return,450000,21.956341177148822
256,CQN_AS,h1-walk-v0,1000,avg_return,500000,19.57796369791688
257,CQN_AS,h1-walk-v0,1000,avg_return,550000,24.28500237108874
258,CQN_AS,h1-walk-v0,1000,avg_return,600000,23.64316572422249
259,CQN_AS,h1-walk-v0,1000,avg_return,650000,30.02840324314431
260,CQN_AS,h1-walk-v0,1000,avg_return,700000,32.92264419868714
261,CQN_AS,h1-walk-v0,1000,avg_return,750000,39.793663620613025
262,CQN_AS,h1-walk-v0,1000,avg_return,800000,35.046022605212855
263,CQN_AS,h1-walk-v0,1000,avg_return,850000,47.709536861482974
264,CQN_AS,h1-walk-v0,1000,avg_return,900000,37.154987516032705
265,CQN_AS,h1-walk-v0,1000,avg_return,950000,46.725928035051986
266,CQN_AS,h1-stand-v0,4000,avg_return,50000,46.70237474094471
267,CQN_AS,h1-stand-v0,4000,avg_return,100000,49.92046728155088
268,CQN_AS,h1-stand-v0,4000,avg_return,150000,59.437804123515114
269,CQN_AS,h1-stand-v0,4000,avg_return,200000,74.74627462235443
270,CQN_AS,h1-stand-v0,4000,avg_return,250000,90.02254412430231
271,CQN_AS,h1-stand-v0,4000,avg_return,300000,96.4429821546244
272,CQN_AS,h1-stand-v0,4000,avg_return,350000,84.71318276823644
273,CQN_AS,h1-stand-v0,4000,avg_return,400000,145.735444559556
274,CQN_AS,h1-stand-v0,4000,avg_return,450000,160.34127887953235
275,CQN_AS,h1-stand-v0,4000,avg_return,500000,364.8471812803735
276,CQN_AS,h1-stand-v0,4000,avg_return,550000,190.64834199797835
277,CQN_AS,h1-stand-v0,4000,avg_return,600000,321.1235373362798
278,CQN_AS,h1-stand-v0,4000,avg_return,650000,271.60996484998725
279,CQN_AS,h1-stand-v0,4000,avg_return,700000,262.81558266645374
280,CQN_AS,h1-stand-v0,4000,avg_return,750000,634.540435225648
281,CQN_AS,h1-stand-v0,4000,avg_return,800000,264.0747019156268
282,CQN_AS,h1-stand-v0,4000,avg_return,850000,259.4799602173086
283,CQN_AS,h1-stand-v0,4000,avg_return,900000,739.5731595784506
284,CQN_AS,h1-stand-v0,4000,avg_return,950000,705.576597471488
285,CQN_AS,h1-stand-v0,1000,avg_return,50000,41.39348967528697
286,CQN_AS,h1-stand-v0,1000,avg_return,100000,63.45539850802114
287,CQN_AS,h1-stand-v0,1000,avg_return,150000,68.24978791881118
288,CQN_AS,h1-stand-v0,1000,avg_return,200000,67.69087403402844
289,CQN_AS,h1-stand-v0,1000,avg_return,250000,42.090087476372034
290,CQN_AS,h1-stand-v0,1000,avg_return,300000,85.18746289768933
291,CQN_AS,h1-stand-v0,1000,avg_return,350000,98.45835609903489
292,CQN_AS,h1-stand-v0,1000,avg_return,400000,79.76179153671363
293,CQN_AS,h1-stand-v0,1000,avg_return,450000,118.68304107964984
294,CQN_AS,h1-stand-v0,1000,avg_return,500000,64.22511378820022
295,CQN_AS,h1-stand-v0,1000,avg_return,550000,139.03256256510102
296,CQN_AS,h1-stand-v0,1000,avg_return,600000,153.23435069833894
297,CQN_AS,h1-stand-v0,1000,avg_return,650000,95.1935884479441
298,CQN_AS,h1-stand-v0,1000,avg_return,700000,249.0192409483803
299,CQN_AS,h1-stand-v0,1000,avg_return,750000,67.4486341507359
300,CQN_AS,h1-stand-v0,1000,avg_return,800000,152.61381252124406
301,CQN_AS,h1-stand-v0,1000,avg_return,850000,165.96160694491056
302,CQN_AS,h1-stand-v0,1000,avg_return,900000,229.900872573021
303,CQN_AS,h1-stand-v0,1000,avg_return,950000,313.29953897667076
304,CQN_AS,h1-stair-v0,0,avg_return,50000,18.955502653420783
305,CQN_AS,h1-stair-v0,0,avg_return,100000,19.472693645388063
306,CQN_AS,h1-stair-v0,0,avg_return,150000,24.783262216477052
307,CQN_AS,h1-stair-v0,0,avg_return,200000,25.61925023439945
308,CQN_AS,h1-stair-v0,0,avg_return,250000,32.89122122293904
309,CQN_AS,h1-stair-v0,0,avg_return,300000,32.70457541223223
310,CQN_AS,h1-stair-v0,0,avg_return,350000,36.225170367779384
311,CQN_AS,h1-stair-v0,0,avg_return,400000,40.790753086038464
312,CQN_AS,h1-stair-v0,0,avg_return,450000,39.42812495023006
313,CQN_AS,h1-stair-v0,0,avg_return,500000,40.2645319247432
314,CQN_AS,h1-stair-v0,0,avg_return,550000,37.525686027810764
315,CQN_AS,h1-stair-v0,0,avg_return,600000,30.66827856849968
316,CQN_AS,h1-stair-v0,0,avg_return,650000,46.07191443450121
317,CQN_AS,h1-stair-v0,0,avg_return,700000,28.905447513240212
318,CQN_AS,h1-stair-v0,0,avg_return,750000,44.32812919873933
319,CQN_AS,h1-stair-v0,0,avg_return,800000,43.44610395185031
320,CQN_AS,h1-stair-v0,0,avg_return,850000,38.53296286619325
321,CQN_AS,h1-stair-v0,0,avg_return,900000,48.024443664889894
322,CQN_AS,h1-stair-v0,0,avg_return,950000,45.0104286982204
323,CQN_AS,h1-slide-v0,4000,avg_return,50000,13.24317865814441
324,CQN_AS,h1-slide-v0,4000,avg_return,100000,25.200494203638492
325,CQN_AS,h1-slide-v0,4000,avg_return,150000,30.273830212140858
326,CQN_AS,h1-slide-v0,4000,avg_return,200000,39.68202499069105
327,CQN_AS,h1-slide-v0,4000,avg_return,250000,34.75376529749436
328,CQN_AS,h1-slide-v0,4000,avg_return,300000,36.78263620361064
329,CQN_AS,h1-slide-v0,4000,avg_return,350000,37.683201959724144
330,CQN_AS,h1-slide-v0,4000,avg_return,400000,40.718939469365345
331,CQN_AS,h1-slide-v0,4000,avg_return,450000,43.90752293179395
332,CQN_AS,h1-slide-v0,4000,avg_return,500000,40.542443880667136
333,CQN_AS,h1-slide-v0,4000,avg_return,550000,42.855265211225955
334,CQN_AS,h1-slide-v0,4000,avg_return,600000,56.327545322226875
335,CQN_AS,h1-slide-v0,4000,avg_return,650000,45.73407648511978
336,CQN_AS,h1-slide-v0,4000,avg_return,700000,49.09023788761742
337,CQN_AS,h1-slide-v0,4000,avg_return,750000,44.161338170306614
338,CQN_AS,h1-slide-v0,4000,avg_return,800000,56.85065311710348
339,CQN_AS,h1-slide-v0,4000,avg_return,850000,48.76146769005057
340,CQN_AS,h1-slide-v0,4000,avg_return,900000,46.43298105611947
341,CQN_AS,h1-slide-v0,4000,avg_return,950000,51.356581077403156
342,CQN_AS,h1-slide-v0,1000,avg_return,50000,9.15983130147168
343,CQN_AS,h1-slide-v0,1000,avg_return,100000,9.411533807092965
344,CQN_AS,h1-slide-v0,1000,avg_return,150000,27.05824934834402
345,CQN_AS,h1-slide-v0,1000,avg_return,200000,29.502879096534503
346,CQN_AS,h1-slide-v0,1000,avg_return,250000,26.408014998920994
347,CQN_AS,h1-slide-v0,1000,avg_return,300000,31.301120894449745
348,CQN_AS,h1-slide-v0,1000,avg_return,350000,36.42451940714273
349,CQN_AS,h1-slide-v0,1000,avg_return,400000,30.686091857113723
350,CQN_AS,h1-slide-v0,1000,avg_return,450000,38.853402264159016
351,CQN_AS,h1-slide-v0,1000,avg_return,500000,32.52225527890366
352,CQN_AS,h1-slide-v0,1000,avg_return,550000,36.21229362021858
353,CQN_AS,h1-slide-v0,1000,avg_return,600000,43.8371228098583
354,CQN_AS,h1-slide-v0,1000,avg_return,650000,44.518262008653124
355,CQN_AS,h1-slide-v0,1000,avg_return,700000,51.33667984348024
356,CQN_AS,h1-slide-v0,1000,avg_return,750000,47.26568974338612
357,CQN_AS,h1-slide-v0,1000,avg_return,800000,48.747314977898824
358,CQN_AS,h1-slide-v0,1000,avg_return,850000,49.13046419233299
359,CQN_AS,h1-slide-v0,1000,avg_return,900000,54.51575917461639
360,CQN_AS,h1-slide-v0,1000,avg_return,950000,47.62467981976425
361,CQN_AS,h1-sit-simple-v0,4000,avg_return,50000,28.004156662340602
362,CQN_AS,h1-sit-simple-v0,4000,avg_return,100000,77.3714393667797
363,CQN_AS,h1-sit-simple-v0,4000,avg_return,150000,140.57796516074222
364,CQN_AS,h1-sit-simple-v0,4000,avg_return,200000,577.0225255182863
365,CQN_AS,h1-sit-simple-v0,4000,avg_return,250000,407.5924493414028
366,CQN_AS,h1-sit-simple-v0,4000,avg_return,300000,430.2037171045584
367,CQN_AS,h1-sit-simple-v0,4000,avg_return,350000,524.3353952057439
368,CQN_AS,h1-sit-simple-v0,4000,avg_return,400000,644.5282926236537
369,CQN_AS,h1-sit-simple-v0,4000,avg_return,450000,556.3426641517167
370,CQN_AS,h1-sit-simple-v0,4000,avg_return,500000,602.8399540836915
371,CQN_AS,h1-sit-simple-v0,4000,avg_return,550000,778.0873884168088
372,CQN_AS,h1-sit-simple-v0,4000,avg_return,600000,736.978708315639
373,CQN_AS,h1-sit-simple-v0,4000,avg_return,650000,656.7996353716354
374,CQN_AS,h1-sit-simple-v0,4000,avg_return,700000,316.67653384080575
375,CQN_AS,h1-sit-simple-v0,4000,avg_return,750000,734.7651832479476
376,CQN_AS,h1-sit-simple-v0,4000,avg_return,800000,633.0066193035357
377,CQN_AS,h1-sit-simple-v0,4000,avg_return,850000,716.2980031687836
378,CQN_AS,h1-sit-simple-v0,4000,avg_return,900000,817.1516187658888
379,CQN_AS,h1-sit-simple-v0,4000,avg_return,950000,806.8119875706132
380,CQN_AS,h1-sit-simple-v0,1000,avg_return,50000,35.82847357929455
381,CQN_AS,h1-sit-simple-v0,1000,avg_return,100000,79.03069969780636
382,CQN_AS,h1-sit-simple-v0,1000,avg_return,150000,62.337531793089546
383,CQN_AS,h1-sit-simple-v0,1000,avg_return,200000,55.9214251189048
384,CQN_AS,h1-sit-simple-v0,1000,avg_return,250000,88.05389541158556
385,CQN_AS,h1-sit-simple-v0,1000,avg_return,300000,648.3290377972933
386,CQN_AS,h1-sit-simple-v0,1000,avg_return,350000,521.26401343508
387,CQN_AS,h1-sit-simple-v0,1000,avg_return,400000,710.6880363202146
388,CQN_AS,h1-sit-simple-v0,1000,avg_return,450000,609.8955867296024
389,CQN_AS,h1-sit-simple-v0,1000,avg_return,500000,646.485991614102
390,CQN_AS,h1-sit-simple-v0,1000,avg_return,550000,664.9184798812246
391,CQN_AS,h1-sit-simple-v0,1000,avg_return,600000,700.6338040942036
392,CQN_AS,h1-sit-simple-v0,1000,avg_return,650000,808.1430205213121
393,CQN_AS,h1-sit-simple-v0,1000,avg_return,700000,809.9106043368258
394,CQN_AS,h1-sit-simple-v0,1000,avg_return,750000,847.8699728283567
395,CQN_AS,h1-sit-simple-v0,1000,avg_return,800000,868.6183260398245
396,CQN_AS,h1-sit-simple-v0,1000,avg_return,850000,859.5308375457929
397,CQN_AS,h1-sit-simple-v0,1000,avg_return,900000,830.9596290721269
398,CQN_AS,h1-sit-simple-v0,1000,avg_return,950000,855.7023534087296
399,CQN_AS,h1-pole-v0,4000,avg_return,50000,38.344516445589264
400,CQN_AS,h1-pole-v0,4000,avg_return,100000,39.1881831635328
401,CQN_AS,h1-pole-v0,4000,avg_return,150000,47.10471317712985
402,CQN_AS,h1-pole-v0,4000,avg_return,200000,47.920655790609956
403,CQN_AS,h1-pole-v0,4000,avg_return,250000,61.58118891425579
404,CQN_AS,h1-pole-v0,4000,avg_return,300000,60.120904246763075
405,CQN_AS,h1-pole-v0,4000,avg_return,350000,46.07584338144547
406,CQN_AS,h1-pole-v0,4000,avg_return,400000,53.5969055406983
407,CQN_AS,h1-pole-v0,4000,avg_return,450000,58.95252340815998
408,CQN_AS,h1-pole-v0,4000,avg_return,500000,70.77327751722588
409,CQN_AS,h1-pole-v0,4000,avg_return,550000,65.86045750931385
410,CQN_AS,h1-pole-v0,4000,avg_return,600000,65.88121910270128
411,CQN_AS,h1-pole-v0,4000,avg_return,650000,63.118654466879796
412,CQN_AS,h1-pole-v0,4000,avg_return,700000,71.56124757862702
413,CQN_AS,h1-pole-v0,4000,avg_return,750000,90.56694557653361
414,CQN_AS,h1-pole-v0,4000,avg_return,800000,92.00329155710455
415,CQN_AS,h1-pole-v0,4000,avg_return,850000,94.08848037063886
416,CQN_AS,h1-pole-v0,4000,avg_return,900000,94.11567889520967
417,CQN_AS,h1-pole-v0,4000,avg_return,950000,96.7490622813514
418,CQN_AS,h1-pole-v0,1000,avg_return,50000,46.45122879092306
419,CQN_AS,h1-pole-v0,1000,avg_return,100000,56.71675295771411
420,CQN_AS,h1-pole-v0,1000,avg_return,150000,48.83458962155465
421,CQN_AS,h1-pole-v0,1000,avg_return,200000,50.91004135475288
422,CQN_AS,h1-pole-v0,1000,avg_return,250000,61.91584433051893
423,CQN_AS,h1-pole-v0,1000,avg_return,300000,59.85696740904241
424,CQN_AS,h1-pole-v0,1000,avg_return,350000,53.44856846537078
425,CQN_AS,h1-pole-v0,1000,avg_return,400000,58.45348066554571
426,CQN_AS,h1-pole-v0,1000,avg_return,450000,72.00893684203689
427,CQN_AS,h1-pole-v0,1000,avg_return,500000,95.1278410350086
428,CQN_AS,h1-pole-v0,1000,avg_return,550000,62.909640947314514
429,CQN_AS,h1-pole-v0,1000,avg_return,600000,89.40491985280283
430,CQN_AS,h1-pole-v0,1000,avg_return,650000,94.06349282414058
431,CQN_AS,h1-pole-v0,1000,avg_return,700000,76.5624626749507
432,CQN_AS,h1-pole-v0,1000,avg_return,750000,107.93011218199737
433,CQN_AS,h1-pole-v0,1000,avg_return,800000,86.21429826700734
434,CQN_AS,h1-pole-v0,1000,avg_return,850000,95.81925805774458
435,CQN_AS,h1-pole-v0,1000,avg_return,900000,89.48353754140223
436,CQN_AS,h1-pole-v0,1000,avg_return,950000,100.58003773881528
437,CQN_AS,h1-hurdle-v0,3000,avg_return,50000,5.768394343298821
438,CQN_AS,h1-hurdle-v0,3000,avg_return,100000,6.259142484821388
439,CQN_AS,h1-hurdle-v0,3000,avg_return,150000,6.110688608060892
440,CQN_AS,h1-hurdle-v0,3000,avg_return,200000,7.906059522168151
441,CQN_AS,h1-hurdle-v0,3000,avg_return,250000,7.153165864414258
442,CQN_AS,h1-hurdle-v0,3000,avg_return,300000,5.903415892038343
443,CQN_AS,h1-hurdle-v0,3000,avg_return,350000,13.849608483781562
444,CQN_AS,h1-hurdle-v0,3000,avg_return,400000,12.747690175971506
445,CQN_AS,h1-hurdle-v0,3000,avg_return,450000,11.14335517236977
446,CQN_AS,h1-hurdle-v0,3000,avg_return,500000,10.085946282119659
447,CQN_AS,h1-hurdle-v0,3000,avg_return,550000,13.98981896331171
448,CQN_AS,h1-hurdle-v0,3000,avg_return,600000,11.997385292022987
449,CQN_AS,h1-hurdle-v0,3000,avg_return,650000,14.281851004937645
450,CQN_AS,h1-hurdle-v0,3000,avg_return,700000,11.71779463524029
451,CQN_AS,h1-hurdle-v0,3000,avg_return,750000,14.409014661639878
452,CQN_AS,h1-hurdle-v0,3000,avg_return,800000,15.184194144535065
453,CQN_AS,h1-hurdle-v0,3000,avg_return,850000,15.427661289185048
454,CQN_AS,h1-hurdle-v0,3000,avg_return,900000,16.308395516611125
455,CQN_AS,h1-hurdle-v0,3000,avg_return,950000,15.933099546227226
456,CQN_AS,h1-hurdle-v0,0,avg_return,50000,5.38626248468894
457,CQN_AS,h1-hurdle-v0,0,avg_return,100000,5.958322703647294
458,CQN_AS,h1-hurdle-v0,0,avg_return,150000,7.484612997141937
459,CQN_AS,h1-hurdle-v0,0,avg_return,200000,8.675433257533555
460,CQN_AS,h1-hurdle-v0,0,avg_return,250000,9.657689124962463
461,CQN_AS,h1-hurdle-v0,0,avg_return,300000,11.683963297753026
462,CQN_AS,h1-hurdle-v0,0,avg_return,350000,7.827248207987506
463,CQN_AS,h1-hurdle-v0,0,avg_return,400000,7.28426223992138
464,CQN_AS,h1-hurdle-v0,0,avg_return,450000,9.999984653523267
465,CQN_AS,h1-hurdle-v0,0,avg_return,500000,12.841475505373193
466,CQN_AS,h1-hurdle-v0,0,avg_return,550000,13.607315466221584
467,CQN_AS,h1-hurdle-v0,0,avg_return,600000,12.896956354181373
468,CQN_AS,h1-hurdle-v0,0,avg_return,650000,13.759390758477625
469,CQN_AS,h1-hurdle-v0,0,avg_return,700000,18.80616813765538
470,CQN_AS,h1-hurdle-v0,0,avg_return,750000,15.400016187032119
471,CQN_AS,h1-hurdle-v0,0,avg_return,800000,15.69882935256651
472,CQN_AS,h1-hurdle-v0,0,avg_return,850000,16.229113789598355
473,CQN_AS,h1-hurdle-v0,0,avg_return,900000,17.43798557108881
474,CQN_AS,h1-hurdle-v0,0,avg_return,950000,16.826294116619145
475,CQN_AS,h1-pole-v0,3000,avg_return,50000,61.60896471034535
476,CQN_AS,h1-pole-v0,3000,avg_return,100000,81.50006582896938
477,CQN_AS,h1-pole-v0,3000,avg_return,150000,92.39985028917037
478,CQN_AS,h1-pole-v0,3000,avg_return,200000,79.38614354473057
479,CQN_AS,h1-pole-v0,3000,avg_return,250000,92.14774298295241
480,CQN_AS,h1-pole-v0,3000,avg_return,300000,87.43288015569844
481,CQN_AS,h1-pole-v0,3000,avg_return,350000,84.95250368198091
482,CQN_AS,h1-pole-v0,3000,avg_return,400000,76.04109472730046
483,CQN_AS,h1-pole-v0,3000,avg_return,450000,97.15756118046889
484,CQN_AS,h1-pole-v0,3000,avg_return,500000,74.87657631950741
485,CQN_AS,h1-pole-v0,3000,avg_return,550000,83.5312796068966
486,CQN_AS,h1-pole-v0,3000,avg_return,600000,93.87417000964678
487,CQN_AS,h1-pole-v0,3000,avg_return,650000,117.33261554026663
488,CQN_AS,h1-pole-v0,3000,avg_return,700000,101.1698093673886
489,CQN_AS,h1-pole-v0,3000,avg_return,750000,130.43107559289123
490,CQN_AS,h1-pole-v0,3000,avg_return,800000,114.8419385207532
491,CQN_AS,h1-pole-v0,3000,avg_return,850000,102.27275126801348
492,CQN_AS,h1-pole-v0,3000,avg_return,900000,96.86156265663108
493,CQN_AS,h1-pole-v0,3000,avg_return,950000,91.05377334101033
494,CQN_AS,h1-pole-v0,0,avg_return,50000,44.67178916753834
495,CQN_AS,h1-pole-v0,0,avg_return,100000,43.3282792309423
496,CQN_AS,h1-pole-v0,0,avg_return,150000,54.749476845602956
497,CQN_AS,h1-pole-v0,0,avg_return,200000,61.30521832567378
498,CQN_AS,h1-pole-v0,0,avg_return,250000,58.228312385727705
499,CQN_AS,h1-pole-v0,0,avg_return,300000,64.30764269191519
500,CQN_AS,h1-pole-v0,0,avg_return,350000,78.30640034324516
501,CQN_AS,h1-pole-v0,0,avg_return,400000,96.27036069409534
502,CQN_AS,h1-pole-v0,0,avg_return,450000,83.8078887944411
503,CQN_AS,h1-pole-v0,0,avg_return,500000,103.96451523487212
504,CQN_AS,h1-pole-v0,0,avg_return,550000,75.37364546093309
505,CQN_AS,h1-pole-v0,0,avg_return,600000,105.85848177460369
506,CQN_AS,h1-pole-v0,0,avg_return,650000,110.49951559100869
507,CQN_AS,h1-pole-v0,0,avg_return,700000,98.69677359788001
508,CQN_AS,h1-pole-v0,0,avg_return,750000,121.52390567898244
509,CQN_AS,h1-pole-v0,0,avg_return,800000,119.71487836911174
510,CQN_AS,h1-pole-v0,0,avg_return,850000,112.56381309246913
511,CQN_AS,h1-pole-v0,0,avg_return,900000,112.3367906300123
512,CQN_AS,h1-pole-v0,0,avg_return,950000,115.99403825969497
513,CQN_AS,h1-slide-v0,3000,avg_return,50000,10.452640992197633
514,CQN_AS,h1-slide-v0,3000,avg_return,100000,9.084385637921823
515,CQN_AS,h1-slide-v0,3000,avg_return,150000,27.654297477379725
516,CQN_AS,h1-slide-v0,3000,avg_return,200000,25.5571310439755
517,CQN_AS,h1-slide-v0,3000,avg_return,250000,26.030135242584333
518,CQN_AS,h1-slide-v0,3000,avg_return,300000,34.922763858964906
519,CQN_AS,h1-slide-v0,3000,avg_return,350000,34.0450668097296
520,CQN_AS,h1-slide-v0,3000,avg_return,400000,30.67542393988277
521,CQN_AS,h1-slide-v0,3000,avg_return,450000,38.78398897427216
522,CQN_AS,h1-slide-v0,3000,avg_return,500000,39.392058822195644
523,CQN_AS,h1-slide-v0,3000,avg_return,550000,40.12432241491417
524,CQN_AS,h1-slide-v0,3000,avg_return,600000,34.80962392252193
525,CQN_AS,h1-slide-v0,3000,avg_return,650000,39.48211350273832
526,CQN_AS,h1-slide-v0,3000,avg_return,700000,42.185089534344186
527,CQN_AS,h1-slide-v0,3000,avg_return,750000,46.15013875674932
528,CQN_AS,h1-slide-v0,3000,avg_return,800000,43.760071820769596
529,CQN_AS,h1-slide-v0,3000,avg_return,850000,44.37583258122659
530,CQN_AS,h1-slide-v0,3000,avg_return,900000,44.34480285629708
531,CQN_AS,h1-slide-v0,3000,avg_return,950000,48.553144447198406
532,CQN_AS,h1-slide-v0,0,avg_return,50000,18.533504608951198
533,CQN_AS,h1-slide-v0,0,avg_return,100000,25.967185349890315
534,CQN_AS,h1-slide-v0,0,avg_return,150000,31.059053553879785
535,CQN_AS,h1-slide-v0,0,avg_return,200000,34.952059063155794
536,CQN_AS,h1-slide-v0,0,avg_return,250000,36.43524851699773
537,CQN_AS,h1-slide-v0,0,avg_return,300000,35.37732570420228
538,CQN_AS,h1-slide-v0,0,avg_return,350000,34.68213863797208
539,CQN_AS,h1-slide-v0,0,avg_return,400000,37.98674391755456
540,CQN_AS,h1-slide-v0,0,avg_return,450000,40.56248942752274
541,CQN_AS,h1-slide-v0,0,avg_return,500000,37.136409826080126
542,CQN_AS,h1-slide-v0,0,avg_return,550000,40.77157608420811
543,CQN_AS,h1-slide-v0,0,avg_return,600000,43.97009704211283
544,CQN_AS,h1-slide-v0,0,avg_return,650000,48.11580345635571
545,CQN_AS,h1-slide-v0,0,avg_return,700000,41.84509886912959
546,CQN_AS,h1-slide-v0,0,avg_return,750000,49.43217665525395
547,CQN_AS,h1-slide-v0,0,avg_return,800000,47.21990528858384
548,CQN_AS,h1-slide-v0,0,avg_return,850000,49.358605385475414
549,CQN_AS,h1-slide-v0,0,avg_return,900000,45.47907895526838
550,CQN_AS,h1-slide-v0,0,avg_return,950000,50.06798453537815
551,CQN_AS,h1-sit-simple-v0,3000,avg_return,50000,40.097406373764606
552,CQN_AS,h1-sit-simple-v0,3000,avg_return,100000,174.336205886026
553,CQN_AS,h1-sit-simple-v0,3000,avg_return,150000,361.07329083566344
554,CQN_AS,h1-sit-simple-v0,3000,avg_return,200000,442.1500200253001
555,CQN_AS,h1-sit-simple-v0,3000,avg_return,250000,394.2440425136029
556,CQN_AS,h1-sit-simple-v0,3000,avg_return,300000,369.6802857707471
557,CQN_AS,h1-sit-simple-v0,3000,avg_return,350000,474.9138858960895
558,CQN_AS,h1-sit-simple-v0,3000,avg_return,400000,401.3354684924319
559,CQN_AS,h1-sit-simple-v0,3000,avg_return,450000,503.63516531099503
560,CQN_AS,h1-sit-simple-v0,3000,avg_return,500000,479.38922611099525
561,CQN_AS,h1-sit-simple-v0,3000,avg_return,550000,405.7393954825633
562,CQN_AS,h1-sit-simple-v0,3000,avg_return,600000,372.50298710472237
563,CQN_AS,h1-sit-simple-v0,3000,avg_return,650000,554.9158423336188
564,CQN_AS,h1-sit-simple-v0,3000,avg_return,700000,588.0648703624504
565,CQN_AS,h1-sit-simple-v0,3000,avg_return,750000,543.0313003549225
566,CQN_AS,h1-sit-simple-v0,3000,avg_return,800000,479.81694154266023
567,CQN_AS,h1-sit-simple-v0,3000,avg_return,850000,430.05512625340236
568,CQN_AS,h1-sit-simple-v0,3000,avg_return,900000,656.9776690007172
569,CQN_AS,h1-sit-simple-v0,3000,avg_return,950000,455.6101002627637
570,CQN_AS,h1-sit-simple-v0,0,avg_return,50000,82.24800260171226
571,CQN_AS,h1-sit-simple-v0,0,avg_return,100000,272.61762554257996
572,CQN_AS,h1-sit-simple-v0,0,avg_return,150000,341.3433805068622
573,CQN_AS,h1-sit-simple-v0,0,avg_return,200000,574.0608961058522
574,CQN_AS,h1-sit-simple-v0,0,avg_return,250000,796.715210493095
575,CQN_AS,h1-sit-simple-v0,0,avg_return,300000,717.5120706048618
576,CQN_AS,h1-sit-simple-v0,0,avg_return,350000,483.18447337039305
577,CQN_AS,h1-sit-simple-v0,0,avg_return,400000,770.9925839009263
578,CQN_AS,h1-sit-simple-v0,0,avg_return,450000,737.2856103045574
579,CQN_AS,h1-sit-simple-v0,0,avg_return,500000,839.4747792428585
580,CQN_AS,h1-sit-simple-v0,0,avg_return,550000,742.5291314815634
581,CQN_AS,h1-sit-simple-v0,0,avg_return,600000,389.85254062984785
582,CQN_AS,h1-sit-simple-v0,0,avg_return,650000,844.1416836576587
583,CQN_AS,h1-sit-simple-v0,0,avg_return,700000,749.6970273909567
584,CQN_AS,h1-sit-simple-v0,0,avg_return,750000,804.1336812305369
585,CQN_AS,h1-sit-simple-v0,0,avg_return,800000,827.4219262226982
586,CQN_AS,h1-sit-simple-v0,0,avg_return,850000,801.8187559752743
587,CQN_AS,h1-sit-simple-v0,0,avg_return,900000,760.2390177117518
588,CQN_AS,h1-sit-simple-v0,0,avg_return,950000,862.4152443978479
589,CQN_AS,h1-stand-v0,3000,avg_return,50000,48.584280301489095
590,CQN_AS,h1-stand-v0,3000,avg_return,100000,67.76599459716931
591,CQN_AS,h1-stand-v0,3000,avg_return,150000,67.79427775505967
592,CQN_AS,h1-stand-v0,3000,avg_return,200000,69.72786772699133
593,CQN_AS,h1-stand-v0,3000,avg_return,250000,79.1466682625962
594,CQN_AS,h1-stand-v0,3000,avg_return,300000,85.60169782858127
595,CQN_AS,h1-stand-v0,3000,avg_return,350000,59.00361362424475
596,CQN_AS,h1-stand-v0,3000,avg_return,400000,91.30938021847345
597,CQN_AS,h1-stand-v0,3000,avg_return,450000,152.30105146029942
598,CQN_AS,h1-stand-v0,3000,avg_return,500000,83.00429517463303
599,CQN_AS,h1-stand-v0,3000,avg_return,550000,191.92605566202735
600,CQN_AS,h1-stand-v0,3000,avg_return,600000,223.7273474085298
601,CQN_AS,h1-stand-v0,3000,avg_return,650000,252.00949168534302
602,CQN_AS,h1-stand-v0,3000,avg_return,700000,476.91680596875403
603,CQN_AS,h1-stand-v0,3000,avg_return,750000,231.08384519844535
604,CQN_AS,h1-stand-v0,3000,avg_return,800000,209.65629972861424
605,CQN_AS,h1-stand-v0,3000,avg_return,850000,161.4030912230052
606,CQN_AS,h1-stand-v0,3000,avg_return,900000,707.9761249558197
607,CQN_AS,h1-stand-v0,3000,avg_return,950000,718.1908626856895
608,CQN_AS,h1-stand-v0,0,avg_return,50000,27.41019700418832
609,CQN_AS,h1-stand-v0,0,avg_return,100000,28.885365183585748
610,CQN_AS,h1-stand-v0,0,avg_return,150000,29.700889042342446
611,CQN_AS,h1-stand-v0,0,avg_return,200000,38.208085667650714
612,CQN_AS,h1-stand-v0,0,avg_return,250000,33.425390439841664
613,CQN_AS,h1-stand-v0,0,avg_return,300000,41.17761663657142
614,CQN_AS,h1-stand-v0,0,avg_return,350000,47.32447502164045
615,CQN_AS,h1-stand-v0,0,avg_return,400000,46.48070108017988
616,CQN_AS,h1-stand-v0,0,avg_return,450000,43.90219014279648
617,CQN_AS,h1-stand-v0,0,avg_return,500000,48.71071776765701
618,CQN_AS,h1-stand-v0,0,avg_return,550000,46.3562821504813
619,CQN_AS,h1-stand-v0,0,avg_return,600000,56.81040742646286
620,CQN_AS,h1-stand-v0,0,avg_return,650000,74.47725214564741
621,CQN_AS,h1-stand-v0,0,avg_return,700000,62.46805107865957
622,CQN_AS,h1-stand-v0,0,avg_return,750000,79.54441576179772
623,CQN_AS,h1-stand-v0,0,avg_return,800000,99.63867511054976
624,CQN_AS,h1-stand-v0,0,avg_return,850000,114.4086968874391
625,CQN_AS,h1-stand-v0,0,avg_return,900000,123.92062527972632
626,CQN_AS,h1-stand-v0,0,avg_return,950000,148.57419626490568
627,CQN_AS,h1-walk-v0,3000,avg_return,50000,10.783103599897599
628,CQN_AS,h1-walk-v0,3000,avg_return,100000,19.962862903032324
629,CQN_AS,h1-walk-v0,3000,avg_return,150000,20.32993332303839
630,CQN_AS,h1-walk-v0,3000,avg_return,200000,17.724182310200252
631,CQN_AS,h1-walk-v0,3000,avg_return,250000,29.569198331442987
632,CQN_AS,h1-walk-v0,3000,avg_return,300000,31.704491007654514
633,CQN_AS,h1-walk-v0,3000,avg_return,350000,37.607299410919964
634,CQN_AS,h1-walk-v0,3000,avg_return,400000,39.125940198243
635,CQN_AS,h1-walk-v0,3000,avg_return,450000,46.16154442521597
636,CQN_AS,h1-walk-v0,3000,avg_return,500000,39.40554340395429
637,CQN_AS,h1-walk-v0,3000,avg_return,550000,39.9307558463989
638,CQN_AS,h1-walk-v0,3000,avg_return,600000,42.14199355418294
639,CQN_AS,h1-walk-v0,3000,avg_return,650000,43.54690558027759
640,CQN_AS,h1-walk-v0,3000,avg_return,700000,37.806254165886756
641,CQN_AS,h1-walk-v0,3000,avg_return,750000,47.66210246225383
642,CQN_AS,h1-walk-v0,3000,avg_return,800000,43.47620232866591
643,CQN_AS,h1-walk-v0,3000,avg_return,850000,40.55415161620169
644,CQN_AS,h1-walk-v0,3000,avg_return,900000,44.988328448228586
645,CQN_AS,h1-walk-v0,3000,avg_return,950000,47.71107618078112
646,CQN_AS,h1-walk-v0,0,avg_return,50000,6.304815585794368
647,CQN_AS,h1-walk-v0,0,avg_return,100000,12.596576593133094
648,CQN_AS,h1-walk-v0,0,avg_return,150000,16.180038161998777
649,CQN_AS,h1-walk-v0,0,avg_return,200000,29.62398829208261
650,CQN_AS,h1-walk-v0,0,avg_return,250000,28.51652541714693
651,CQN_AS,h1-walk-v0,0,avg_return,300000,36.18533872689752
652,CQN_AS,h1-walk-v0,0,avg_return,350000,34.18613009753489
653,CQN_AS,h1-walk-v0,0,avg_return,400000,41.28857964272377
654,CQN_AS,h1-walk-v0,0,avg_return,450000,36.71337454976707
655,CQN_AS,h1-walk-v0,0,avg_return,500000,36.316111357242455
656,CQN_AS,h1-walk-v0,0,avg_return,550000,59.40934926070819
657,CQN_AS,h1-walk-v0,0,avg_return,600000,43.5110424116108
658,CQN_AS,h1-walk-v0,0,avg_return,650000,51.376771690728845
659,CQN_AS,h1-walk-v0,0,avg_return,700000,77.85615445631802
660,CQN_AS,h1-walk-v0,0,avg_return,750000,66.73346592489574
661,CQN_AS,h1-walk-v0,0,avg_return,800000,81.28888003358
662,CQN_AS,h1-walk-v0,0,avg_return,850000,64.49401800731025
663,CQN_AS,h1-walk-v0,0,avg_return,900000,79.84793536489518
664,CQN_AS,h1-walk-v0,0,avg_return,950000,92.07316389807352
665,CQN_AS,h1-crawl-v0,0,avg_return,50000,281.5240309902344
666,CQN_AS,h1-crawl-v0,0,avg_return,100000,329.1342207216418
667,CQN_AS,h1-crawl-v0,0,avg_return,150000,388.75053477989934
668,CQN_AS,h1-crawl-v0,0,avg_return,200000,463.8141313427003
669,CQN_AS,h1-crawl-v0,0,avg_return,250000,493.6759980527245
670,CQN_AS,h1-crawl-v0,0,avg_return,300000,589.44679051352
671,CQN_AS,h1-crawl-v0,0,avg_return,350000,591.8170142732743
672,CQN_AS,h1-crawl-v0,0,avg_return,400000,594.6140957432061
673,CQN_AS,h1-crawl-v0,0,avg_return,450000,588.7580801216942
674,CQN_AS,h1-crawl-v0,0,avg_return,500000,596.2247600533676
675,CQN_AS,h1-crawl-v0,0,avg_return,550000,587.6200822722857
676,CQN_AS,h1-crawl-v0,0,avg_return,600000,575.013641444102
677,CQN_AS,h1-crawl-v0,0,avg_return,650000,515.9351663369571
678,CQN_AS,h1-crawl-v0,0,avg_return,700000,599.7549694080802
679,CQN_AS,h1-crawl-v0,0,avg_return,750000,600.3358362624692
680,CQN_AS,h1-crawl-v0,0,avg_return,800000,581.0566672735858
681,CQN_AS,h1-crawl-v0,0,avg_return,850000,597.2342918486056
682,CQN_AS,h1-crawl-v0,0,avg_return,900000,596.9910276691955
683,CQN_AS,h1-crawl-v0,0,avg_return,950000,582.2895595840542
684,CQN_AS,h1-balance-hard-v0,2000,avg_return,50000,29.172516385067166
685,CQN_AS,h1-balance-hard-v0,2000,avg_return,100000,38.95249958302458
686,CQN_AS,h1-balance-hard-v0,2000,avg_return,150000,41.86904185704982
687,CQN_AS,h1-balance-hard-v0,2000,avg_return,200000,38.137270554538055
688,CQN_AS,h1-balance-hard-v0,2000,avg_return,250000,43.91738900909952
689,CQN_AS,h1-balance-hard-v0,2000,avg_return,300000,42.519577317324114
690,CQN_AS,h1-balance-hard-v0,2000,avg_return,350000,42.16641069142837
691,CQN_AS,h1-balance-hard-v0,2000,avg_return,400000,44.675625191943205
692,CQN_AS,h1-balance-hard-v0,2000,avg_return,450000,45.24051445147737
693,CQN_AS,h1-balance-hard-v0,2000,avg_return,500000,44.23748854725285
694,CQN_AS,h1-balance-hard-v0,2000,avg_return,550000,46.07142521008402
695,CQN_AS,h1-balance-hard-v0,2000,avg_return,600000,44.14793423211334
696,CQN_AS,h1-balance-hard-v0,2000,avg_return,650000,47.113471443309
697,CQN_AS,h1-balance-hard-v0,2000,avg_return,700000,45.46535755918024
698,CQN_AS,h1-balance-hard-v0,2000,avg_return,750000,42.631158729806124
699,CQN_AS,h1-balance-hard-v0,2000,avg_return,800000,47.319135595903994
700,CQN_AS,h1-balance-hard-v0,2000,avg_return,850000,43.314499645990765
701,CQN_AS,h1-balance-hard-v0,2000,avg_return,900000,41.61960272971714
702,CQN_AS,h1-balance-hard-v0,2000,avg_return,950000,45.323297497481455
703,CQN_AS,h1-run-v0,2000,avg_return,50000,4.165409527473534
704,CQN_AS,h1-run-v0,2000,avg_return,100000,7.116338542221572
705,CQN_AS,h1-run-v0,2000,avg_return,150000,6.851300660013858
706,CQN_AS,h1-run-v0,2000,avg_return,200000,4.770651471948813
707,CQN_AS,h1-run-v0,2000,avg_return,250000,7.70358980177253
708,CQN_AS,h1-run-v0,2000,avg_return,300000,7.230669705342581
709,CQN_AS,h1-run-v0,2000,avg_return,350000,10.709280529279248
710,CQN_AS,h1-run-v0,2000,avg_return,400000,11.916846012935846
711,CQN_AS,h1-run-v0,2000,avg_return,450000,12.27031151507556
712,CQN_AS,h1-run-v0,2000,avg_return,500000,10.573842609873711
713,CQN_AS,h1-run-v0,2000,avg_return,550000,10.072241920451281
714,CQN_AS,h1-run-v0,2000,avg_return,600000,12.277797144807533
715,CQN_AS,h1-run-v0,2000,avg_return,650000,13.078007044790562
716,CQN_AS,h1-run-v0,2000,avg_return,700000,16.343941529208642
717,CQN_AS,h1-run-v0,2000,avg_return,750000,13.453628207132095
718,CQN_AS,h1-run-v0,2000,avg_return,800000,14.065210615173394
719,CQN_AS,h1-run-v0,2000,avg_return,850000,16.859888937637166
720,CQN_AS,h1-run-v0,2000,avg_return,900000,12.796287007199181
721,CQN_AS,h1-run-v0,2000,avg_return,950000,15.13433809208343
722,CQN_AS,h1-balance-simple-v0,2000,avg_return,50000,49.94129619130372
723,CQN_AS,h1-balance-simple-v0,2000,avg_return,100000,53.66317329396833
724,CQN_AS,h1-balance-simple-v0,2000,avg_return,150000,55.48881463543445
725,CQN_AS,h1-balance-simple-v0,2000,avg_return,200000,54.0196039489266
726,CQN_AS,h1-balance-simple-v0,2000,avg_return,250000,51.91166270081807
727,CQN_AS,h1-balance-simple-v0,2000,avg_return,300000,63.29347696530961
728,CQN_AS,h1-balance-simple-v0,2000,avg_return,350000,57.70114786049068
729,CQN_AS,h1-balance-simple-v0,2000,avg_return,400000,54.23573731275526
730,CQN_AS,h1-balance-simple-v0,2000,avg_return,450000,63.314460609685945
731,CQN_AS,h1-balance-simple-v0,2000,avg_return,500000,54.752064322326206
732,CQN_AS,h1-balance-simple-v0,2000,avg_return,550000,64.95971098558796
733,CQN_AS,h1-balance-simple-v0,2000,avg_return,600000,65.76733782102136
734,CQN_AS,h1-balance-simple-v0,2000,avg_return,650000,64.46661402013227
735,CQN_AS,h1-balance-simple-v0,2000,avg_return,700000,63.02486706287156
736,CQN_AS,h1-balance-simple-v0,2000,avg_return,750000,63.35408121562472
737,CQN_AS,h1-balance-simple-v0,2000,avg_return,800000,61.75125319146093
738,CQN_AS,h1-balance-simple-v0,2000,avg_return,850000,68.80101968697245
739,CQN_AS,h1-balance-simple-v0,2000,avg_return,900000,64.85303459978907
740,CQN_AS,h1-balance-simple-v0,2000,avg_return,950000,64.06814911771737
741,CQN_AS,h1-reach-v0,2000,avg_return,50000,1135.8337219685943
742,CQN_AS,h1-reach-v0,2000,avg_return,100000,1558.129762460653
743,CQN_AS,h1-reach-v0,2000,avg_return,150000,830.8292798005625
744,CQN_AS,h1-reach-v0,2000,avg_return,200000,1145.8143604897205
745,CQN_AS,h1-reach-v0,2000,avg_return,250000,966.2308483644487
746,CQN_AS,h1-reach-v0,2000,avg_return,300000,987.1636035967783
747,CQN_AS,h1-reach-v0,2000,avg_return,350000,1742.552458822463
748,CQN_AS,h1-reach-v0,2000,avg_return,400000,2008.648894436535
749,CQN_AS,h1-reach-v0,2000,avg_return,450000,2186.2474917814043
750,CQN_AS,h1-reach-v0,2000,avg_return,500000,2283.034877909926
751,CQN_AS,h1-reach-v0,2000,avg_return,550000,1725.5362013767233
752,CQN_AS,h1-reach-v0,2000,avg_return,600000,1201.2326153409206
753,CQN_AS,h1-reach-v0,2000,avg_return,650000,1627.4378829482644
754,CQN_AS,h1-reach-v0,2000,avg_return,700000,1698.2565994745305
755,CQN_AS,h1-reach-v0,2000,avg_return,750000,2715.356165962179
756,CQN_AS,h1-reach-v0,2000,avg_return,800000,2549.539702663167
757,CQN_AS,h1-reach-v0,2000,avg_return,850000,2496.9825908725797
758,CQN_AS,h1-reach-v0,2000,avg_return,900000,1908.493976362771
759,CQN_AS,h1-reach-v0,2000,avg_return,950000,2584.3931242155913
760,CQN_AS,h1-maze-v0,2000,avg_return,50000,110.69593387792843
761,CQN_AS,h1-maze-v0,2000,avg_return,100000,116.02075152953414
762,CQN_AS,h1-maze-v0,2000,avg_return,150000,124.39568675875651
763,CQN_AS,h1-maze-v0,2000,avg_return,200000,124.15922464698899
764,CQN_AS,h1-maze-v0,2000,avg_return,250000,132.01083709413734
765,CQN_AS,h1-maze-v0,2000,avg_return,300000,147.81540007697956
766,CQN_AS,h1-maze-v0,2000,avg_return,350000,132.2739053388152
767,CQN_AS,h1-maze-v0,2000,avg_return,400000,162.66750393394645
768,CQN_AS,h1-maze-v0,2000,avg_return,450000,151.7812997699848
769,CQN_AS,h1-maze-v0,2000,avg_return,500000,128.4861053670884
770,CQN_AS,h1-maze-v0,2000,avg_return,550000,138.10291129834172
771,CQN_AS,h1-maze-v0,2000,avg_return,600000,138.2484336096848
772,CQN_AS,h1-maze-v0,2000,avg_return,650000,127.19892423220927
773,CQN_AS,h1-maze-v0,2000,avg_return,700000,142.96467338306334
774,CQN_AS,h1-maze-v0,2000,avg_return,750000,137.02580287338023
775,CQN_AS,h1-maze-v0,2000,avg_return,800000,134.31088978814324
776,CQN_AS,h1-maze-v0,2000,avg_return,850000,162.22987950901273
777,CQN_AS,h1-maze-v0,2000,avg_return,900000,128.7731605688892
778,CQN_AS,h1-maze-v0,2000,avg_return,950000,126.35689555155273
779,CQN_AS,h1-sit-hard-v0,2000,avg_return,50000,15.790496000830178
780,CQN_AS,h1-sit-hard-v0,2000,avg_return,100000,13.336692007386427
781,CQN_AS,h1-sit-hard-v0,2000,avg_return,150000,24.473725991898995
782,CQN_AS,h1-sit-hard-v0,2000,avg_return,200000,16.039538004806193
783,CQN_AS,h1-sit-hard-v0,2000,avg_return,250000,29.822627220831684
784,CQN_AS,h1-sit-hard-v0,2000,avg_return,300000,78.06230226327159
785,CQN_AS,h1-sit-hard-v0,2000,avg_return,350000,46.50942656850805
786,CQN_AS,h1-sit-hard-v0,2000,avg_return,400000,26.19421525099647
787,CQN_AS,h1-sit-hard-v0,2000,avg_return,450000,73.7351088061878
788,CQN_AS,h1-sit-hard-v0,2000,avg_return,500000,40.13758150097783
789,CQN_AS,h1-sit-hard-v0,2000,avg_return,550000,104.79783352861139
790,CQN_AS,h1-sit-hard-v0,2000,avg_return,600000,104.60560820952364
791,CQN_AS,h1-sit-hard-v0,2000,avg_return,650000,420.728830081113
792,CQN_AS,h1-sit-hard-v0,2000,avg_return,700000,102.73318750004553
793,CQN_AS,h1-sit-hard-v0,2000,avg_return,750000,116.64087998810938
794,CQN_AS,h1-sit-hard-v0,2000,avg_return,800000,364.19447727717767
795,CQN_AS,h1-sit-hard-v0,2000,avg_return,850000,258.84074256726603
796,CQN_AS,h1-sit-hard-v0,2000,avg_return,900000,300.5784735222559
797,CQN_AS,h1-sit-hard-v0,2000,avg_return,950000,106.00940849093328
798,CQN_AS,h1-crawl-v0,4000,avg_return,50000,319.190767604478
799,CQN_AS,h1-crawl-v0,4000,avg_return,100000,266.56527961205364
800,CQN_AS,h1-crawl-v0,4000,avg_return,150000,232.9206149944909
801,CQN_AS,h1-crawl-v0,4000,avg_return,200000,509.3829580179625
802,CQN_AS,h1-crawl-v0,4000,avg_return,250000,546.1428764445902
803,CQN_AS,h1-crawl-v0,4000,avg_return,300000,576.392469232537
804,CQN_AS,h1-crawl-v0,4000,avg_return,350000,432.2693125454924
805,CQN_AS,h1-crawl-v0,4000,avg_return,400000,584.8485926692812
806,CQN_AS,h1-crawl-v0,4000,avg_return,450000,537.5209317119077
807,CQN_AS,h1-crawl-v0,4000,avg_return,500000,542.1487729857308
808,CQN_AS,h1-crawl-v0,4000,avg_return,550000,595.2353555132163
809,CQN_AS,h1-crawl-v0,4000,avg_return,600000,592.2388451689418
810,CQN_AS,h1-crawl-v0,4000,avg_return,650000,612.9016235508243
811,CQN_AS,h1-crawl-v0,4000,avg_return,700000,577.9274176457884
812,CQN_AS,h1-crawl-v0,4000,avg_return,750000,607.623972134146
813,CQN_AS,h1-crawl-v0,4000,avg_return,800000,599.0099974918137
814,CQN_AS,h1-crawl-v0,4000,avg_return,850000,578.3412857267617
815,CQN_AS,h1-crawl-v0,4000,avg_return,900000,600.0673542170533
816,CQN_AS,h1-crawl-v0,4000,avg_return,950000,592.4898017622406
817,CQN_AS,h1-reach-v0,1000,avg_return,50000,870.2062737023655
818,CQN_AS,h1-reach-v0,1000,avg_return,100000,783.6051059009021
819,CQN_AS,h1-reach-v0,1000,avg_return,150000,892.3293158718109
820,CQN_AS,h1-reach-v0,1000,avg_return,200000,771.4633277683292
821,CQN_AS,h1-reach-v0,1000,avg_return,250000,802.2819320289252
822,CQN_AS,h1-reach-v0,1000,avg_return,300000,927.5972193763682
823,CQN_AS,h1-reach-v0,1000,avg_return,350000,1594.1342332779445
824,CQN_AS,h1-reach-v0,1000,avg_return,400000,675.6488459819858
825,CQN_AS,h1-reach-v0,1000,avg_return,450000,1262.54785442795
826,CQN_AS,h1-reach-v0,1000,avg_return,500000,1823.7721704779337
827,CQN_AS,h1-reach-v0,1000,avg_return,550000,1541.317204450409
828,CQN_AS,h1-reach-v0,1000,avg_return,600000,2090.175385089192
829,CQN_AS,h1-reach-v0,1000,avg_return,650000,1589.0113584556534
830,CQN_AS,h1-reach-v0,1000,avg_return,700000,1564.0126306059694
831,CQN_AS,h1-reach-v0,1000,avg_return,750000,1745.9556293939736
832,CQN_AS,h1-reach-v0,1000,avg_return,800000,1500.1439829212368
833,CQN_AS,h1-reach-v0,1000,avg_return,850000,2748.6409726222455
834,CQN_AS,h1-reach-v0,1000,avg_return,900000,2490.5472434599483
835,CQN_AS,h1-reach-v0,1000,avg_return,950000,1025.3572288862354
836,CQN_AS,h1-run-v0,1000,avg_return,50000,4.601915229053068
837,CQN_AS,h1-run-v0,1000,avg_return,100000,4.37901021127993
838,CQN_AS,h1-run-v0,1000,avg_return,150000,8.43905260040663
839,CQN_AS,h1-run-v0,1000,avg_return,200000,7.206195925307459
840,CQN_AS,h1-run-v0,1000,avg_return,250000,8.230829831935651
841,CQN_AS,h1-run-v0,1000,avg_return,300000,10.291278551561772
842,CQN_AS,h1-run-v0,1000,avg_return,350000,7.803859482807442
843,CQN_AS,h1-run-v0,1000,avg_return,400000,7.538065683804385
844,CQN_AS,h1-run-v0,1000,avg_return,450000,12.11818009925081
845,CQN_AS,h1-run-v0,1000,avg_return,500000,13.791473533988704
846,CQN_AS,h1-run-v0,1000,avg_return,550000,14.428711361431144
847,CQN_AS,h1-run-v0,1000,avg_return,600000,15.047537917434642
848,CQN_AS,h1-run-v0,1000,avg_return,650000,14.930118027539724
849,CQN_AS,h1-run-v0,1000,avg_return,700000,15.059735201467086
850,CQN_AS,h1-run-v0,1000,avg_return,750000,14.198898926054559
851,CQN_AS,h1-run-v0,1000,avg_return,800000,14.254885782010817
852,CQN_AS,h1-run-v0,1000,avg_return,850000,14.922487595442272
853,CQN_AS,h1-run-v0,1000,avg_return,900000,13.74489833282831
854,CQN_AS,h1-run-v0,1000,avg_return,950000,13.736933884016628
855,CQN_AS,h1-maze-v0,4000,avg_return,50000,126.11108810414446
856,CQN_AS,h1-maze-v0,4000,avg_return,100000,122.5521650316352
857,CQN_AS,h1-maze-v0,4000,avg_return,150000,119.8518523323667
858,CQN_AS,h1-maze-v0,4000,avg_return,200000,149.2185055868272
859,CQN_AS,h1-maze-v0,4000,avg_return,250000,130.6109511983719
860,CQN_AS,h1-maze-v0,4000,avg_return,300000,128.74399976321791
861,CQN_AS,h1-maze-v0,4000,avg_return,350000,121.88446136789692
862,CQN_AS,h1-maze-v0,4000,avg_return,400000,122.01695405044742
863,CQN_AS,h1-maze-v0,4000,avg_return,450000,128.8415738848446
864,CQN_AS,h1-maze-v0,4000,avg_return,500000,120.94216885990556
865,CQN_AS,h1-maze-v0,4000,avg_return,550000,113.70355932285354
866,CQN_AS,h1-maze-v0,4000,avg_return,600000,125.27316515201603
867,CQN_AS,h1-maze-v0,4000,avg_return,650000,131.36599391068918
868,CQN_AS,h1-maze-v0,4000,avg_return,700000,119.36645496022217
869,CQN_AS,h1-maze-v0,4000,avg_return,750000,175.03993324848818
870,CQN_AS,h1-maze-v0,4000,avg_return,800000,125.47542522129038
871,CQN_AS,h1-maze-v0,4000,avg_return,850000,120.86535328475479
872,CQN_AS,h1-maze-v0,4000,avg_return,900000,142.29700848721924
873,CQN_AS,h1-maze-v0,4000,avg_return,950000,118.56194723471727
874,CQN_AS,h1-run-v0,4000,avg_return,50000,9.965885526708979
875,CQN_AS,h1-run-v0,4000,avg_return,100000,8.96098447177174
876,CQN_AS,h1-run-v0,4000,avg_return,150000,7.096150547074771
877,CQN_AS,h1-run-v0,4000,avg_return,200000,7.233054382922253
878,CQN_AS,h1-run-v0,4000,avg_return,250000,7.4881087413787615
879,CQN_AS,h1-run-v0,4000,avg_return,300000,10.73180208284455
880,CQN_AS,h1-run-v0,4000,avg_return,350000,8.854800118307223
881,CQN_AS,h1-run-v0,4000,avg_return,400000,12.740429944983545
882,CQN_AS,h1-run-v0,4000,avg_return,450000,14.990788797179983
883,CQN_AS,h1-run-v0,4000,avg_return,500000,13.793487119463808
884,CQN_AS,h1-run-v0,4000,avg_return,550000,13.634774146055369
885,CQN_AS,h1-run-v0,4000,avg_return,600000,15.357953022507198
886,CQN_AS,h1-run-v0,4000,avg_return,650000,15.053967729095604
887,CQN_AS,h1-run-v0,4000,avg_return,700000,15.412000873847456
888,CQN_AS,h1-run-v0,4000,avg_return,750000,15.938634347817537
889,CQN_AS,h1-run-v0,4000,avg_return,800000,11.37225905252559
890,CQN_AS,h1-run-v0,4000,avg_return,850000,11.326421174853142
891,CQN_AS,h1-run-v0,4000,avg_return,900000,19.396224026143628
892,CQN_AS,h1-run-v0,4000,avg_return,950000,13.454791683534253
893,CQN_AS,h1-maze-v0,1000,avg_return,50000,125.81781043863478
894,CQN_AS,h1-maze-v0,1000,avg_return,100000,126.22766434571193
895,CQN_AS,h1-maze-v0,1000,avg_return,150000,129.77395624582297
896,CQN_AS,h1-maze-v0,1000,avg_return,200000,132.06928727025723
897,CQN_AS,h1-maze-v0,1000,avg_return,250000,168.99708182121668
898,CQN_AS,h1-maze-v0,1000,avg_return,300000,123.29194941753056
899,CQN_AS,h1-maze-v0,1000,avg_return,350000,123.19928961055584
900,CQN_AS,h1-maze-v0,1000,avg_return,400000,126.29977415209846
901,CQN_AS,h1-maze-v0,1000,avg_return,450000,121.15628871565623
902,CQN_AS,h1-maze-v0,1000,avg_return,500000,128.7597698615782
903,CQN_AS,h1-maze-v0,1000,avg_return,550000,144.49956122876472
904,CQN_AS,h1-maze-v0,1000,avg_return,600000,130.42298379177979
905,CQN_AS,h1-maze-v0,1000,avg_return,650000,117.95250789391632
906,CQN_AS,h1-maze-v0,1000,avg_return,700000,135.4061860358349
907,CQN_AS,h1-maze-v0,1000,avg_return,750000,121.87257055934496
908,CQN_AS,h1-maze-v0,1000,avg_return,800000,121.12388204938252
909,CQN_AS,h1-maze-v0,1000,avg_return,850000,126.44122492775402
910,CQN_AS,h1-maze-v0,1000,avg_return,900000,126.51978962801078
911,CQN_AS,h1-maze-v0,1000,avg_return,950000,115.05760066073928
912,CQN_AS,h1-crawl-v0,2000,avg_return,50000,224.41717906994177
913,CQN_AS,h1-crawl-v0,2000,avg_return,100000,398.807573764189
914,CQN_AS,h1-crawl-v0,2000,avg_return,150000,473.8867659759379
915,CQN_AS,h1-crawl-v0,2000,avg_return,200000,472.53228521060134
916,CQN_AS,h1-crawl-v0,2000,avg_return,250000,577.607975109702
917,CQN_AS,h1-crawl-v0,2000,avg_return,300000,580.3943746889042
918,CQN_AS,h1-crawl-v0,2000,avg_return,350000,585.8226122525928
919,CQN_AS,h1-crawl-v0,2000,avg_return,400000,578.8228489182375
920,CQN_AS,h1-crawl-v0,2000,avg_return,450000,609.1187844539818
921,CQN_AS,h1-crawl-v0,2000,avg_return,500000,600.2113666264461
922,CQN_AS,h1-crawl-v0,2000,avg_return,550000,584.0292723404035
923,CQN_AS,h1-crawl-v0,2000,avg_return,600000,601.3991173496784
924,CQN_AS,h1-crawl-v0,2000,avg_return,650000,601.8331922530239
925,CQN_AS,h1-crawl-v0,2000,avg_return,700000,589.5846261401024
926,CQN_AS,h1-crawl-v0,2000,avg_return,750000,604.7439247149304
927,CQN_AS,h1-crawl-v0,2000,avg_return,800000,600.2646960662444
928,CQN_AS,h1-crawl-v0,2000,avg_return,850000,604.2734591320321
929,CQN_AS,h1-crawl-v0,2000,avg_return,900000,571.2670999778024
930,CQN_AS,h1-crawl-v0,2000,avg_return,950000,535.080372904557
931,CQN_AS,h1-balance-simple-v0,1000,avg_return,50000,36.99911203714614
932,CQN_AS,h1-balance-simple-v0,1000,avg_return,100000,39.69143560369132
933,CQN_AS,h1-balance-simple-v0,1000,avg_return,150000,41.381013996358675
934,CQN_AS,h1-balance-simple-v0,1000,avg_return,200000,51.408504474341
935,CQN_AS,h1-balance-simple-v0,1000,avg_return,250000,55.33855344347285
936,CQN_AS,h1-balance-simple-v0,1000,avg_return,300000,54.98687315996764
937,CQN_AS,h1-balance-simple-v0,1000,avg_return,350000,56.47338886188631
938,CQN_AS,h1-balance-simple-v0,1000,avg_return,400000,54.116768411883484
939,CQN_AS,h1-balance-simple-v0,1000,avg_return,450000,53.972030803570775
940,CQN_AS,h1-balance-simple-v0,1000,avg_return,500000,60.392279293193916
941,CQN_AS,h1-balance-simple-v0,1000,avg_return,550000,55.84816168633089
942,CQN_AS,h1-balance-simple-v0,1000,avg_return,600000,57.39746036021023
943,CQN_AS,h1-balance-simple-v0,1000,avg_return,650000,50.938123780189656
944,CQN_AS,h1-balance-simple-v0,1000,avg_return,700000,57.3644186032372
945,CQN_AS,h1-balance-simple-v0,1000,avg_return,750000,55.21177393154993
946,CQN_AS,h1-balance-simple-v0,1000,avg_return,800000,58.64122033959719
947,CQN_AS,h1-balance-simple-v0,1000,avg_return,850000,54.20248756846488
948,CQN_AS,h1-balance-simple-v0,1000,avg_return,900000,58.00200603665259
949,CQN_AS,h1-balance-simple-v0,1000,avg_return,950000,59.56921529210505
950,CQN_AS,h1-reach-v0,4000,avg_return,50000,715.3920542717633
951,CQN_AS,h1-reach-v0,4000,avg_return,100000,261.86934546661956
952,CQN_AS,h1-reach-v0,4000,avg_return,150000,692.133428216349
953,CQN_AS,h1-reach-v0,4000,avg_return,200000,308.37110085329243
954,CQN_AS,h1-reach-v0,4000,avg_return,250000,1079.3314207930284
955,CQN_AS,h1-reach-v0,4000,avg_return,300000,546.3217167327261
956,CQN_AS,h1-reach-v0,4000,avg_return,350000,484.9714955496332
957,CQN_AS,h1-reach-v0,4000,avg_return,400000,991.1092858121953
958,CQN_AS,h1-reach-v0,4000,avg_return,450000,1225.873065570397
959,CQN_AS,h1-reach-v0,4000,avg_return,500000,1410.06254240286
960,CQN_AS,h1-reach-v0,4000,avg_return,550000,940.8318092262655
961,CQN_AS,h1-reach-v0,4000,avg_return,600000,1465.3985729910091
962,CQN_AS,h1-reach-v0,4000,avg_return,650000,1236.846305208798
963,CQN_AS,h1-reach-v0,4000,avg_return,700000,2289.734345584161
964,CQN_AS,h1-reach-v0,4000,avg_return,750000,1812.9476326142171
965,CQN_AS,h1-reach-v0,4000,avg_return,800000,345.9247229706915
966,CQN_AS,h1-reach-v0,4000,avg_return,850000,1468.6946808839434
967,CQN_AS,h1-reach-v0,4000,avg_return,900000,820.5875351527978
968,CQN_AS,h1-reach-v0,4000,avg_return,950000,2117.7959648208243
969,CQN_AS,h1-sit-hard-v0,1000,avg_return,50000,10.576143121526076
970,CQN_AS,h1-sit-hard-v0,1000,avg_return,100000,14.989753289751897
971,CQN_AS,h1-sit-hard-v0,1000,avg_return,150000,16.175039850332837
972,CQN_AS,h1-sit-hard-v0,1000,avg_return,200000,30.351525061373298
973,CQN_AS,h1-sit-hard-v0,1000,avg_return,250000,121.01575413616952
974,CQN_AS,h1-sit-hard-v0,1000,avg_return,300000,240.03280898987322
975,CQN_AS,h1-sit-hard-v0,1000,avg_return,350000,132.31297363310776
976,CQN_AS,h1-sit-hard-v0,1000,avg_return,400000,111.94489668092976
977,CQN_AS,h1-sit-hard-v0,1000,avg_return,450000,134.31220182055975
978,CQN_AS,h1-sit-hard-v0,1000,avg_return,500000,349.10104979339974
979,CQN_AS,h1-sit-hard-v0,1000,avg_return,550000,291.82873822880094
980,CQN_AS,h1-sit-hard-v0,1000,avg_return,600000,293.1293290409785
981,CQN_AS,h1-sit-hard-v0,1000,avg_return,650000,274.5474422534611
982,CQN_AS,h1-sit-hard-v0,1000,avg_return,700000,330.8311053970022
983,CQN_AS,h1-sit-hard-v0,1000,avg_return,750000,243.36913669009556
984,CQN_AS,h1-sit-hard-v0,1000,avg_return,800000,398.33604272679696
985,CQN_AS,h1-sit-hard-v0,1000,avg_return,850000,362.4872567777424
986,CQN_AS,h1-sit-hard-v0,1000,avg_return,900000,404.035109666962
987,CQN_AS,h1-sit-hard-v0,1000,avg_return,950000,330.6613257075555
988,CQN_AS,h1-balance-simple-v0,4000,avg_return,50000,41.30745017437262
989,CQN_AS,h1-balance-simple-v0,4000,avg_return,100000,51.12254160369928
990,CQN_AS,h1-balance-simple-v0,4000,avg_return,150000,53.11950691701374
991,CQN_AS,h1-balance-simple-v0,4000,avg_return,200000,58.50564416172656
992,CQN_AS,h1-balance-simple-v0,4000,avg_return,250000,61.63842443454841
993,CQN_AS,h1-balance-simple-v0,4000,avg_return,300000,57.64836053625561
994,CQN_AS,h1-balance-simple-v0,4000,avg_return,350000,56.22035073558042
995,CQN_AS,h1-balance-simple-v0,4000,avg_return,400000,60.99386611467766
996,CQN_AS,h1-balance-simple-v0,4000,avg_return,450000,68.26685756067394
997,CQN_AS,h1-balance-simple-v0,4000,avg_return,500000,64.22848797290243
998,CQN_AS,h1-balance-simple-v0,4000,avg_return,550000,69.81451902986387
999,CQN_AS,h1-balance-simple-v0,4000,avg_return,600000,58.964576007046524
1000,CQN_AS,h1-balance-simple-v0,4000,avg_return,650000,72.97768977273988
1001,CQN_AS,h1-balance-simple-v0,4000,avg_return,700000,74.81166577199461
1002,CQN_AS,h1-balance-simple-v0,4000,avg_return,750000,75.07580755323949
1003,CQN_AS,h1-balance-simple-v0,4000,avg_return,800000,69.14650244398067
1004,CQN_AS,h1-balance-simple-v0,4000,avg_return,850000,70.26690517126332
1005,CQN_AS,h1-balance-simple-v0,4000,avg_return,900000,74.38904893389903
1006,CQN_AS,h1-balance-simple-v0,4000,avg_return,950000,71.66610399450926
1007,CQN_AS,h1-balance-hard-v0,1000,avg_return,50000,29.175464697436677
1008,CQN_AS,h1-balance-hard-v0,1000,avg_return,100000,34.91583097931236
1009,CQN_AS,h1-balance-hard-v0,1000,avg_return,150000,38.43757305838532
1010,CQN_AS,h1-balance-hard-v0,1000,avg_return,200000,35.58539275548892
1011,CQN_AS,h1-balance-hard-v0,1000,avg_return,250000,38.7958868023436
1012,CQN_AS,h1-balance-hard-v0,1000,avg_return,300000,41.46918942322448
1013,CQN_AS,h1-balance-hard-v0,1000,avg_return,350000,40.98679813336909
1014,CQN_AS,h1-balance-hard-v0,1000,avg_return,400000,42.153097580713734
1015,CQN_AS,h1-balance-hard-v0,1000,avg_return,450000,43.472742643846985
1016,CQN_AS,h1-balance-hard-v0,1000,avg_return,500000,46.60162764344808
1017,CQN_AS,h1-balance-hard-v0,1000,avg_return,550000,37.76350187967232
1018,CQN_AS,h1-balance-hard-v0,1000,avg_return,600000,44.68957020012074
1019,CQN_AS,h1-balance-hard-v0,1000,avg_return,650000,50.828441179988715
1020,CQN_AS,h1-balance-hard-v0,1000,avg_return,700000,45.42445002587594
1021,CQN_AS,h1-balance-hard-v0,1000,avg_return,750000,44.90256687192966
1022,CQN_AS,h1-balance-hard-v0,1000,avg_return,800000,43.61611003865066
1023,CQN_AS,h1-balance-hard-v0,1000,avg_return,850000,46.37712150543094
1024,CQN_AS,h1-balance-hard-v0,1000,avg_return,900000,42.14552499352085
1025,CQN_AS,h1-balance-hard-v0,1000,avg_return,950000,49.16666682947747
1026,CQN_AS,h1-sit-hard-v0,4000,avg_return,50000,16.173075686859683
1027,CQN_AS,h1-sit-hard-v0,4000,avg_return,100000,21.267139973806636
1028,CQN_AS,h1-sit-hard-v0,4000,avg_return,150000,18.665679651871095
1029,CQN_AS,h1-sit-hard-v0,4000,avg_return,200000,26.385987444622195
1030,CQN_AS,h1-sit-hard-v0,4000,avg_return,250000,33.38112244798473
1031,CQN_AS,h1-sit-hard-v0,4000,avg_return,300000,20.880387196303058
1032,CQN_AS,h1-sit-hard-v0,4000,avg_return,350000,25.54417748213522
1033,CQN_AS,h1-sit-hard-v0,4000,avg_return,400000,115.53681712238468
1034,CQN_AS,h1-sit-hard-v0,4000,avg_return,450000,155.76490881215534
1035,CQN_AS,h1-sit-hard-v0,4000,avg_return,500000,163.48657010220023
1036,CQN_AS,h1-sit-hard-v0,4000,avg_return,550000,132.86245230092806
1037,CQN_AS,h1-sit-hard-v0,4000,avg_return,600000,177.74979299928572
1038,CQN_AS,h1-sit-hard-v0,4000,avg_return,650000,110.01688020227434
1039,CQN_AS,h1-sit-hard-v0,4000,avg_return,700000,271.5459966930129
1040,CQN_AS,h1-sit-hard-v0,4000,avg_return,750000,216.33530350497827
1041,CQN_AS,h1-sit-hard-v0,4000,avg_return,800000,294.5631884064191
1042,CQN_AS,h1-sit-hard-v0,4000,avg_return,850000,274.5699544892636
1043,CQN_AS,h1-sit-hard-v0,4000,avg_return,900000,356.81619001243195
1044,CQN_AS,h1-sit-hard-v0,4000,avg_return,950000,278.3442038827824
1045,CQN_AS,h1-balance-hard-v0,4000,avg_return,50000,36.84141217011614
1046,CQN_AS,h1-balance-hard-v0,4000,avg_return,100000,35.55142406436006
1047,CQN_AS,h1-balance-hard-v0,4000,avg_return,150000,34.074664665408726
1048,CQN_AS,h1-balance-hard-v0,4000,avg_return,200000,44.12372620797434
1049,CQN_AS,h1-balance-hard-v0,4000,avg_return,250000,44.007662668929484
1050,CQN_AS,h1-balance-hard-v0,4000,avg_return,300000,43.76201723537946
1051,CQN_AS,h1-balance-hard-v0,4000,avg_return,350000,41.34333556758662
1052,CQN_AS,h1-balance-hard-v0,4000,avg_return,400000,46.31901376887676
1053,CQN_AS,h1-balance-hard-v0,4000,avg_return,450000,46.2923926269294
1054,CQN_AS,h1-balance-hard-v0,4000,avg_return,500000,43.89317799626163
1055,CQN_AS,h1-balance-hard-v0,4000,avg_return,550000,43.64733163330728
1056,CQN_AS,h1-balance-hard-v0,4000,avg_return,600000,48.27077938223256
1057,CQN_AS,h1-balance-hard-v0,4000,avg_return,650000,45.349299357497095
1058,CQN_AS,h1-balance-hard-v0,4000,avg_return,700000,47.50923408842027
1059,CQN_AS,h1-balance-hard-v0,4000,avg_return,750000,48.786400390867996
1060,CQN_AS,h1-balance-hard-v0,4000,avg_return,800000,49.026592380338855
1061,CQN_AS,h1-balance-hard-v0,4000,avg_return,850000,47.93522831787116
1062,CQN_AS,h1-balance-hard-v0,4000,avg_return,900000,46.838604670444234
1063,CQN_AS,h1-balance-hard-v0,4000,avg_return,950000,46.71920007401639
1064,CQN_AS,h1-crawl-v0,1000,avg_return,50000,333.57258671079137
1065,CQN_AS,h1-crawl-v0,1000,avg_return,100000,282.4109339563285
1066,CQN_AS,h1-crawl-v0,1000,avg_return,150000,406.9938219476541
1067,CQN_AS,h1-crawl-v0,1000,avg_return,200000,343.9591082533091
1068,CQN_AS,h1-crawl-v0,1000,avg_return,250000,582.218538806617
1069,CQN_AS,h1-crawl-v0,1000,avg_return,300000,537.4507841923735
1070,CQN_AS,h1-crawl-v0,1000,avg_return,350000,577.6009231392837
1071,CQN_AS,h1-crawl-v0,1000,avg_return,400000,530.9032089003042
1072,CQN_AS,h1-crawl-v0,1000,avg_return,450000,606.0025318042761
1073,CQN_AS,h1-crawl-v0,1000,avg_return,500000,581.4317372157241
1074,CQN_AS,h1-crawl-v0,1000,avg_return,550000,543.5774093080666
1075,CQN_AS,h1-crawl-v0,1000,avg_return,600000,577.5947984356193
1076,CQN_AS,h1-crawl-v0,1000,avg_return,650000,599.0514799869487
1077,CQN_AS,h1-crawl-v0,1000,avg_return,700000,571.9706842824448
1078,CQN_AS,h1-crawl-v0,1000,avg_return,750000,594.4685173230305
1079,CQN_AS,h1-crawl-v0,1000,avg_return,800000,582.8620605646928
1080,CQN_AS,h1-crawl-v0,1000,avg_return,850000,607.4856341845618
1081,CQN_AS,h1-crawl-v0,1000,avg_return,900000,584.6340802251284
1082,CQN_AS,h1-crawl-v0,1000,avg_return,950000,548.4685614048074
1083,CQN_AS,h1-balance-simple-v0,0,avg_return,50000,30.537474685843005
1084,CQN_AS,h1-balance-simple-v0,0,avg_return,100000,35.65282086575992
1085,CQN_AS,h1-balance-simple-v0,0,avg_return,150000,38.83529415810327
1086,CQN_AS,h1-balance-simple-v0,0,avg_return,200000,49.48890234976913
1087,CQN_AS,h1-balance-simple-v0,0,avg_return,250000,51.058774818072095
1088,CQN_AS,h1-balance-simple-v0,0,avg_return,300000,50.604880429219584
1089,CQN_AS,h1-balance-simple-v0,0,avg_return,350000,48.841464543095825
1090,CQN_AS,h1-balance-simple-v0,0,avg_return,400000,55.95146631273483
1091,CQN_AS,h1-balance-simple-v0,0,avg_return,450000,58.26448854201649
1092,CQN_AS,h1-balance-simple-v0,0,avg_return,500000,48.48763167707062
1093,CQN_AS,h1-balance-simple-v0,0,avg_return,550000,54.087217500489224
1094,CQN_AS,h1-balance-simple-v0,0,avg_return,600000,50.788184615340285
1095,CQN_AS,h1-balance-simple-v0,0,avg_return,650000,53.831412701176724
1096,CQN_AS,h1-balance-simple-v0,0,avg_return,700000,59.78395067123408
1097,CQN_AS,h1-balance-simple-v0,0,avg_return,750000,53.95888755255493
1098,CQN_AS,h1-balance-simple-v0,0,avg_return,800000,55.63561050212711
1099,CQN_AS,h1-balance-simple-v0,0,avg_return,850000,53.312847837431356
1100,CQN_AS,h1-balance-simple-v0,0,avg_return,900000,58.08171368742012
1101,CQN_AS,h1-balance-simple-v0,0,avg_return,950000,53.46744642731668
1102,CQN_AS,h1-sit-hard-v0,3000,avg_return,50000,10.82813405737388
1103,CQN_AS,h1-sit-hard-v0,3000,avg_return,100000,12.011599110929149
1104,CQN_AS,h1-sit-hard-v0,3000,avg_return,150000,18.62179237006444
1105,CQN_AS,h1-sit-hard-v0,3000,avg_return,200000,15.007072991187858
1106,CQN_AS,h1-sit-hard-v0,3000,avg_return,250000,76.59298591834568
1107,CQN_AS,h1-sit-hard-v0,3000,avg_return,300000,222.23301833598197
1108,CQN_AS,h1-sit-hard-v0,3000,avg_return,350000,220.3625167542262
1109,CQN_AS,h1-sit-hard-v0,3000,avg_return,400000,256.7390421797758
1110,CQN_AS,h1-sit-hard-v0,3000,avg_return,450000,154.81782384718105
1111,CQN_AS,h1-sit-hard-v0,3000,avg_return,500000,259.11991751638146
1112,CQN_AS,h1-sit-hard-v0,3000,avg_return,550000,197.08868160377236
1113,CQN_AS,h1-sit-hard-v0,3000,avg_return,600000,311.29555043470407
1114,CQN_AS,h1-sit-hard-v0,3000,avg_return,650000,312.8148721161136
1115,CQN_AS,h1-sit-hard-v0,3000,avg_return,700000,265.5610026595475
1116,CQN_AS,h1-sit-hard-v0,3000,avg_return,750000,155.01743201448897
1117,CQN_AS,h1-sit-hard-v0,3000,avg_return,800000,267.3390340344989
1118,CQN_AS,h1-sit-hard-v0,3000,avg_return,850000,221.95353341606906
1119,CQN_AS,h1-sit-hard-v0,3000,avg_return,900000,245.15333219894086
1120,CQN_AS,h1-sit-hard-v0,3000,avg_return,950000,215.84981775568434
1121,CQN_AS,h1-sit-hard-v0,0,avg_return,50000,12.523895603931559
1122,CQN_AS,h1-sit-hard-v0,0,avg_return,100000,9.30429675194557
1123,CQN_AS,h1-sit-hard-v0,0,avg_return,150000,15.454009931505814
1124,CQN_AS,h1-sit-hard-v0,0,avg_return,200000,22.27272484189772
1125,CQN_AS,h1-sit-hard-v0,0,avg_return,250000,21.180863163021066
1126,CQN_AS,h1-sit-hard-v0,0,avg_return,300000,23.33424580005541
1127,CQN_AS,h1-sit-hard-v0,0,avg_return,350000,33.387711263782975
1128,CQN_AS,h1-sit-hard-v0,0,avg_return,400000,29.332697207372753
1129,CQN_AS,h1-sit-hard-v0,0,avg_return,450000,96.08267611126067
1130,CQN_AS,h1-sit-hard-v0,0,avg_return,500000,30.592856592726253
1131,CQN_AS,h1-sit-hard-v0,0,avg_return,550000,64.78444553904063
1132,CQN_AS,h1-sit-hard-v0,0,avg_return,600000,94.807352946916
1133,CQN_AS,h1-sit-hard-v0,0,avg_return,650000,250.3580969804119
1134,CQN_AS,h1-sit-hard-v0,0,avg_return,700000,81.3330257254382
1135,CQN_AS,h1-sit-hard-v0,0,avg_return,750000,66.13494150980455
1136,CQN_AS,h1-sit-hard-v0,0,avg_return,800000,179.35245978583504
1137,CQN_AS,h1-sit-hard-v0,0,avg_return,850000,235.31061920887592
1138,CQN_AS,h1-sit-hard-v0,0,avg_return,900000,188.30456209376962
1139,CQN_AS,h1-sit-hard-v0,0,avg_return,950000,173.009547173353
1140,CQN_AS,h1-run-v0,0,avg_return,50000,5.430209399999527
1141,CQN_AS,h1-run-v0,0,avg_return,100000,5.369007642050827
1142,CQN_AS,h1-run-v0,0,avg_return,150000,6.137499833661996
1143,CQN_AS,h1-run-v0,0,avg_return,200000,8.244021167285656
1144,CQN_AS,h1-run-v0,0,avg_return,250000,5.990266819693615
1145,CQN_AS,h1-run-v0,0,avg_return,300000,12.300207166262611
1146,CQN_AS,h1-run-v0,0,avg_return,350000,10.083449176964795
1147,CQN_AS,h1-run-v0,0,avg_return,400000,13.376045227907468
1148,CQN_AS,h1-run-v0,0,avg_return,450000,14.608987948900474
1149,CQN_AS,h1-run-v0,0,avg_return,500000,15.910559391737454
1150,CQN_AS,h1-run-v0,0,avg_return,550000,19.184448077366824
1151,CQN_AS,h1-run-v0,0,avg_return,600000,14.82365137159268
1152,CQN_AS,h1-run-v0,0,avg_return,650000,16.436511326360296
1153,CQN_AS,h1-run-v0,0,avg_return,700000,15.775349347418896
1154,CQN_AS,h1-run-v0,0,avg_return,750000,18.47184898727039
1155,CQN_AS,h1-run-v0,0,avg_return,800000,16.683672374194472
1156,CQN_AS,h1-run-v0,0,avg_return,850000,19.701976390862875
1157,CQN_AS,h1-run-v0,0,avg_return,900000,19.93518625151909
1158,CQN_AS,h1-run-v0,0,avg_return,950000,20.6254057699635
1159,CQN_AS,h1-run-v0,3000,avg_return,50000,6.17655932981811
1160,CQN_AS,h1-run-v0,3000,avg_return,100000,7.817067049051924
1161,CQN_AS,h1-run-v0,3000,avg_return,150000,9.531349581301399
1162,CQN_AS,h1-run-v0,3000,avg_return,200000,9.011238376091017
1163,CQN_AS,h1-run-v0,3000,avg_return,250000,11.08241322567603
1164,CQN_AS,h1-run-v0,3000,avg_return,300000,11.047228623242404
1165,CQN_AS,h1-run-v0,3000,avg_return,350000,11.72096243599509
1166,CQN_AS,h1-run-v0,3000,avg_return,400000,11.757906937402304
1167,CQN_AS,h1-run-v0,3000,avg_return,450000,11.556561039901469
1168,CQN_AS,h1-run-v0,3000,avg_return,500000,11.213593109558827
1169,CQN_AS,h1-run-v0,3000,avg_return,550000,12.768924726582254
1170,CQN_AS,h1-run-v0,3000,avg_return,600000,17.64800638482255
1171,CQN_AS,h1-run-v0,3000,avg_return,650000,17.334475126943058
1172,CQN_AS,h1-run-v0,3000,avg_return,700000,18.12996269367571
1173,CQN_AS,h1-run-v0,3000,avg_return,750000,27.028443212205758
1174,CQN_AS,h1-run-v0,3000,avg_return,800000,15.089632970585788
1175,CQN_AS,h1-run-v0,3000,avg_return,850000,42.894418914272116
1176,CQN_AS,h1-run-v0,3000,avg_return,900000,30.176071389571224
1177,CQN_AS,h1-run-v0,3000,avg_return,950000,47.75221044161533
1178,CQN_AS,h1-balance-hard-v0,3000,avg_return,50000,30.54797762863793
1179,CQN_AS,h1-balance-hard-v0,3000,avg_return,100000,33.30201706956435
1180,CQN_AS,h1-balance-hard-v0,3000,avg_return,150000,42.052339231533175
1181,CQN_AS,h1-balance-hard-v0,3000,avg_return,200000,42.736388108901615
1182,CQN_AS,h1-balance-hard-v0,3000,avg_return,250000,44.62972889757569
1183,CQN_AS,h1-balance-hard-v0,3000,avg_return,300000,37.052489445555736
1184,CQN_AS,h1-balance-hard-v0,3000,avg_return,350000,46.05461391967937
1185,CQN_AS,h1-balance-hard-v0,3000,avg_return,400000,47.30662195567643
1186,CQN_AS,h1-balance-hard-v0,3000,avg_return,450000,46.457530592690276
1187,CQN_AS,h1-balance-hard-v0,3000,avg_return,500000,48.92966793456844
1188,CQN_AS,h1-balance-hard-v0,3000,avg_return,550000,45.88291777422174
1189,CQN_AS,h1-balance-hard-v0,3000,avg_return,600000,44.639437464530594
1190,CQN_AS,h1-balance-hard-v0,3000,avg_return,650000,46.182480821788744
1191,CQN_AS,h1-balance-hard-v0,3000,avg_return,700000,47.77723408125434
1192,CQN_AS,h1-balance-hard-v0,3000,avg_return,750000,47.32797288057188
1193,CQN_AS,h1-balance-hard-v0,3000,avg_return,800000,46.693422822845065
1194,CQN_AS,h1-balance-hard-v0,3000,avg_return,850000,42.76004048383548
1195,CQN_AS,h1-balance-hard-v0,3000,avg_return,900000,50.41720630250383
1196,CQN_AS,h1-balance-hard-v0,3000,avg_return,950000,49.24749952802252
1197,CQN_AS,h1-crawl-v0,3000,avg_return,50000,282.92527872971596
1198,CQN_AS,h1-crawl-v0,3000,avg_return,100000,233.8142302915106
1199,CQN_AS,h1-crawl-v0,3000,avg_return,150000,319.0461771333714
1200,CQN_AS,h1-crawl-v0,3000,avg_return,200000,291.52586607212146
1201,CQN_AS,h1-crawl-v0,3000,avg_return,250000,325.74374940206366
1202,CQN_AS,h1-crawl-v0,3000,avg_return,300000,563.662995813611
1203,CQN_AS,h1-crawl-v0,3000,avg_return,350000,546.1405310426017
1204,CQN_AS,h1-crawl-v0,3000,avg_return,400000,573.1207887088442
1205,CQN_AS,h1-crawl-v0,3000,avg_return,450000,575.1399431779719
1206,CQN_AS,h1-crawl-v0,3000,avg_return,500000,564.4208791544481
1207,CQN_AS,h1-crawl-v0,3000,avg_return,550000,547.5944755266926
1208,CQN_AS,h1-crawl-v0,3000,avg_return,600000,554.4990702455506
1209,CQN_AS,h1-crawl-v0,3000,avg_return,650000,591.1961138311373
1210,CQN_AS,h1-crawl-v0,3000,avg_return,700000,602.6057186164937
1211,CQN_AS,h1-crawl-v0,3000,avg_return,750000,549.8042534575737
1212,CQN_AS,h1-crawl-v0,3000,avg_return,800000,575.7225879337443
1213,CQN_AS,h1-crawl-v0,3000,avg_return,850000,590.5088298781443
1214,CQN_AS,h1-crawl-v0,3000,avg_return,900000,574.5480446253407
1215,CQN_AS,h1-crawl-v0,3000,avg_return,950000,565.5402942109112
1216,CQN_AS,h1-balance-simple-v0,3000,avg_return,50000,44.10006938986196
1217,CQN_AS,h1-balance-simple-v0,3000,avg_return,100000,53.42994526121377
1218,CQN_AS,h1-balance-simple-v0,3000,avg_return,150000,58.6379220483062
1219,CQN_AS,h1-balance-simple-v0,3000,avg_return,200000,59.771636182368376
1220,CQN_AS,h1-balance-simple-v0,3000,avg_return,250000,61.621632847999386
1221,CQN_AS,h1-balance-simple-v0,3000,avg_return,300000,59.28125749777598
1222,CQN_AS,h1-balance-simple-v0,3000,avg_return,350000,47.16386940157815
1223,CQN_AS,h1-balance-simple-v0,3000,avg_return,400000,59.521659148659275
1224,CQN_AS,h1-balance-simple-v0,3000,avg_return,450000,57.613832838009635
1225,CQN_AS,h1-balance-simple-v0,3000,avg_return,500000,58.661716901746786
1226,CQN_AS,h1-balance-simple-v0,3000,avg_return,550000,60.200497371698724
1227,CQN_AS,h1-balance-simple-v0,3000,avg_return,600000,56.5445703138692
1228,CQN_AS,h1-balance-simple-v0,3000,avg_return,650000,61.19870774864571
1229,CQN_AS,h1-balance-simple-v0,3000,avg_return,700000,61.87433169199072
1230,CQN_AS,h1-balance-simple-v0,3000,avg_return,750000,63.69511278368071
1231,CQN_AS,h1-balance-simple-v0,3000,avg_return,800000,61.26750841343208
1232,CQN_AS,h1-balance-simple-v0,3000,avg_return,850000,57.84743904031431
1233,CQN_AS,h1-balance-simple-v0,3000,avg_return,900000,70.96376798788427
1234,CQN_AS,h1-balance-simple-v0,3000,avg_return,950000,70.41588024262651
1235,CQN_AS,h1-balance-hard-v0,0,avg_return,50000,30.700628148733266
1236,CQN_AS,h1-balance-hard-v0,0,avg_return,100000,29.993793054225602
1237,CQN_AS,h1-balance-hard-v0,0,avg_return,150000,28.485066659974176
1238,CQN_AS,h1-balance-hard-v0,0,avg_return,200000,32.267243433174734
1239,CQN_AS,h1-balance-hard-v0,0,avg_return,250000,34.96604427922558
1240,CQN_AS,h1-balance-hard-v0,0,avg_return,300000,38.72611035417786
1241,CQN_AS,h1-balance-hard-v0,0,avg_return,350000,39.840421172935834
1242,CQN_AS,h1-balance-hard-v0,0,avg_return,400000,41.618139100079105
1243,CQN_AS,h1-balance-hard-v0,0,avg_return,450000,41.500220629650165
1244,CQN_AS,h1-balance-hard-v0,0,avg_return,500000,35.96771752723613
1245,CQN_AS,h1-balance-hard-v0,0,avg_return,550000,39.47069977377687
1246,CQN_AS,h1-balance-hard-v0,0,avg_return,600000,39.31867130363399
1247,CQN_AS,h1-balance-hard-v0,0,avg_return,650000,41.29629460384859
1248,CQN_AS,h1-balance-hard-v0,0,avg_return,700000,41.259243123424525
1249,CQN_AS,h1-balance-hard-v0,0,avg_return,750000,42.23919813896476
1250,CQN_AS,h1-balance-hard-v0,0,avg_return,800000,42.9362507274953
1251,CQN_AS,h1-balance-hard-v0,0,avg_return,850000,43.72525704680781
1252,CQN_AS,h1-balance-hard-v0,0,avg_return,900000,42.598184148556065
1253,CQN_AS,h1-balance-hard-v0,0,avg_return,950000,43.12371203664024
1254,CQN_AS,h1-reach-v0,3000,avg_return,50000,945.3777896996214
1255,CQN_AS,h1-reach-v0,3000,avg_return,100000,707.3232340288307
1256,CQN_AS,h1-reach-v0,3000,avg_return,150000,1073.2274772015148
1257,CQN_AS,h1-reach-v0,3000,avg_return,200000,806.7286284831723
1258,CQN_AS,h1-reach-v0,3000,avg_return,250000,1383.4276175411421
1259,CQN_AS,h1-reach-v0,3000,avg_return,300000,1082.5602512502269
1260,CQN_AS,h1-reach-v0,3000,avg_return,350000,1113.4368585173436
1261,CQN_AS,h1-reach-v0,3000,avg_return,400000,1431.3301162648281
1262,CQN_AS,h1-reach-v0,3000,avg_return,450000,1376.7124009291242
1263,CQN_AS,h1-reach-v0,3000,avg_return,500000,1260.6881830655234
1264,CQN_AS,h1-reach-v0,3000,avg_return,550000,1171.722545766577
1265,CQN_AS,h1-reach-v0,3000,avg_return,600000,1675.027797018852
1266,CQN_AS,h1-reach-v0,3000,avg_return,650000,1335.1149623235453
1267,CQN_AS,h1-reach-v0,3000,avg_return,700000,1566.9568081002792
1268,CQN_AS,h1-reach-v0,3000,avg_return,750000,2245.191161606595
1269,CQN_AS,h1-reach-v0,3000,avg_return,800000,2219.124297798708
1270,CQN_AS,h1-reach-v0,3000,avg_return,850000,2718.5765084778886
1271,CQN_AS,h1-reach-v0,3000,avg_return,900000,2684.951974060959
1272,CQN_AS,h1-reach-v0,3000,avg_return,950000,2348.8605333715986
1273,CQN_AS,h1-reach-v0,0,avg_return,50000,474.22751578606193
1274,CQN_AS,h1-reach-v0,0,avg_return,100000,640.8079553569082
1275,CQN_AS,h1-reach-v0,0,avg_return,150000,256.8819726913026
1276,CQN_AS,h1-reach-v0,0,avg_return,200000,258.3022768832704
1277,CQN_AS,h1-reach-v0,0,avg_return,250000,1003.9729043493323
1278,CQN_AS,h1-reach-v0,0,avg_return,300000,720.8619929952607
1279,CQN_AS,h1-reach-v0,0,avg_return,350000,845.6970338489982
1280,CQN_AS,h1-reach-v0,0,avg_return,400000,1412.0834237788465
1281,CQN_AS,h1-reach-v0,0,avg_return,450000,1416.2212498463514
1282,CQN_AS,h1-reach-v0,0,avg_return,500000,1346.5447921968157
1283,CQN_AS,h1-reach-v0,0,avg_return,550000,1474.468390684247
1284,CQN_AS,h1-reach-v0,0,avg_return,600000,2049.544458541878
1285,CQN_AS,h1-reach-v0,0,avg_return,650000,1196.7519694662383
1286,CQN_AS,h1-reach-v0,0,avg_return,700000,1425.5766219232867
1287,CQN_AS,h1-reach-v0,0,avg_return,750000,1536.6548985998402
1288,CQN_AS,h1-reach-v0,0,avg_return,800000,1471.3154363743986
1289,CQN_AS,h1-reach-v0,0,avg_return,850000,2231.9546840788034
1290,CQN_AS,h1-reach-v0,0,avg_return,900000,946.5680873938236
1291,CQN_AS,h1-reach-v0,0,avg_return,950000,1178.285706772617
1292,CQN_AS,h1-maze-v0,0,avg_return,50000,116.28360776771447
1293,CQN_AS,h1-maze-v0,0,avg_return,100000,141.8173436974454
1294,CQN_AS,h1-maze-v0,0,avg_return,150000,129.9122118232134
1295,CQN_AS,h1-maze-v0,0,avg_return,200000,138.31785356511725
1296,CQN_AS,h1-maze-v0,0,avg_return,250000,123.26366755291482
1297,CQN_AS,h1-maze-v0,0,avg_return,300000,164.6080454363756
1298,CQN_AS,h1-maze-v0,0,avg_return,350000,154.2034760514011
1299,CQN_AS,h1-maze-v0,0,avg_return,400000,213.03241033247087
1300,CQN_AS,h1-maze-v0,0,avg_return,450000,137.56324443950345
1301,CQN_AS,h1-maze-v0,0,avg_return,500000,174.31936447321874
1302,CQN_AS,h1-maze-v0,0,avg_return,550000,141.28371368859484
1303,CQN_AS,h1-maze-v0,0,avg_return,600000,120.31014875359503
1304,CQN_AS,h1-maze-v0,0,avg_return,650000,156.69955312962642
1305,CQN_AS,h1-maze-v0,0,avg_return,700000,191.60746529778515
1306,CQN_AS,h1-maze-v0,0,avg_return,750000,145.07534625707405
1307,CQN_AS,h1-maze-v0,0,avg_return,800000,126.80830137867319
1308,CQN_AS,h1-maze-v0,0,avg_return,850000,186.82092521863925
1309,CQN_AS,h1-maze-v0,0,avg_return,900000,136.42434261676857
1310,CQN_AS,h1-maze-v0,0,avg_return,950000,156.78595684498384
1311,CQN_AS,h1-maze-v0,3000,avg_return,50000,118.08640349608713
1312,CQN_AS,h1-maze-v0,3000,avg_return,100000,110.53649416159737
1313,CQN_AS,h1-maze-v0,3000,avg_return,150000,121.65249331711497
1314,CQN_AS,h1-maze-v0,3000,avg_return,200000,124.32291835275676
1315,CQN_AS,h1-maze-v0,3000,avg_return,250000,116.2997373796835
1316,CQN_AS,h1-maze-v0,3000,avg_return,300000,117.60182761814433
1317,CQN_AS,h1-maze-v0,3000,avg_return,350000,120.29798072501974
1318,CQN_AS,h1-maze-v0,3000,avg_return,400000,119.08201746531589
1319,CQN_AS,h1-maze-v0,3000,avg_return,450000,111.92623083144456
1320,CQN_AS,h1-maze-v0,3000,avg_return,500000,114.82684386237864
1321,CQN_AS,h1-maze-v0,3000,avg_return,550000,110.69541830483236
1322,CQN_AS,h1-maze-v0,3000,avg_return,600000,116.12980395165582
1323,CQN_AS,h1-maze-v0,3000,avg_return,650000,130.66678488608517
1324,CQN_AS,h1-maze-v0,3000,avg_return,700000,127.50788115124001
1325,CQN_AS,h1-maze-v0,3000,avg_return,750000,119.41872316389848
1326,CQN_AS,h1-maze-v0,3000,avg_return,800000,114.58310872748496
1327,CQN_AS,h1-maze-v0,3000,avg_return,850000,115.82483752545383
1328,CQN_AS,h1-maze-v0,3000,avg_return,900000,116.12417266643422
1329,CQN_AS,h1-maze-v0,3000,avg_return,950000,117.48233769739434
